ISO-10303-21;
HEADER;
FILE_DESCRIPTION(('ViewDefinition [CoordinationView_V2.0]','RevitIdentifiers [ContentGUID: aa5af1de-30e9-4077-9468-6d99e7a596e2, VersionGUID: addbb1b9-875b-41ca-8d2e-4f71f4432cf1, NumberOfSaves: 13]','CoordinateReference [CoordinateBase: Shared Coordinates, ProjectSite: Default Site]'),'2;1');
FILE_NAME('Cosquin simple.ifc','2025-10-14T03:04:25-03:00',(''),(''),'ODA SDAI 24.12','Autodesk Revit 25.4.20.11 (ENU) - IFC 25.4.20.11','');
FILE_SCHEMA(('IFC2X3'));
ENDSEC;

DATA;
#1=IFCORGANIZATION($,'Autodesk Revit 2025 (ENU)',$,$,$);
#2=IFCAPPLICATION(#1,'2025','Autodesk Revit 2025 (ENU)','Revit');
#3=IFCCARTESIANPOINT((0.,0.,0.));
#4=IFCCARTESIANPOINT((0.,0.));
#5=IFCDIRECTION((1.,0.,0.));
#6=IFCDIRECTION((-1.,0.,0.));
#7=IFCDIRECTION((0.,1.,0.));
#8=IFCDIRECTION((0.,-1.,0.));
#9=IFCDIRECTION((0.,0.,1.));
#10=IFCDIRECTION((0.,0.,-1.));
#11=IFCDIRECTION((1.,0.));
#12=IFCDIRECTION((-1.,0.));
#13=IFCDIRECTION((0.,1.));
#14=IFCDIRECTION((0.,-1.));
#15=IFCPERSON($,'','rsalasNUXU7',$,$,$,$,$);
#16=IFCORGANIZATION($,'Organization Name','Organization Description',$,$);
#17=IFCPERSONANDORGANIZATION(#15,#16,$);
#18=IFCOWNERHISTORY(#17,#2,$,.NOCHANGE.,$,$,$,1760420704);
#19=IFCSIUNIT(*,.LENGTHUNIT.,$,.METRE.);
#20=IFCAXIS2PLACEMENT3D(#3,$,$);
#21=IFCDIRECTION((6.123233995736766E-017,1.));
#22=IFCGEOMETRICREPRESENTATIONCONTEXT($,'Model',3,1.0000000000000001E-005,#20,#21);
#23=IFCGEOMETRICREPRESENTATIONSUBCONTEXT('Axis','Model',*,*,*,*,#22,$,.GRAPH_VIEW.,$);
#24=IFCGEOMETRICREPRESENTATIONSUBCONTEXT('Body','Model',*,*,*,*,#22,$,.MODEL_VIEW.,$);
#25=IFCGEOMETRICREPRESENTATIONSUBCONTEXT('Box','Model',*,*,*,*,#22,$,.MODEL_VIEW.,$);
#26=IFCGEOMETRICREPRESENTATIONSUBCONTEXT('FootPrint','Model',*,*,*,*,#22,$,.MODEL_VIEW.,$);
#27=IFCPROJECT('2gMl7UCEb0TvHeRPaOMcaI',#18,'Project Number',$,$,'Project Name','Project Status',(#22),#16055);
#28=IFCCLASSIFICATION('CSI (Construction Specifications Institute)','1998',$,'Uniformat');
#29=IFCAXIS2PLACEMENT3D(#3,$,$);
#30=IFCLOCALPLACEMENT(#53,#29);
#31=IFCPOSTALADDRESS($,$,$,$,('Enter address here\X\0D\X\0AAddress Line 2'),$,'','Boston','','MA');
#32=IFCBUILDING('2gMl7UCEb0TvHeRPaOMcaJ',#18,'Building Name',$,$,#30,$,'Building Name',.ELEMENT.,$,$,#31);
#33=IFCAXIS2PLACEMENT3D(#3,$,$);
#34=IFCLOCALPLACEMENT(#30,#33);
#35=IFCBUILDINGSTOREY('2JF4e6axWHqu3u0C1FZlmi',#18,'L1',$,'Level:8mm Head',#34,$,'L1',.ELEMENT.,0.);
#36=IFCCARTESIANPOINT((0.,0.,1.7999999999999998));
#37=IFCAXIS2PLACEMENT3D(#36,$,$);
#38=IFCLOCALPLACEMENT(#30,#37);
#39=IFCBUILDINGSTOREY('1ZGO8hrFCHqw0v0026FpFv',#18,'L2',$,'Level:8mm Head',#38,$,'L2',.ELEMENT.,1.7999999999999998);
#40=IFCCARTESIANPOINT((0.,0.,3.5999999999999996));
#41=IFCAXIS2PLACEMENT3D(#40,$,$);
#42=IFCLOCALPLACEMENT(#30,#41);
#43=IFCBUILDINGSTOREY('3tfz9BOuv7FPSfJtwQ7hCt',#18,'L3',$,'Level:8mm Head',#42,$,'L3',.ELEMENT.,3.5999999999999996);
#44=IFCCARTESIANPOINT((0.,0.,5.4000000000000004));
#45=IFCAXIS2PLACEMENT3D(#44,$,$);
#46=IFCLOCALPLACEMENT(#30,#45);
#47=IFCBUILDINGSTOREY('3tfz9BOuv7FPSfJtwQ7gdd',#18,'L4',$,'Level:8mm Head',#46,$,'L4',.ELEMENT.,5.4000000000000004);
#48=IFCCARTESIANPOINT((0.,0.,7.2000000000000002));
#49=IFCAXIS2PLACEMENT3D(#48,$,$);
#50=IFCLOCALPLACEMENT(#30,#49);
#51=IFCBUILDINGSTOREY('1RWt3Rffz2MRhkI7Tvrsb3',#18,'L5',$,'Level:8mm Head',#50,$,'L5',.ELEMENT.,7.2000000000000002);
#52=IFCAXIS2PLACEMENT3D(#3,$,$);
#53=IFCLOCALPLACEMENT($,#52);
#54=IFCSITE('2gMl7UCEb0TvHeRPaOMcaG',#18,'Default',$,$,#53,$,$,.ELEMENT.,(42,21,31,401672),(-71,-3,-24,-345703),0.,$,$);
#55=IFCAXIS2PLACEMENT3D(#3,$,$);
#57=IFCCARTESIANPOINT((-0.30499999999991129,-0.,1.8499999999999719));
#58=IFCCARTESIANPOINT((-0.30499999999991129,-0.0025881904510558244,1.8496592582628626));
#59=IFCCARTESIANPOINT((-0.30499999999991129,-0.0050000000000306258,1.8486602540378163));
#60=IFCCARTESIANPOINT((-0.30499999999991129,-0.0070710678118960577,1.8470710678118376));
#61=IFCCARTESIANPOINT((-0.30499999999991129,-0.0086602540378749419,1.844999999999972));
#62=IFCCARTESIANPOINT((-0.30499999999991129,-0.0096592582629212356,1.8425881904509973));
#63=IFCCARTESIANPOINT((-0.30499999999991129,-0.010000000000030556,1.8399999999999721));
#64=IFCCARTESIANPOINT((-0.30499999999991129,-0.0096592582629212668,1.8374118095489469));
#65=IFCCARTESIANPOINT((-0.30499999999991129,-0.0086602540378749888,1.8349999999999722));
#66=IFCCARTESIANPOINT((-0.30499999999991129,-0.0070710678118960854,1.8329289321881066));
#67=IFCCARTESIANPOINT((-0.30499999999991129,-0.0050000000000305009,1.8313397459621277));
#68=IFCCARTESIANPOINT((-0.30499999999991129,-0.0025881904510557147,1.8303407417370816));
#69=IFCCARTESIANPOINT((-0.30499999999991129,-0.,1.8299999999999723));
#70=IFCCARTESIANPOINT((-0.30499999999991129,0.0025881904509948046,1.8303407417370816));
#71=IFCCARTESIANPOINT((-0.30499999999991129,0.0049999999999695939,1.8313397459621279));
#72=IFCCARTESIANPOINT((-0.30499999999991129,0.0070710678118350023,1.8329289321881066));
#73=IFCCARTESIANPOINT((-0.30499999999991129,0.008660254037813871,1.8349999999999722));
#74=IFCCARTESIANPOINT((-0.30499999999991129,0.0096592582628601421,1.8374118095489469));
#75=IFCCARTESIANPOINT((-0.30499999999991129,0.0099999999999694448,1.8399999999999721));
#76=IFCCARTESIANPOINT((-0.30499999999991129,0.0096592582628600692,1.8425881904509975));
#77=IFCCARTESIANPOINT((-0.30499999999991129,0.0086602540378137235,1.8449999999999722));
#78=IFCCARTESIANPOINT((-0.30499999999991129,0.0070710678118347794,1.8470710678118378));
#79=IFCCARTESIANPOINT((-0.30499999999991129,0.0049999999999693172,1.8486602540378165));
#80=IFCCARTESIANPOINT((-0.30499999999991129,0.0025881904509945162,1.849659258262863));
#81=IFCCARTESIANPOINT((-0.35459999999999359,-0.,1.8499999999999719));
#82=IFCCARTESIANPOINT((-0.3548347171423078,-0.0034450745554832868,1.8493878358159295));
#83=IFCCARTESIANPOINT((-0.35542941704971198,-0.0064378920062128668,1.8476520289150202));
#84=IFCCARTESIANPOINT((-0.35611810254902065,-0.0086495649683468318,1.845018468477394));
#85=IFCCARTESIANPOINT((-0.35658576614082571,-0.0098454889563036919,1.8417510988583761));
#86=IFCCARTESIANPOINT((-0.35658556262076124,-0.0098450049372516158,1.8382461819403968));
#87=IFCCARTESIANPOINT((-0.35611792631776423,-0.0086490783692256806,1.8349806929398769));
#88=IFCCARTESIANPOINT((-0.35542857939044559,-0.0064346941830214985,1.8323452817967081));
#89=IFCCARTESIANPOINT((-0.35483461544209077,-0.0034443315829115074,1.8306118915671106));
#90=IFCCARTESIANPOINT((-0.35459999999999359,-0.,1.8299999999999723));
#91=IFCCARTESIANPOINT((-0.35483461544209027,0.0034443315828578684,1.8306118915671132));
#92=IFCCARTESIANPOINT((-0.35542857939044403,0.0064346941829646724,1.8323452817967116));
#93=IFCCARTESIANPOINT((-0.35611792631776107,0.0086490783691663374,1.83498069293988));
#94=IFCCARTESIANPOINT((-0.35658556262075691,0.0098450049371907097,1.8382461819403979));
#95=IFCCARTESIANPOINT((-0.35658576614082138,0.0098454889562428118,1.841751098858375));
#96=IFCCARTESIANPOINT((-0.35611810254901749,0.008649564968287532,1.8450184684773907));
#97=IFCCARTESIANPOINT((-0.35542941704971043,0.0064378920061562038,1.8476520289150165));
#98=IFCCARTESIANPOINT((-0.35483471714230724,0.0034450745554296227,1.8493878358159268));
#99=IFCCARTESIANPOINT((-0.30499999999991129,-0.,1.3999999999999719));
#100=IFCCARTESIANPOINT((-0.30499999999991129,-0.0025881904510496015,1.3996592582628626));
#101=IFCCARTESIANPOINT((-0.30499999999991129,-0.0050000000000244042,1.3986602540378164));
#102=IFCCARTESIANPOINT((-0.30499999999991129,-0.0070710678118898352,1.3970710678118374));
#103=IFCCARTESIANPOINT((-0.30499999999991129,-0.0086602540378687195,1.394999999999972));
#104=IFCCARTESIANPOINT((-0.30499999999991129,-0.0096592582629150131,1.3925881904509971));
#105=IFCCARTESIANPOINT((-0.30499999999991129,-0.010000000000024333,1.3899999999999721));
#106=IFCCARTESIANPOINT((-0.30499999999991129,-0.0096592582629150443,1.3874118095489469));
#107=IFCCARTESIANPOINT((-0.30499999999991129,-0.0086602540378687663,1.384999999999972));
#108=IFCCARTESIANPOINT((-0.30499999999991129,-0.007071067811889863,1.3829289321881066));
#109=IFCCARTESIANPOINT((-0.30499999999991129,-0.0050000000000242793,1.3813397459621275));
#110=IFCCARTESIANPOINT((-0.30499999999991129,-0.0025881904510494918,1.3803407417370814));
#111=IFCCARTESIANPOINT((-0.30499999999991129,-0.,1.3799999999999721));
#112=IFCCARTESIANPOINT((-0.30499999999991129,0.0025881904510010275,1.3803407417370814));
#113=IFCCARTESIANPOINT((-0.30499999999991129,0.0049999999999758163,1.3813397459621277));
#114=IFCCARTESIANPOINT((-0.30499999999991129,0.0070710678118412248,1.3829289321881066));
#115=IFCCARTESIANPOINT((-0.30499999999991129,0.0086602540378200935,1.384999999999972));
#116=IFCCARTESIANPOINT((-0.30499999999991129,0.0096592582628663645,1.3874118095489469));
#117=IFCCARTESIANPOINT((-0.30499999999991129,0.0099999999999756672,1.3899999999999721));
#118=IFCCARTESIANPOINT((-0.30499999999991129,0.0096592582628662917,1.3925881904509976));
#119=IFCCARTESIANPOINT((-0.30499999999991129,0.008660254037819946,1.3949999999999723));
#120=IFCCARTESIANPOINT((-0.30499999999991129,0.0070710678118410019,1.3970710678118377));
#121=IFCCARTESIANPOINT((-0.30499999999991129,0.0049999999999755396,1.3986602540378166));
#122=IFCCARTESIANPOINT((-0.30499999999991129,0.0025881904510007391,1.3996592582628629));
#123=IFCCARTESIANPOINT((-0.35459999999999359,-0.,1.3999999999999719));
#124=IFCCARTESIANPOINT((-0.35483471714230747,-0.0034450745554815707,1.3993878358159277));
#125=IFCCARTESIANPOINT((-0.35542941704971104,-0.0064378920062092646,1.3976520289150181));
#126=IFCCARTESIANPOINT((-0.35611810254901877,-0.0086495649683416206,1.3950184684773921));
#127=IFCCARTESIANPOINT((-0.35658576614082321,-0.0098454889562975961,1.3917510988583754));
#128=IFCCARTESIANPOINT((-0.35658556262075874,-0.0098450049372454732,1.3882461819403971));
#129=IFCCARTESIANPOINT((-0.35611792631776235,-0.0086490783692204313,1.3849806929398787));
#130=IFCCARTESIANPOINT((-0.35542857939044475,-0.0064346941830180507,1.3823452817967101));
#131=IFCCARTESIANPOINT((-0.35483461544209055,-0.0034443315829096959,1.3806118915671119));
#132=IFCCARTESIANPOINT((-0.35459999999999359,-0.,1.3799999999999721));
#133=IFCCARTESIANPOINT((-0.35483461544209055,0.0034443315828595195,1.3806118915671113));
#134=IFCCARTESIANPOINT((-0.35542857939044498,0.0064346941829683882,1.3823452817967095));
#135=IFCCARTESIANPOINT((-0.35611792631776296,0.0086490783691714028,1.3849806929398778));
#136=IFCCARTESIANPOINT((-0.35658556262075958,0.0098450049371968489,1.3882461819403973));
#137=IFCCARTESIANPOINT((-0.35658576614082399,0.0098454889562488695,1.3917510988583757));
#138=IFCCARTESIANPOINT((-0.35611810254901938,0.008649564968292606,1.3950184684773925));
#139=IFCCARTESIANPOINT((-0.35542941704971137,0.006437892006159786,1.3976520289150189));
#140=IFCCARTESIANPOINT((-0.35483471714230752,0.0034450745554313509,1.3993878358159284));
#141=IFCCARTESIANPOINT((-0.30499999999991129,-0.,0.38999999999997187));
#142=IFCCARTESIANPOINT((-0.30499999999991129,-0.0025881904510356179,0.38965925826286252));
#143=IFCCARTESIANPOINT((-0.30499999999991129,-0.0050000000000104067,0.38866025403781618));
#144=IFCCARTESIANPOINT((-0.30499999999991129,-0.0070710678118758689,0.38707106781183731));
#145=IFCCARTESIANPOINT((-0.30499999999991129,-0.0086602540378547532,0.38499999999997181));
#146=IFCCARTESIANPOINT((-0.30499999999991129,-0.0096592582629010625,0.38258819045099696));
#147=IFCCARTESIANPOINT((-0.30499999999991129,-0.010000000000010369,0.3799999999999718));
#148=IFCCARTESIANPOINT((-0.30499999999991129,-0.0096592582629010451,0.3774118095489466));
#149=IFCCARTESIANPOINT((-0.30499999999991129,-0.0086602540378547411,0.3749999999999718));
#150=IFCCARTESIANPOINT((-0.30499999999991129,-0.0070710678118758282,0.37292893218810635));
#151=IFCCARTESIANPOINT((-0.30499999999991129,-0.0050000000000103434,0.37133974596212743));
#152=IFCCARTESIANPOINT((-0.30499999999991129,-0.0025881904510355602,0.37034074173708115));
#153=IFCCARTESIANPOINT((-0.30499999999991129,-0.,0.3699999999999718));
#154=IFCCARTESIANPOINT((-0.30499999999991129,0.0025881904510149179,0.3703407417370812));
#155=IFCCARTESIANPOINT((-0.30499999999991129,0.0049999999999896993,0.37133974596212743));
#156=IFCCARTESIANPOINT((-0.30499999999991129,0.0070710678118551477,0.37292893218810641));
#157=IFCCARTESIANPOINT((-0.30499999999991129,0.0086602540378340545,0.37499999999997186));
#158=IFCCARTESIANPOINT((-0.30499999999991129,0.0096592582628803273,0.37741180954894665));
#159=IFCCARTESIANPOINT((-0.30499999999991129,0.0099999999999896335,0.37999999999997192));
#160=IFCCARTESIANPOINT((-0.30499999999991129,0.00965925826288031,0.38258819045099707));
#161=IFCCARTESIANPOINT((-0.30499999999991129,0.0086602540378340007,0.38499999999997181));
#162=IFCCARTESIANPOINT((-0.30499999999991129,0.0070710678118550826,0.38707106781183731));
#163=IFCCARTESIANPOINT((-0.30499999999991129,0.0049999999999895883,0.38866025403781618));
#164=IFCCARTESIANPOINT((-0.30499999999991129,0.0025881904510147938,0.38965925826286252));
#165=IFCCARTESIANPOINT((-0.35459999999999359,-0.,0.38999999999997187));
#166=IFCCARTESIANPOINT((-0.35483471714230691,-0.0034450745554775722,0.38938783581592384));
#167=IFCCARTESIANPOINT((-0.35542941704970893,-0.0064378920062012016,0.38765202891501288));
#168=IFCCARTESIANPOINT((-0.35611810254901466,-0.0086495649683301454,0.38501846847738758));
#169=IFCCARTESIANPOINT((-0.35658576614081738,-0.0098454889562839421,0.38175109885837333));
#170=IFCCARTESIANPOINT((-0.35658556262075297,-0.0098450049372318365,0.37824618194039866));
#171=IFCCARTESIANPOINT((-0.35611792631775813,-0.0086490783692088347,0.37498069293988245));
#172=IFCCARTESIANPOINT((-0.35542857939044259,-0.0064346941830097744,0.37234528179671483));
#173=IFCCARTESIANPOINT((-0.35483461544209,-0.0034443315829058275,0.37061189156711549));
#174=IFCCARTESIANPOINT((-0.35459999999999359,-0.,0.3699999999999718));
#175=IFCCARTESIANPOINT((-0.35483461544209111,0.0034443315828634608,0.3706118915671075));
#176=IFCCARTESIANPOINT((-0.35542857939044709,0.0064346941829765353,0.37234528179670434));
#177=IFCCARTESIANPOINT((-0.35611792631776706,0.0086490783691830237,0.37498069293987368));
#178=IFCCARTESIANPOINT((-0.35658556262076524,0.0098450049372105029,0.37824618194039528));
#179=IFCCARTESIANPOINT((-0.35658576614082976,0.0098454889562625946,0.38175109885837677));
#180=IFCCARTESIANPOINT((-0.3561181025490236,0.0086495649683043189,0.38501846847739635));
#181=IFCCARTESIANPOINT((-0.35542941704971348,0.0064378920061678576,0.38765202891502348));
#182=IFCCARTESIANPOINT((-0.35483471714230808,0.0034450745554352054,0.38938783581593184));
#183=IFCCARTESIANPOINT((-0.40539999999999354,-0.,1.8899999999999979));
#184=IFCCARTESIANPOINT((-0.40453451598773593,-0.0065740037456292564,1.8899999999999979));
#185=IFCCARTESIANPOINT((-0.40199704525611835,-0.012700000000025231,1.8899999999999979));
#186=IFCCARTESIANPOINT((-0.39796051224213191,-0.017960512242163558,1.8899999999999979));
#187=IFCCARTESIANPOINT((-0.39269999999999361,-0.021997045256150007,1.8899999999999979));
#188=IFCCARTESIANPOINT((-0.38657400374559769,-0.024534515987767624,1.8899999999999979));
#189=IFCCARTESIANPOINT((-0.37999999999999368,-0.025400000000025316,1.8899999999999979));
#190=IFCCARTESIANPOINT((-0.3734259962543896,-0.024534515987767683,1.8899999999999979));
#191=IFCCARTESIANPOINT((-0.36729999999999363,-0.021997045256150125,1.8899999999999979));
#192=IFCCARTESIANPOINT((-0.36203948775785533,-0.017960512242163724,1.8899999999999979));
#193=IFCCARTESIANPOINT((-0.35800295474386884,-0.012700000000025444,1.8899999999999979));
#194=IFCCARTESIANPOINT((-0.35546548401225125,-0.006574003745629494,1.8899999999999979));
#195=IFCCARTESIANPOINT((-0.35459999999999359,-0.,1.8899999999999979));
#196=IFCCARTESIANPOINT((-0.35546548401225125,0.0065740037455787066,1.8899999999999979));
#197=IFCCARTESIANPOINT((-0.35800295474386878,0.012699999999974673,1.8899999999999979));
#198=IFCCARTESIANPOINT((-0.36203948775785527,0.01796051224211298,1.8899999999999979));
#199=IFCCARTESIANPOINT((-0.36729999999999352,0.021997045256099412,1.8899999999999979));
#200=IFCCARTESIANPOINT((-0.37342599625438949,0.024534515987717009,1.8899999999999979));
#201=IFCCARTESIANPOINT((-0.37999999999999345,0.025399999999974682,1.8899999999999979));
#202=IFCCARTESIANPOINT((-0.38657400374559753,0.024534515987717029,1.8899999999999979));
#203=IFCCARTESIANPOINT((-0.3926999999999935,0.02199704525609945,1.8899999999999979));
#204=IFCCARTESIANPOINT((-0.39796051224213186,0.017960512242113032,1.8899999999999979));
#205=IFCCARTESIANPOINT((-0.40199704525611824,0.01269999999997474,1.8899999999999979));
#206=IFCCARTESIANPOINT((-0.40453451598773582,0.0065740037455787837,1.8899999999999979));
#207=IFCCARTESIANPOINT((-0.40539999999999354,-0.,-0.));
#208=IFCCARTESIANPOINT((-0.40453451598773582,0.0065740037455787837,-0.));
#209=IFCCARTESIANPOINT((-0.40199704525611824,0.01269999999997474,-0.));
#210=IFCCARTESIANPOINT((-0.39796051224213186,0.017960512242113032,-0.));
#211=IFCCARTESIANPOINT((-0.3926999999999935,0.02199704525609945,-0.));
#212=IFCCARTESIANPOINT((-0.38657400374559753,0.024534515987717029,-0.));
#213=IFCCARTESIANPOINT((-0.37999999999999345,0.025399999999974682,-0.));
#214=IFCCARTESIANPOINT((-0.37342599625438949,0.024534515987717009,-0.));
#215=IFCCARTESIANPOINT((-0.36729999999999352,0.021997045256099412,-0.));
#216=IFCCARTESIANPOINT((-0.36203948775785527,0.01796051224211298,-0.));
#217=IFCCARTESIANPOINT((-0.35800295474386878,0.012699999999974673,-0.));
#218=IFCCARTESIANPOINT((-0.35546548401225125,0.0065740037455787066,-0.));
#219=IFCCARTESIANPOINT((-0.35459999999999359,-0.,-0.));
#220=IFCCARTESIANPOINT((-0.35546548401225125,-0.006574003745629494,-0.));
#221=IFCCARTESIANPOINT((-0.35800295474386884,-0.012700000000025444,-0.));
#222=IFCCARTESIANPOINT((-0.36203948775785533,-0.017960512242163724,-0.));
#223=IFCCARTESIANPOINT((-0.36729999999999363,-0.021997045256150125,-0.));
#224=IFCCARTESIANPOINT((-0.3734259962543896,-0.024534515987767683,-0.));
#225=IFCCARTESIANPOINT((-0.37999999999999368,-0.025400000000025316,-0.));
#226=IFCCARTESIANPOINT((-0.38657400374559769,-0.024534515987767624,-0.));
#227=IFCCARTESIANPOINT((-0.39269999999999361,-0.021997045256150007,-0.));
#228=IFCCARTESIANPOINT((-0.39796051224213191,-0.017960512242163558,-0.));
#229=IFCCARTESIANPOINT((-0.40199704525611835,-0.012700000000025231,-0.));
#230=IFCCARTESIANPOINT((-0.40453451598773593,-0.0065740037456292564,-0.));
#231=IFCCARTESIANPOINT((-0.35503274200612245,-0.0032870018728276308,1.8899999999999979));
#232=IFCCARTESIANPOINT((-0.3567342193780601,-0.0096370018728276132,1.8899999999999979));
#233=IFCCARTESIANPOINT((-0.35609985169515573,-0.0081055028092286308,1.8899999999999979));
#234=IFCCARTESIANPOINT((-0.35459999999999359,-0.,1.0280461051410965));
#235=IFCCARTESIANPOINT((-0.3616491640922016,-0.017561515352787289,0.37768783280441248));
#236=IFCCARTESIANPOINT((-0.3641406224569565,-0.019840366527572463,1.3868465162725514));
#237=IFCCARTESIANPOINT((-0.35658208893635351,-0.0098367393691174212,0.97275820577652761));
#238=IFCCARTESIANPOINT((-0.35876394793344085,-0.013935210534016645,0.37884326138826191));
#239=IFCCARTESIANPOINT((-0.35973713930299672,-0.015315889669714837,1.3884225965033019));
#240=IFCCARTESIANPOINT((-0.35651190436758001,-0.0096679555006778713,0.67724964679283195));
#241=IFCCARTESIANPOINT((-0.35647002957539242,-0.0095655889425523798,1.6149980489143252));
#242=IFCCARTESIANPOINT((-0.35646243756397494,-0.0095468924038667642,0.16772301801701525));
#243=IFCCARTESIANPOINT((-0.35646083314138971,-0.0095429357958277602,1.1805137541477522));
#244=IFCCARTESIANPOINT((-0.39546254029594941,-0.020151174844086933,0.94500000003166129));
#245=IFCCARTESIANPOINT((-0.37668463471642605,-0.025182699478764989,0.80097103973983186));
#246=IFCCARTESIANPOINT((-0.40539999999999354,-0.,0.94499946937865431));
#247=IFCCARTESIANPOINT((-0.35459999999999359,-0.,0.74195389485884755));
#248=IFCCARTESIANPOINT((-0.3833153652661701,-0.02518269948105455,1.3201787491765926));
#249=IFCCARTESIANPOINT((-0.40539999999999354,-0.,0.35195264723899838));
#250=IFCCARTESIANPOINT((-0.40539999999999354,-0.,1.5380473527609977));
#251=IFCCARTESIANPOINT((-0.38972015918028602,-0.023466540126549633,0.50166381633871393));
#252=IFCCARTESIANPOINT((-0.40015117484183022,-0.015462540298880785,0.50166381650447567));
#253=IFCCARTESIANPOINT((-0.40015117483101487,-0.015462540312975646,1.3883361840362523));
#254=IFCCARTESIANPOINT((-0.35459999999999359,-0.,1.6540231116176873));
#255=IFCCARTESIANPOINT((-0.3702798408167528,-0.023466540125328412,0.40861603882897696));
#256=IFCCARTESIANPOINT((-0.36014967598411779,-0.015846912521546571,0.65664848126168018));
#257=IFCCARTESIANPOINT((-0.36176009086375127,-0.017676699768410371,1.0267733632366409));
#258=IFCCARTESIANPOINT((-0.35459999999999359,-0.,0.19402363769698941));
#259=IFCCARTESIANPOINT((-0.37668463470876756,-0.025182699477756733,1.5567236697571569));
#260=IFCCARTESIANPOINT((-0.38972015917191827,-0.023466540130015662,1.5567236697106039));
#261=IFCCARTESIANPOINT((-0.3833153652810174,-0.025182699479099863,0.30576871159307306));
#262=IFCCARTESIANPOINT((-0.39546254029538858,-0.020151174844517231,0.3057687116788283));
#263=IFCCARTESIANPOINT((-0.40346654012484456,-0.0097201591843575023,0.30576871179527049));
#264=IFCCARTESIANPOINT((-0.40346654012031291,-0.0097201591952979245,1.5842312885815295));
#265=IFCCARTESIANPOINT((-0.40415361377160225,-0.0078589402448644759,0.70325973946489906));
#266=IFCCARTESIANPOINT((-0.40415361376676678,-0.0078589402597259318,1.1867402605307058));
#267=IFCCARTESIANPOINT((-0.36010542700495296,-0.015791325636114351,0.18238707295571818));
#268=IFCCARTESIANPOINT((-0.37448795121346662,-0.024794703429890076,1.178847354662574));
#269=IFCCARTESIANPOINT((-0.3551431697286408,-0.0052247477318454402,1.0647368849415));
#270=IFCCARTESIANPOINT((-0.35519712217873378,-0.005475148562727363,0.82962112868790294));
#271=IFCCARTESIANPOINT((-0.37027984081227255,-0.023466540123472632,1.6406682742009857));
#272=IFCCARTESIANPOINT((-0.38331536527497889,-0.025182699479894852,1.6406682741830296));
#273=IFCCARTESIANPOINT((-0.39546254028945577,-0.020151174849069649,1.6406682741518306));
#274=IFCCARTESIANPOINT((-0.39450590099975996,-0.020850391751380388,1.316970827638873));
#275=IFCCARTESIANPOINT((-0.36182230159594198,-0.017740667426346689,1.6224021736630665));
#276=IFCCARTESIANPOINT((-0.35863919328912852,-0.013743214204172126,1.0882804462047009));
#277=IFCCARTESIANPOINT((-0.35886561354219104,-0.014088921500702857,0.86366304997264487));
#278=IFCCARTESIANPOINT((-0.37668463471656577,-0.025182699478783384,0.24301720923551337));
#279=IFCCARTESIANPOINT((-0.37859488296129029,-0.025361104985958907,0.52199412450731164));
#280=IFCCARTESIANPOINT((-0.38450597255581753,-0.024997124061128036,0.7403147600311023));
#281=IFCCARTESIANPOINT((-0.3653583783023861,-0.02075531050274124,0.59918650989859745));
#282=IFCCARTESIANPOINT((-0.36388192983567164,-0.019630787405985256,0.1956403175065127));
#283=IFCCARTESIANPOINT((-0.38972015918086311,-0.023466540126310591,0.23251964034647901));
#284=IFCCARTESIANPOINT((-0.40015117484233553,-0.015462540298222234,0.23251964042341669));
#285=IFCCARTESIANPOINT((-0.40015117483747187,-0.015462540304560698,1.6574803598520282));
#286=IFCCARTESIANPOINT((-0.36558222959013903,-0.020911429803095311,0.38823056688631846));
#287=IFCCARTESIANPOINT((-0.3550311591956597,-0.0046601490199423565,0.60795005285284864));
#288=IFCCARTESIANPOINT((-0.38177272781291705,-0.025338062990342618,1.0228092687529236));
#289=IFCCARTESIANPOINT((-0.38913953061744444,-0.02369871262524352,1.1125612844178123));
#290=IFCCARTESIANPOINT((-0.35508784717329267,-0.0049542548924486202,0.18435862483559406));
#291=IFCCARTESIANPOINT((-0.36876990587821878,-0.022782558811890129,0.91932396750786516));
#292=IFCCARTESIANPOINT((-0.3608182998912367,-0.016649996424581041,1.2099148981018308));
#293=IFCCARTESIANPOINT((-0.35507381984677167,-0.0048831898354839394,1.6387059390019021));
#294=IFCCARTESIANPOINT((-0.36192077597720385,-0.017841010586137969,0.82584395552585865));
#295=IFCCARTESIANPOINT((-0.37083847661395636,-0.023690219273959711,0.67168950471261446));
#296=IFCCARTESIANPOINT((-0.37200940935717786,-0.024110380776341287,1.403982191733157));
#297=IFCCARTESIANPOINT((-0.36825941627273062,-0.022523736229681544,1.1895810989968445));
#298=IFCCARTESIANPOINT((-0.36423178805802081,-0.019912897633293757,1.1693332623299779));
#299=IFCCARTESIANPOINT((-0.3954625402950307,-0.020151174844791845,0.59129833101133977));
#300=IFCCARTESIANPOINT((-0.39111258098093521,-0.022840108229672841,0.76814916543258815));
#301=IFCCARTESIANPOINT((-0.39918570281365529,-0.016645383971140366,0.76814916562427948));
#302=IFCCARTESIANPOINT((-0.40040158787843849,-0.015130605144502821,1.0734163474602183));
#303=IFCCARTESIANPOINT((-0.3702798408172277,-0.023466540125525123,0.18182578356861126));
#304=IFCCARTESIANPOINT((-0.36780556376100254,-0.02228128642637834,1.4747820159253255));
#305=IFCCARTESIANPOINT((-0.36573309561069162,-0.021014648204230817,1.6622905200374867));
#306=IFCCARTESIANPOINT((-0.37663715976172557,-0.025176403745037941,1.3573054698864107));
#307=IFCCARTESIANPOINT((-0.40199238798873921,-0.012708063210148019,0.67375633060065598));
#308=IFCCARTESIANPOINT((-0.40288343890061284,-0.011023076888155178,0.91406088161677157));
#309=IFCCARTESIANPOINT((-0.40343166706809169,-0.0098039266832376896,0.51350058479808491));
#310=IFCCARTESIANPOINT((-0.40539999999999354,-0.,0.64847552768748284));
#311=IFCCARTESIANPOINT((-0.40498368953446151,-0.0045798752434478302,0.5279937286856704));
#312=IFCCARTESIANPOINT((-0.40476752261976173,-0.0056329231558362143,0.91670010126759172));
#313=IFCCARTESIANPOINT((-0.40497008569936582,-0.0046534739889934834,0.21852789962445471));
#314=IFCCARTESIANPOINT((-0.4049700856993953,-0.0046534739888352558,1.6714721005104087));
#315=IFCCARTESIANPOINT((-0.40539999999999354,-0.,1.2415234110698261));
#316=IFCCARTESIANPOINT((-0.40483749509523748,-0.005315904193455929,1.4289647426642005));
#317=IFCCARTESIANPOINT((-0.40332315090191767,-0.010059355446875501,1.3741965684579611));
#318=IFCCARTESIANPOINT((-0.35875885337473451,-0.013927443772816068,1.5804015567394119));
#319=IFCCARTESIANPOINT((-0.38456379341447894,-0.024986632219472168,0.51999360829381525));
#320=IFCCARTESIANPOINT((-0.37685873974117728,-0.025205009105089764,1.0025819925443786));
#321=IFCCARTESIANPOINT((-0.38865306071338096,-0.023880631069794621,1.3365894821077391));
#322=IFCCARTESIANPOINT((-0.39353456060954334,-0.021493619264970492,1.1216788058173681));
#323=IFCCARTESIANPOINT((-0.39744049604385912,-0.018465890115151356,1.1760201967120727));
#324=IFCCARTESIANPOINT((-0.38643064897965806,-0.024572479600186544,0.93586638683035583));
#325=IFCCARTESIANPOINT((-0.35673421937805999,0.0096370018727766939,1.8899999999999979));
#326=IFCCARTESIANPOINT((-0.35503274200612239,0.0032870018727767002,1.8899999999999979));
#327=IFCCARTESIANPOINT((-0.35609985169515562,0.0081055028091777028,1.8899999999999979));
#328=IFCCARTESIANPOINT((-0.36164916394495955,0.017561515198876616,0.37768782714412236));
#329=IFCCARTESIANPOINT((-0.3641406225761728,0.019840366622817258,1.3868465136914343));
#330=IFCCARTESIANPOINT((-0.35660650082068346,0.009894654928147683,0.83772188408358828));
#331=IFCCARTESIANPOINT((-0.35876394787686794,0.01393521044775383,0.37884325822061782));
#332=IFCCARTESIANPOINT((-0.35973713935190649,0.015315889734371532,1.3884225952968807));
#333=IFCCARTESIANPOINT((-0.35649986686582247,0.0096386587591712671,1.1129433026600029));
#334=IFCCARTESIANPOINT((-0.35646243758130225,0.009546892446536127,0.16772301730531516));
#335=IFCCARTESIANPOINT((-0.35646975972131001,0.0095649251135036598,1.6150014983550427));
#336=IFCCARTESIANPOINT((-0.35647279826871769,0.009572396705912584,0.60979916325718508));
#337=IFCCARTESIANPOINT((-0.40539999999999354,-0.,1.1860947747566308));
#338=IFCCARTESIANPOINT((-0.39546254035203099,0.020151174801003358,0.94500000070674273));
#339=IFCCARTESIANPOINT((-0.37668463473156377,0.025182699480707275,0.80097103572418149));
#340=IFCCARTESIANPOINT((-0.40539999999999354,-0.,0.70390522524336518));
#341=IFCCARTESIANPOINT((-0.383315365337559,0.025182699471605396,1.3201787464246642));
#342=IFCCARTESIANPOINT((-0.38972015919009506,0.023466540122435965,0.50166381790240366));
#343=IFCCARTESIANPOINT((-0.40015117484661727,0.015462540292591509,0.50166381585950781));
#344=IFCCARTESIANPOINT((-0.40015117486387525,0.015462540270100456,1.3883361842103517));
#345=IFCCARTESIANPOINT((-0.37027984084021431,0.02346654013499587,0.40861605309446863));
#346=IFCCARTESIANPOINT((-0.36175712152484885,0.017673635306303167,0.99828895010991614));
#347=IFCCARTESIANPOINT((-0.360150541992039,0.015847997248537325,0.66591458664266523));
#348=IFCCARTESIANPOINT((-0.3766846347526297,0.025182699483480658,1.5567236688511692));
#349=IFCCARTESIANPOINT((-0.38972015920892267,0.023466540114637301,1.5567236687414838));
#350=IFCCARTESIANPOINT((-0.38331536529188603,0.02518269947761835,0.30576871269176242));
#351=IFCCARTESIANPOINT((-0.39546254030113576,0.020151174840056633,0.30576871171877484));
#352=IFCCARTESIANPOINT((-0.4034665401327821,0.0097201591651438751,1.5842312887327483));
#353=IFCCARTESIANPOINT((-0.40346654012712013,0.0097201591788131717,0.30576871147981255));
#354=IFCCARTESIANPOINT((-0.36010542687681629,0.015791325474631752,0.18238706662847121));
#355=IFCCARTESIANPOINT((-0.37448795126094186,0.024794703440393549,1.178847353113688));
#356=IFCCARTESIANPOINT((-0.40391159214139105,0.0085671326161688485,1.2289654617590455));
#357=IFCCARTESIANPOINT((-0.40391159213204325,0.0085671326422592786,0.66103453982308868));
#358=IFCCARTESIANPOINT((-0.366750938147829,0.021670772022159761,0.73928161405085735));
#359=IFCCARTESIANPOINT((-0.38331536530644633,0.02518269947570145,1.6406682742221637));
#360=IFCCARTESIANPOINT((-0.37027984084306692,0.023466540136177463,1.6406682744006029));
#361=IFCCARTESIANPOINT((-0.39546254031214428,0.020151174831609532,1.6406682740544556));
#362=IFCCARTESIANPOINT((-0.39450590106570965,0.020850391705447693,1.316970828226695));
#363=IFCCARTESIANPOINT((-0.36182230167466622,0.017740667506959629,1.6224021725535969));
#364=IFCCARTESIANPOINT((-0.37668463472925839,0.025182699480403772,0.24301721023025033));
#365=IFCCARTESIANPOINT((-0.37859488299353344,0.025361104987694692,0.52199412288600289));
#366=IFCCARTESIANPOINT((-0.38450597252435897,0.024997124066748116,0.74031475755664422));
#367=IFCCARTESIANPOINT((-0.36388192942888647,0.019630787071939264,0.19564031662463999));
#368=IFCCARTESIANPOINT((-0.3897201591875174,0.023466540123503674,0.2325196410987409));
#369=IFCCARTESIANPOINT((-0.40015117484557655,0.015462540293947813,0.23251964003822556));
#370=IFCCARTESIANPOINT((-0.40015117485307244,0.015462540284179021,1.6574803599597423));
#371=IFCCARTESIANPOINT((-0.36566063742971167,0.020965273217321501,0.39087564614692116));
#372=IFCCARTESIANPOINT((-0.35516977754481754,0.0053497712872797362,0.73546159403226574));
#373=IFCCARTESIANPOINT((-0.35518446353398492,0.0054174855702550789,0.96639546043868474));
#374=IFCCARTESIANPOINT((-0.38177272776058635,0.025338062993953199,1.0228092669760727));
#375=IFCCARTESIANPOINT((-0.38913953074087981,0.023698712577589428,1.1125612748783087));
#376=IFCCARTESIANPOINT((-0.3550878472072696,0.0049542550632486462,0.18435861867038111));
#377=IFCCARTESIANPOINT((-0.40070218780481598,0.014716637526728622,1.0606624477793893));
#378=IFCCARTESIANPOINT((-0.35459999999999359,-0.,1.2040236374107742));
#379=IFCCARTESIANPOINT((-0.35507375517884721,0.0048828597272528463,1.6387168790347724));
#380=IFCCARTESIANPOINT((-0.35509490716807862,0.0049896243379084085,1.1727507325520252));
#381=IFCCARTESIANPOINT((-0.37200940939658522,0.024110380789350905,1.4039821912543136));
#382=IFCCARTESIANPOINT((-0.36809670707060854,0.022438173219674475,1.1860900071607117));
#383=IFCCARTESIANPOINT((-0.37107039084036986,0.023778605515361081,0.9439375516073879));
#384=IFCCARTESIANPOINT((-0.39961697673785646,0.016134876004027097,0.7848096947759895));
#385=IFCCARTESIANPOINT((-0.39498717535215538,0.0205071834965827,0.65525156293888021));
#386=IFCCARTESIANPOINT((-0.39049491157402777,0.023130430844496425,0.81889082149666681));
#387=IFCCARTESIANPOINT((-0.40371285378895805,0.0091027778827527297,0.94500000089969971));
#388=IFCCARTESIANPOINT((-0.4049746520123817,0.0046289044988939909,0.82445272538678605));
#389=IFCCARTESIANPOINT((-0.40497465201295219,0.0046289044958160016,1.0655472754507676));
#390=IFCCARTESIANPOINT((-0.37027984083133553,0.023466540131318148,0.1818257912137819));
#391=IFCCARTESIANPOINT((-0.36177965742711993,0.017696867421276338,1.2143422620182622));
#392=IFCCARTESIANPOINT((-0.35895018710654897,0.014214970177606942,1.1074301386386762));
#393=IFCCARTESIANPOINT((-0.35893033574092181,0.0141855295286879,0.89898482218814491));
#394=IFCCARTESIANPOINT((-0.36608732631257679,0.021250823769124471,0.97614371910262732));
#395=IFCCARTESIANPOINT((-0.37323820761840898,0.024483426308160083,0.61027554730399181));
#396=IFCCARTESIANPOINT((-0.36780556382264762,0.022281286460065719,1.4747820172007657));
#397=IFCCARTESIANPOINT((-0.36573309566703044,0.021014648242428786,1.6622905194847528));
#398=IFCCARTESIANPOINT((-0.37663715982494211,0.02517640375343122,1.3573054683515133));
#399=IFCCARTESIANPOINT((-0.40497008570165377,0.0046534739766659313,1.6714721007858342));
#400=IFCCARTESIANPOINT((-0.40483598280441269,0.0053229651641101368,1.4296931332593306));
#401=IFCCARTESIANPOINT((-0.40497008570112514,0.0046534739795025285,0.2185278995969486));
#402=IFCCARTESIANPOINT((-0.40483925338809046,0.0053076822739919058,0.46054511351783034));
#403=IFCCARTESIANPOINT((-0.3587324154059508,0.013887038760460499,1.6862240306388441));
#404=IFCCARTESIANPOINT((-0.38394165536160457,0.025092296686613048,0.52290230905735624));
#405=IFCCARTESIANPOINT((-0.3768587397047759,0.025205009100502478,1.0025819886287475));
#406=IFCCARTESIANPOINT((-0.38973328446083727,0.023461099155902942,1.3338775727653243));
#407=IFCCARTESIANPOINT((-0.39353456069721621,0.02149361920971217,1.1216788069227692));
#408=IFCCARTESIANPOINT((-0.39766886201057683,0.018247501616660933,1.1728870015814059));
#409=IFCCARTESIANPOINT((-0.38643029109044996,0.02457257325740942,0.93591826717247006));
#410=IFCPOLYLOOP((#74,#75,#76,#77,#78,#79,#80,#57,#58,#59,#60,#61,#62,#63,#64,#65,#66,#67,#68,#69,#70,#71,#72,#73));
#411=IFCFACEOUTERBOUND(#410,.T.);
#412=IFCFACE((#411));
#413=IFCPOLYLOOP((#116,#117,#118,#119,#120,#121,#122,#99,#100,#101,#102,#103,#104,#105,#106,#107,#108,#109,#110,#111,#112,#113,#114,#115));
#414=IFCFACEOUTERBOUND(#413,.T.);
#415=IFCFACE((#414));
#416=IFCPOLYLOOP((#158,#159,#160,#161,#162,#163,#164,#141,#142,#143,#144,#145,#146,#147,#148,#149,#150,#151,#152,#153,#154,#155,#156,#157));
#417=IFCFACEOUTERBOUND(#416,.T.);
#418=IFCFACE((#417));
#419=IFCPOLYLOOP((#81,#82,#58));
#420=IFCFACEOUTERBOUND(#419,.T.);
#421=IFCFACE((#420));
#422=IFCPOLYLOOP((#61,#83,#84));
#423=IFCFACEOUTERBOUND(#422,.T.);
#424=IFCFACE((#423));
#425=IFCPOLYLOOP((#82,#83,#59));
#426=IFCFACEOUTERBOUND(#425,.T.);
#427=IFCFACE((#426));
#428=IFCPOLYLOOP((#85,#62,#84));
#429=IFCFACEOUTERBOUND(#428,.T.);
#430=IFCFACE((#429));
#431=IFCPOLYLOOP((#82,#59,#58));
#432=IFCFACEOUTERBOUND(#431,.T.);
#433=IFCFACE((#432));
#434=IFCPOLYLOOP((#58,#57,#81));
#435=IFCFACEOUTERBOUND(#434,.T.);
#436=IFCFACE((#435));
#437=IFCPOLYLOOP((#83,#61,#60));
#438=IFCFACEOUTERBOUND(#437,.T.);
#439=IFCFACE((#438));
#440=IFCPOLYLOOP((#60,#59,#83));
#441=IFCFACEOUTERBOUND(#440,.T.);
#442=IFCFACE((#441));
#443=IFCPOLYLOOP((#84,#62,#61));
#444=IFCFACEOUTERBOUND(#443,.T.);
#445=IFCFACE((#444));
#446=IFCPOLYLOOP((#85,#63,#62));
#447=IFCFACEOUTERBOUND(#446,.T.);
#448=IFCFACE((#447));
#449=IFCPOLYLOOP((#87,#64,#86));
#450=IFCFACEOUTERBOUND(#449,.T.);
#451=IFCFACE((#450));
#452=IFCPOLYLOOP((#88,#65,#87));
#453=IFCFACEOUTERBOUND(#452,.T.);
#454=IFCFACE((#453));
#455=IFCPOLYLOOP((#68,#89,#90));
#456=IFCFACEOUTERBOUND(#455,.T.);
#457=IFCFACE((#456));
#458=IFCPOLYLOOP((#88,#89,#67));
#459=IFCFACEOUTERBOUND(#458,.T.);
#460=IFCFACE((#459));
#461=IFCPOLYLOOP((#68,#90,#69));
#462=IFCFACEOUTERBOUND(#461,.T.);
#463=IFCFACE((#462));
#464=IFCPOLYLOOP((#87,#65,#64));
#465=IFCFACEOUTERBOUND(#464,.T.);
#466=IFCFACE((#465));
#467=IFCPOLYLOOP((#64,#63,#86));
#468=IFCFACEOUTERBOUND(#467,.T.);
#469=IFCFACE((#468));
#470=IFCPOLYLOOP((#88,#67,#66));
#471=IFCFACEOUTERBOUND(#470,.T.);
#472=IFCFACE((#471));
#473=IFCPOLYLOOP((#66,#65,#88));
#474=IFCFACEOUTERBOUND(#473,.T.);
#475=IFCFACE((#474));
#476=IFCPOLYLOOP((#89,#68,#67));
#477=IFCFACEOUTERBOUND(#476,.T.);
#478=IFCFACE((#477));
#479=IFCPOLYLOOP((#86,#63,#85));
#480=IFCFACEOUTERBOUND(#479,.T.);
#481=IFCFACE((#480));
#482=IFCPOLYLOOP((#90,#91,#70));
#483=IFCFACEOUTERBOUND(#482,.T.);
#484=IFCFACE((#483));
#485=IFCPOLYLOOP((#73,#92,#93));
#486=IFCFACEOUTERBOUND(#485,.T.);
#487=IFCFACE((#486));
#488=IFCPOLYLOOP((#91,#92,#71));
#489=IFCFACEOUTERBOUND(#488,.T.);
#490=IFCFACE((#489));
#491=IFCPOLYLOOP((#94,#74,#93));
#492=IFCFACEOUTERBOUND(#491,.T.);
#493=IFCFACE((#492));
#494=IFCPOLYLOOP((#91,#71,#70));
#495=IFCFACEOUTERBOUND(#494,.T.);
#496=IFCFACE((#495));
#497=IFCPOLYLOOP((#70,#69,#90));
#498=IFCFACEOUTERBOUND(#497,.T.);
#499=IFCFACE((#498));
#500=IFCPOLYLOOP((#92,#73,#72));
#501=IFCFACEOUTERBOUND(#500,.T.);
#502=IFCFACE((#501));
#503=IFCPOLYLOOP((#72,#71,#92));
#504=IFCFACEOUTERBOUND(#503,.T.);
#505=IFCFACE((#504));
#506=IFCPOLYLOOP((#93,#74,#73));
#507=IFCFACEOUTERBOUND(#506,.T.);
#508=IFCFACE((#507));
#509=IFCPOLYLOOP((#94,#75,#74));
#510=IFCFACEOUTERBOUND(#509,.T.);
#511=IFCFACE((#510));
#512=IFCPOLYLOOP((#96,#76,#95));
#513=IFCFACEOUTERBOUND(#512,.T.);
#514=IFCFACE((#513));
#515=IFCPOLYLOOP((#97,#77,#96));
#516=IFCFACEOUTERBOUND(#515,.T.);
#517=IFCFACE((#516));
#518=IFCPOLYLOOP((#80,#98,#81));
#519=IFCFACEOUTERBOUND(#518,.T.);
#520=IFCFACE((#519));
#521=IFCPOLYLOOP((#97,#98,#79));
#522=IFCFACEOUTERBOUND(#521,.T.);
#523=IFCFACE((#522));
#524=IFCPOLYLOOP((#80,#81,#57));
#525=IFCFACEOUTERBOUND(#524,.T.);
#526=IFCFACE((#525));
#527=IFCPOLYLOOP((#96,#77,#76));
#528=IFCFACEOUTERBOUND(#527,.T.);
#529=IFCFACE((#528));
#530=IFCPOLYLOOP((#76,#75,#95));
#531=IFCFACEOUTERBOUND(#530,.T.);
#532=IFCFACE((#531));
#533=IFCPOLYLOOP((#97,#79,#78));
#534=IFCFACEOUTERBOUND(#533,.T.);
#535=IFCFACE((#534));
#536=IFCPOLYLOOP((#78,#77,#97));
#537=IFCFACEOUTERBOUND(#536,.T.);
#538=IFCFACE((#537));
#539=IFCPOLYLOOP((#98,#80,#79));
#540=IFCFACEOUTERBOUND(#539,.T.);
#541=IFCFACE((#540));
#542=IFCPOLYLOOP((#95,#75,#94));
#543=IFCFACEOUTERBOUND(#542,.T.);
#544=IFCFACE((#543));
#545=IFCPOLYLOOP((#123,#124,#100));
#546=IFCFACEOUTERBOUND(#545,.T.);
#547=IFCFACE((#546));
#548=IFCPOLYLOOP((#103,#125,#126));
#549=IFCFACEOUTERBOUND(#548,.T.);
#550=IFCFACE((#549));
#551=IFCPOLYLOOP((#124,#125,#101));
#552=IFCFACEOUTERBOUND(#551,.T.);
#553=IFCFACE((#552));
#554=IFCPOLYLOOP((#127,#104,#126));
#555=IFCFACEOUTERBOUND(#554,.T.);
#556=IFCFACE((#555));
#557=IFCPOLYLOOP((#124,#101,#100));
#558=IFCFACEOUTERBOUND(#557,.T.);
#559=IFCFACE((#558));
#560=IFCPOLYLOOP((#100,#99,#123));
#561=IFCFACEOUTERBOUND(#560,.T.);
#562=IFCFACE((#561));
#563=IFCPOLYLOOP((#125,#103,#102));
#564=IFCFACEOUTERBOUND(#563,.T.);
#565=IFCFACE((#564));
#566=IFCPOLYLOOP((#102,#101,#125));
#567=IFCFACEOUTERBOUND(#566,.T.);
#568=IFCFACE((#567));
#569=IFCPOLYLOOP((#126,#104,#103));
#570=IFCFACEOUTERBOUND(#569,.T.);
#571=IFCFACE((#570));
#572=IFCPOLYLOOP((#127,#105,#104));
#573=IFCFACEOUTERBOUND(#572,.T.);
#574=IFCFACE((#573));
#575=IFCPOLYLOOP((#129,#106,#128));
#576=IFCFACEOUTERBOUND(#575,.T.);
#577=IFCFACE((#576));
#578=IFCPOLYLOOP((#130,#107,#129));
#579=IFCFACEOUTERBOUND(#578,.T.);
#580=IFCFACE((#579));
#581=IFCPOLYLOOP((#110,#131,#132));
#582=IFCFACEOUTERBOUND(#581,.T.);
#583=IFCFACE((#582));
#584=IFCPOLYLOOP((#130,#131,#109));
#585=IFCFACEOUTERBOUND(#584,.T.);
#586=IFCFACE((#585));
#587=IFCPOLYLOOP((#110,#132,#111));
#588=IFCFACEOUTERBOUND(#587,.T.);
#589=IFCFACE((#588));
#590=IFCPOLYLOOP((#129,#107,#106));
#591=IFCFACEOUTERBOUND(#590,.T.);
#592=IFCFACE((#591));
#593=IFCPOLYLOOP((#106,#105,#128));
#594=IFCFACEOUTERBOUND(#593,.T.);
#595=IFCFACE((#594));
#596=IFCPOLYLOOP((#130,#109,#108));
#597=IFCFACEOUTERBOUND(#596,.T.);
#598=IFCFACE((#597));
#599=IFCPOLYLOOP((#108,#107,#130));
#600=IFCFACEOUTERBOUND(#599,.T.);
#601=IFCFACE((#600));
#602=IFCPOLYLOOP((#131,#110,#109));
#603=IFCFACEOUTERBOUND(#602,.T.);
#604=IFCFACE((#603));
#605=IFCPOLYLOOP((#128,#105,#127));
#606=IFCFACEOUTERBOUND(#605,.T.);
#607=IFCFACE((#606));
#608=IFCPOLYLOOP((#132,#133,#112));
#609=IFCFACEOUTERBOUND(#608,.T.);
#610=IFCFACE((#609));
#611=IFCPOLYLOOP((#115,#134,#135));
#612=IFCFACEOUTERBOUND(#611,.T.);
#613=IFCFACE((#612));
#614=IFCPOLYLOOP((#133,#134,#113));
#615=IFCFACEOUTERBOUND(#614,.T.);
#616=IFCFACE((#615));
#617=IFCPOLYLOOP((#136,#116,#135));
#618=IFCFACEOUTERBOUND(#617,.T.);
#619=IFCFACE((#618));
#620=IFCPOLYLOOP((#133,#113,#112));
#621=IFCFACEOUTERBOUND(#620,.T.);
#622=IFCFACE((#621));
#623=IFCPOLYLOOP((#112,#111,#132));
#624=IFCFACEOUTERBOUND(#623,.T.);
#625=IFCFACE((#624));
#626=IFCPOLYLOOP((#134,#115,#114));
#627=IFCFACEOUTERBOUND(#626,.T.);
#628=IFCFACE((#627));
#629=IFCPOLYLOOP((#114,#113,#134));
#630=IFCFACEOUTERBOUND(#629,.T.);
#631=IFCFACE((#630));
#632=IFCPOLYLOOP((#135,#116,#115));
#633=IFCFACEOUTERBOUND(#632,.T.);
#634=IFCFACE((#633));
#635=IFCPOLYLOOP((#136,#117,#116));
#636=IFCFACEOUTERBOUND(#635,.T.);
#637=IFCFACE((#636));
#638=IFCPOLYLOOP((#138,#118,#137));
#639=IFCFACEOUTERBOUND(#638,.T.);
#640=IFCFACE((#639));
#641=IFCPOLYLOOP((#139,#119,#138));
#642=IFCFACEOUTERBOUND(#641,.T.);
#643=IFCFACE((#642));
#644=IFCPOLYLOOP((#122,#140,#123));
#645=IFCFACEOUTERBOUND(#644,.T.);
#646=IFCFACE((#645));
#647=IFCPOLYLOOP((#139,#140,#121));
#648=IFCFACEOUTERBOUND(#647,.T.);
#649=IFCFACE((#648));
#650=IFCPOLYLOOP((#122,#123,#99));
#651=IFCFACEOUTERBOUND(#650,.T.);
#652=IFCFACE((#651));
#653=IFCPOLYLOOP((#138,#119,#118));
#654=IFCFACEOUTERBOUND(#653,.T.);
#655=IFCFACE((#654));
#656=IFCPOLYLOOP((#118,#117,#137));
#657=IFCFACEOUTERBOUND(#656,.T.);
#658=IFCFACE((#657));
#659=IFCPOLYLOOP((#139,#121,#120));
#660=IFCFACEOUTERBOUND(#659,.T.);
#661=IFCFACE((#660));
#662=IFCPOLYLOOP((#120,#119,#139));
#663=IFCFACEOUTERBOUND(#662,.T.);
#664=IFCFACE((#663));
#665=IFCPOLYLOOP((#140,#122,#121));
#666=IFCFACEOUTERBOUND(#665,.T.);
#667=IFCFACE((#666));
#668=IFCPOLYLOOP((#137,#117,#136));
#669=IFCFACEOUTERBOUND(#668,.T.);
#670=IFCFACE((#669));
#671=IFCPOLYLOOP((#165,#166,#142));
#672=IFCFACEOUTERBOUND(#671,.T.);
#673=IFCFACE((#672));
#674=IFCPOLYLOOP((#145,#167,#168));
#675=IFCFACEOUTERBOUND(#674,.T.);
#676=IFCFACE((#675));
#677=IFCPOLYLOOP((#166,#167,#143));
#678=IFCFACEOUTERBOUND(#677,.T.);
#679=IFCFACE((#678));
#680=IFCPOLYLOOP((#169,#146,#168));
#681=IFCFACEOUTERBOUND(#680,.T.);
#682=IFCFACE((#681));
#683=IFCPOLYLOOP((#166,#143,#142));
#684=IFCFACEOUTERBOUND(#683,.T.);
#685=IFCFACE((#684));
#686=IFCPOLYLOOP((#142,#141,#165));
#687=IFCFACEOUTERBOUND(#686,.T.);
#688=IFCFACE((#687));
#689=IFCPOLYLOOP((#167,#145,#144));
#690=IFCFACEOUTERBOUND(#689,.T.);
#691=IFCFACE((#690));
#692=IFCPOLYLOOP((#144,#143,#167));
#693=IFCFACEOUTERBOUND(#692,.T.);
#694=IFCFACE((#693));
#695=IFCPOLYLOOP((#168,#146,#145));
#696=IFCFACEOUTERBOUND(#695,.T.);
#697=IFCFACE((#696));
#698=IFCPOLYLOOP((#169,#147,#146));
#699=IFCFACEOUTERBOUND(#698,.T.);
#700=IFCFACE((#699));
#701=IFCPOLYLOOP((#171,#148,#170));
#702=IFCFACEOUTERBOUND(#701,.T.);
#703=IFCFACE((#702));
#704=IFCPOLYLOOP((#172,#149,#171));
#705=IFCFACEOUTERBOUND(#704,.T.);
#706=IFCFACE((#705));
#707=IFCPOLYLOOP((#152,#173,#174));
#708=IFCFACEOUTERBOUND(#707,.T.);
#709=IFCFACE((#708));
#710=IFCPOLYLOOP((#172,#173,#151));
#711=IFCFACEOUTERBOUND(#710,.T.);
#712=IFCFACE((#711));
#713=IFCPOLYLOOP((#152,#174,#153));
#714=IFCFACEOUTERBOUND(#713,.T.);
#715=IFCFACE((#714));
#716=IFCPOLYLOOP((#171,#149,#148));
#717=IFCFACEOUTERBOUND(#716,.T.);
#718=IFCFACE((#717));
#719=IFCPOLYLOOP((#148,#147,#170));
#720=IFCFACEOUTERBOUND(#719,.T.);
#721=IFCFACE((#720));
#722=IFCPOLYLOOP((#172,#151,#150));
#723=IFCFACEOUTERBOUND(#722,.T.);
#724=IFCFACE((#723));
#725=IFCPOLYLOOP((#150,#149,#172));
#726=IFCFACEOUTERBOUND(#725,.T.);
#727=IFCFACE((#726));
#728=IFCPOLYLOOP((#173,#152,#151));
#729=IFCFACEOUTERBOUND(#728,.T.);
#730=IFCFACE((#729));
#731=IFCPOLYLOOP((#170,#147,#169));
#732=IFCFACEOUTERBOUND(#731,.T.);
#733=IFCFACE((#732));
#734=IFCPOLYLOOP((#174,#175,#154));
#735=IFCFACEOUTERBOUND(#734,.T.);
#736=IFCFACE((#735));
#737=IFCPOLYLOOP((#157,#176,#177));
#738=IFCFACEOUTERBOUND(#737,.T.);
#739=IFCFACE((#738));
#740=IFCPOLYLOOP((#175,#176,#155));
#741=IFCFACEOUTERBOUND(#740,.T.);
#742=IFCFACE((#741));
#743=IFCPOLYLOOP((#178,#158,#177));
#744=IFCFACEOUTERBOUND(#743,.T.);
#745=IFCFACE((#744));
#746=IFCPOLYLOOP((#175,#155,#154));
#747=IFCFACEOUTERBOUND(#746,.T.);
#748=IFCFACE((#747));
#749=IFCPOLYLOOP((#154,#153,#174));
#750=IFCFACEOUTERBOUND(#749,.T.);
#751=IFCFACE((#750));
#752=IFCPOLYLOOP((#176,#157,#156));
#753=IFCFACEOUTERBOUND(#752,.T.);
#754=IFCFACE((#753));
#755=IFCPOLYLOOP((#156,#155,#176));
#756=IFCFACEOUTERBOUND(#755,.T.);
#757=IFCFACE((#756));
#758=IFCPOLYLOOP((#177,#158,#157));
#759=IFCFACEOUTERBOUND(#758,.T.);
#760=IFCFACE((#759));
#761=IFCPOLYLOOP((#178,#159,#158));
#762=IFCFACEOUTERBOUND(#761,.T.);
#763=IFCFACE((#762));
#764=IFCPOLYLOOP((#180,#160,#179));
#765=IFCFACEOUTERBOUND(#764,.T.);
#766=IFCFACE((#765));
#767=IFCPOLYLOOP((#181,#161,#180));
#768=IFCFACEOUTERBOUND(#767,.T.);
#769=IFCFACE((#768));
#770=IFCPOLYLOOP((#164,#182,#165));
#771=IFCFACEOUTERBOUND(#770,.T.);
#772=IFCFACE((#771));
#773=IFCPOLYLOOP((#181,#182,#163));
#774=IFCFACEOUTERBOUND(#773,.T.);
#775=IFCFACE((#774));
#776=IFCPOLYLOOP((#164,#165,#141));
#777=IFCFACEOUTERBOUND(#776,.T.);
#778=IFCFACE((#777));
#779=IFCPOLYLOOP((#180,#161,#160));
#780=IFCFACEOUTERBOUND(#779,.T.);
#781=IFCFACE((#780));
#782=IFCPOLYLOOP((#160,#159,#179));
#783=IFCFACEOUTERBOUND(#782,.T.);
#784=IFCFACE((#783));
#785=IFCPOLYLOOP((#181,#163,#162));
#786=IFCFACEOUTERBOUND(#785,.T.);
#787=IFCFACE((#786));
#788=IFCPOLYLOOP((#162,#161,#181));
#789=IFCFACEOUTERBOUND(#788,.T.);
#790=IFCFACE((#789));
#791=IFCPOLYLOOP((#182,#164,#163));
#792=IFCFACEOUTERBOUND(#791,.T.);
#793=IFCFACE((#792));
#794=IFCPOLYLOOP((#179,#159,#178));
#795=IFCFACEOUTERBOUND(#794,.T.);
#796=IFCFACE((#795));
#797=IFCPOLYLOOP((#191,#192,#193,#232,#233,#194,#231,#195,#326,#196,#327,#325,#197,#198,#199,#200,#201,#202,#203,#204,#205,#206,#183,#184,#185,#186,#187,#188,#189,#190));
#798=IFCFACEOUTERBOUND(#797,.T.);
#799=IFCFACE((#798));
#800=IFCPOLYLOOP((#216,#217,#218,#219,#220,#221,#222,#223,#224,#225,#226,#227,#228,#229,#230,#207,#208,#209,#210,#211,#212,#213,#214,#215));
#801=IFCFACEOUTERBOUND(#800,.T.);
#802=IFCFACE((#801));
#803=IFCPOLYLOOP((#284,#262,#299,#252));
#804=IFCFACEOUTERBOUND(#803,.T.);
#805=IFCFACE((#804));
#806=IFCPOLYLOOP((#273,#285,#253));
#807=IFCFACEOUTERBOUND(#806,.T.);
#808=IFCFACE((#807));
#809=IFCPOLYLOOP((#261,#278,#279));
#810=IFCFACEOUTERBOUND(#809,.T.);
#811=IFCFACE((#810));
#812=IFCPOLYLOOP((#278,#225,#224));
#813=IFCFACEOUTERBOUND(#812,.T.);
#814=IFCFACE((#813));
#815=IFCPOLYLOOP((#261,#251,#283));
#816=IFCFACEOUTERBOUND(#815,.T.);
#817=IFCFACE((#816));
#818=IFCPOLYLOOP((#248,#272,#260));
#819=IFCFACEOUTERBOUND(#818,.T.);
#820=IFCFACE((#819));
#821=IFCPOLYLOOP((#237,#270,#269));
#822=IFCFACEOUTERBOUND(#821,.T.);
#823=IFCFACE((#822));
#824=IFCPOLYLOOP((#313,#230,#263));
#825=IFCFACEOUTERBOUND(#824,.T.);
#826=IFCFACE((#825));
#827=IFCPOLYLOOP((#230,#313,#207));
#828=IFCFACEOUTERBOUND(#827,.T.);
#829=IFCFACE((#828));
#830=IFCPOLYLOOP((#299,#262,#283,#251));
#831=IFCFACEOUTERBOUND(#830,.T.);
#832=IFCFACE((#831));
#833=IFCPOLYLOOP((#252,#307,#309));
#834=IFCFACEOUTERBOUND(#833,.T.);
#835=IFCFACE((#834));
#836=IFCPOLYLOOP((#183,#250,#314));
#837=IFCFACEOUTERBOUND(#836,.T.);
#838=IFCFACE((#837));
#839=IFCPOLYLOOP((#207,#313,#249));
#840=IFCFACEOUTERBOUND(#839,.T.);
#841=IFCFACE((#840));
#842=IFCPOLYLOOP((#225,#278,#261));
#843=IFCFACEOUTERBOUND(#842,.T.);
#844=IFCFACE((#843));
#845=IFCPOLYLOOP((#283,#262,#227));
#846=IFCFACEOUTERBOUND(#845,.T.);
#847=IFCFACE((#846));
#848=IFCPOLYLOOP((#235,#267,#238));
#849=IFCFACEOUTERBOUND(#848,.T.);
#850=IFCFACE((#849));
#851=IFCPOLYLOOP((#190,#271,#191));
#852=IFCFACEOUTERBOUND(#851,.T.);
#853=IFCFACE((#852));
#854=IFCPOLYLOOP((#258,#290,#219));
#855=IFCFACEOUTERBOUND(#854,.T.);
#856=IFCFACE((#855));
#857=IFCPOLYLOOP((#238,#267,#242));
#858=IFCFACEOUTERBOUND(#857,.T.);
#859=IFCFACE((#858));
#860=IFCPOLYLOOP((#240,#256,#238));
#861=IFCFACEOUTERBOUND(#860,.T.);
#862=IFCFACE((#861));
#863=IFCPOLYLOOP((#167,#166,#287));
#864=IFCFACEOUTERBOUND(#863,.T.);
#865=IFCFACE((#864));
#866=IFCPOLYLOOP((#269,#270,#234));
#867=IFCFACEOUTERBOUND(#866,.T.);
#868=IFCFACE((#867));
#869=IFCPOLYLOOP((#188,#260,#272));
#870=IFCFACEOUTERBOUND(#869,.T.);
#871=IFCFACE((#870));
#872=IFCPOLYLOOP((#170,#169,#238));
#873=IFCFACEOUTERBOUND(#872,.T.);
#874=IFCFACE((#873));
#875=IFCPOLYLOOP((#282,#235,#286));
#876=IFCFACEOUTERBOUND(#875,.T.);
#877=IFCFACE((#876));
#878=IFCPOLYLOOP((#288,#268,#306));
#879=IFCFACEOUTERBOUND(#878,.T.);
#880=IFCFACE((#879));
#881=IFCPOLYLOOP((#273,#187,#186));
#882=IFCFACEOUTERBOUND(#881,.T.);
#883=IFCFACE((#882));
#884=IFCPOLYLOOP((#260,#273,#274));
#885=IFCFACEOUTERBOUND(#884,.T.);
#886=IFCFACE((#885));
#887=IFCPOLYLOOP((#303,#282,#286));
#888=IFCFACEOUTERBOUND(#887,.T.);
#889=IFCFACE((#888));
#890=IFCPOLYLOOP((#228,#284,#229));
#891=IFCFACEOUTERBOUND(#890,.T.);
#892=IFCFACE((#891));
#893=IFCPOLYLOOP((#322,#321,#274));
#894=IFCFACEOUTERBOUND(#893,.T.);
#895=IFCFACE((#894));
#896=IFCPOLYLOOP((#261,#226,#225));
#897=IFCFACEOUTERBOUND(#896,.T.);
#898=IFCFACE((#897));
#899=IFCPOLYLOOP((#309,#311,#263));
#900=IFCFACEOUTERBOUND(#899,.T.);
#901=IFCFACE((#900));
#902=IFCPOLYLOOP((#301,#244,#302));
#903=IFCFACEOUTERBOUND(#902,.T.);
#904=IFCFACE((#903));
#905=IFCPOLYLOOP((#273,#260,#187));
#906=IFCFACEOUTERBOUND(#905,.T.);
#907=IFCFACE((#906));
#908=IFCPOLYLOOP((#264,#185,#184));
#909=IFCFACEOUTERBOUND(#908,.T.);
#910=IFCFACE((#909));
#911=IFCPOLYLOOP((#259,#272,#248));
#912=IFCFACEOUTERBOUND(#911,.T.);
#913=IFCFACE((#912));
#914=IFCPOLYLOOP((#272,#189,#188));
#915=IFCFACEOUTERBOUND(#914,.T.);
#916=IFCFACE((#915));
#917=IFCPOLYLOOP((#229,#263,#230));
#918=IFCFACEOUTERBOUND(#917,.T.);
#919=IFCFACE((#918));
#920=IFCPOLYLOOP((#308,#307,#301));
#921=IFCFACEOUTERBOUND(#920,.T.);
#922=IFCFACE((#921));
#923=IFCPOLYLOOP((#251,#319,#280));
#924=IFCFACEOUTERBOUND(#923,.T.);
#925=IFCFACE((#924));
#926=IFCPOLYLOOP((#275,#318,#193));
#927=IFCFACEOUTERBOUND(#926,.T.);
#928=IFCFACE((#927));
#929=IFCPOLYLOOP((#126,#241,#127));
#930=IFCFACEOUTERBOUND(#929,.T.);
#931=IFCFACE((#930));
#932=IFCPOLYLOOP((#271,#190,#259));
#933=IFCFACEOUTERBOUND(#932,.T.);
#934=IFCFACE((#933));
#935=IFCPOLYLOOP((#193,#86,#85));
#936=IFCFACEOUTERBOUND(#935,.T.);
#937=IFCFACE((#936));
#938=IFCPOLYLOOP((#89,#254,#90));
#939=IFCFACEOUTERBOUND(#938,.T.);
#940=IFCFACE((#939));
#941=IFCPOLYLOOP((#173,#258,#174));
#942=IFCFACEOUTERBOUND(#941,.T.);
#943=IFCFACE((#942));
#944=IFCPOLYLOOP((#131,#234,#378,#132));
#945=IFCFACEOUTERBOUND(#944,.T.);
#946=IFCFACE((#945));
#947=IFCPOLYLOOP((#268,#296,#306));
#948=IFCFACEOUTERBOUND(#947,.T.);
#949=IFCFACE((#948));
#950=IFCPOLYLOOP((#279,#280,#319));
#951=IFCFACEOUTERBOUND(#950,.T.);
#952=IFCFACE((#951));
#953=IFCPOLYLOOP((#304,#305,#271));
#954=IFCFACEOUTERBOUND(#953,.T.);
#955=IFCFACE((#954));
#956=IFCPOLYLOOP((#275,#236,#239));
#957=IFCFACEOUTERBOUND(#956,.T.);
#958=IFCFACE((#957));
#959=IFCPOLYLOOP((#88,#241,#293));
#960=IFCFACEOUTERBOUND(#959,.T.);
#961=IFCFACE((#960));
#962=IFCPOLYLOOP((#85,#232,#193));
#963=IFCFACEOUTERBOUND(#962,.T.);
#964=IFCFACE((#963));
#965=IFCPOLYLOOP((#223,#303,#224));
#966=IFCFACEOUTERBOUND(#965,.T.);
#967=IFCFACE((#966));
#968=IFCPOLYLOOP((#275,#193,#192));
#969=IFCFACEOUTERBOUND(#968,.T.);
#970=IFCFACE((#969));
#971=IFCPOLYLOOP((#264,#316,#317));
#972=IFCFACEOUTERBOUND(#971,.T.);
#973=IFCFACE((#972));
#974=IFCPOLYLOOP((#81,#231,#82));
#975=IFCFACEOUTERBOUND(#974,.T.);
#976=IFCFACE((#975));
#977=IFCPOLYLOOP((#262,#228,#227));
#978=IFCFACEOUTERBOUND(#977,.T.);
#979=IFCFACE((#978));
#980=IFCPOLYLOOP((#242,#172,#171));
#981=IFCFACEOUTERBOUND(#980,.T.);
#982=IFCFACE((#981));
#983=IFCPOLYLOOP((#171,#170,#242));
#984=IFCFACEOUTERBOUND(#983,.T.);
#985=IFCFACE((#984));
#986=IFCPOLYLOOP((#220,#290,#242));
#987=IFCFACEOUTERBOUND(#986,.T.);
#988=IFCFACE((#987));
#989=IFCPOLYLOOP((#267,#282,#222));
#990=IFCFACEOUTERBOUND(#989,.T.);
#991=IFCFACE((#990));
#992=IFCPOLYLOOP((#239,#128,#127));
#993=IFCFACEOUTERBOUND(#992,.T.);
#994=IFCFACE((#993));
#995=IFCPOLYLOOP((#165,#247,#287));
#996=IFCFACEOUTERBOUND(#995,.T.);
#997=IFCFACE((#996));
#998=IFCPOLYLOOP((#131,#130,#269));
#999=IFCFACEOUTERBOUND(#998,.T.);
#1000=IFCFACE((#999));
#1001=IFCPOLYLOOP((#247,#270,#287));
#1002=IFCFACEOUTERBOUND(#1001,.T.);
#1003=IFCFACE((#1002));
#1004=IFCPOLYLOOP((#83,#233,#84));
#1005=IFCFACEOUTERBOUND(#1004,.T.);
#1006=IFCFACE((#1005));
#1007=IFCPOLYLOOP((#282,#267,#235));
#1008=IFCFACEOUTERBOUND(#1007,.T.);
#1009=IFCFACE((#1008));
#1010=IFCPOLYLOOP((#235,#238,#256));
#1011=IFCFACEOUTERBOUND(#1010,.T.);
#1012=IFCFACE((#1011));
#1013=IFCPOLYLOOP((#84,#232,#85));
#1014=IFCFACEOUTERBOUND(#1013,.T.);
#1015=IFCFACE((#1014));
#1016=IFCPOLYLOOP((#173,#172,#290));
#1017=IFCFACEOUTERBOUND(#1016,.T.);
#1018=IFCFACE((#1017));
#1019=IFCPOLYLOOP((#221,#220,#242));
#1020=IFCFACEOUTERBOUND(#1019,.T.);
#1021=IFCFACE((#1020));
#1022=IFCPOLYLOOP((#241,#126,#125));
#1023=IFCFACEOUTERBOUND(#1022,.T.);
#1024=IFCFACE((#1023));
#1025=IFCPOLYLOOP((#243,#129,#128));
#1026=IFCFACEOUTERBOUND(#1025,.T.);
#1027=IFCFACE((#1026));
#1028=IFCPOLYLOOP((#130,#129,#243));
#1029=IFCFACEOUTERBOUND(#1028,.T.);
#1030=IFCFACE((#1029));
#1031=IFCPOLYLOOP((#227,#226,#283));
#1032=IFCFACEOUTERBOUND(#1031,.T.);
#1033=IFCFACE((#1032));
#1034=IFCPOLYLOOP((#292,#257,#276));
#1035=IFCFACEOUTERBOUND(#1034,.T.);
#1036=IFCFACE((#1035));
#1037=IFCPOLYLOOP((#86,#193,#318));
#1038=IFCFACEOUTERBOUND(#1037,.T.);
#1039=IFCFACE((#1038));
#1040=IFCPOLYLOOP((#238,#169,#240));
#1041=IFCFACEOUTERBOUND(#1040,.T.);
#1042=IFCFACE((#1041));
#1043=IFCPOLYLOOP((#276,#277,#237));
#1044=IFCFACEOUTERBOUND(#1043,.T.);
#1045=IFCFACE((#1044));
#1046=IFCPOLYLOOP((#186,#185,#285));
#1047=IFCFACEOUTERBOUND(#1046,.T.);
#1048=IFCFACE((#1047));
#1049=IFCPOLYLOOP((#125,#124,#293));
#1050=IFCFACEOUTERBOUND(#1049,.T.);
#1051=IFCFACE((#1050));
#1052=IFCPOLYLOOP((#239,#292,#276));
#1053=IFCFACEOUTERBOUND(#1052,.T.);
#1054=IFCFACE((#1053));
#1055=IFCPOLYLOOP((#235,#256,#281));
#1056=IFCFACEOUTERBOUND(#1055,.T.);
#1057=IFCFACE((#1056));
#1058=IFCPOLYLOOP((#241,#88,#87));
#1059=IFCFACEOUTERBOUND(#1058,.T.);
#1060=IFCFACE((#1059));
#1061=IFCPOLYLOOP((#241,#318,#127));
#1062=IFCFACEOUTERBOUND(#1061,.T.);
#1063=IFCFACE((#1062));
#1064=IFCPOLYLOOP((#168,#240,#169));
#1065=IFCFACEOUTERBOUND(#1064,.T.);
#1066=IFCFACE((#1065));
#1067=IFCPOLYLOOP((#194,#83,#82));
#1068=IFCFACEOUTERBOUND(#1067,.T.);
#1069=IFCFACE((#1068));
#1070=IFCPOLYLOOP((#194,#233,#83));
#1071=IFCFACEOUTERBOUND(#1070,.T.);
#1072=IFCFACE((#1071));
#1073=IFCPOLYLOOP((#277,#240,#237));
#1074=IFCFACEOUTERBOUND(#1073,.T.);
#1075=IFCFACE((#1074));
#1076=IFCPOLYLOOP((#233,#232,#84));
#1077=IFCFACEOUTERBOUND(#1076,.T.);
#1078=IFCFACE((#1077));
#1079=IFCPOLYLOOP((#238,#242,#170));
#1080=IFCFACEOUTERBOUND(#1079,.T.);
#1081=IFCFACE((#1080));
#1082=IFCPOLYLOOP((#86,#241,#87));
#1083=IFCFACEOUTERBOUND(#1082,.T.);
#1084=IFCFACE((#1083));
#1085=IFCPOLYLOOP((#123,#254,#124));
#1086=IFCFACEOUTERBOUND(#1085,.T.);
#1087=IFCFACE((#1086));
#1088=IFCPOLYLOOP((#287,#168,#167));
#1089=IFCFACEOUTERBOUND(#1088,.T.);
#1090=IFCFACE((#1089));
#1091=IFCPOLYLOOP((#285,#264,#253));
#1092=IFCFACEOUTERBOUND(#1091,.T.);
#1093=IFCFACE((#1092));
#1094=IFCPOLYLOOP((#263,#284,#252));
#1095=IFCFACEOUTERBOUND(#1094,.T.);
#1096=IFCFACE((#1095));
#1097=IFCPOLYLOOP((#254,#293,#124));
#1098=IFCFACEOUTERBOUND(#1097,.T.);
#1099=IFCFACE((#1098));
#1100=IFCPOLYLOOP((#190,#189,#259));
#1101=IFCFACEOUTERBOUND(#1100,.T.);
#1102=IFCFACE((#1101));
#1103=IFCPOLYLOOP((#243,#237,#269));
#1104=IFCFACEOUTERBOUND(#1103,.T.);
#1105=IFCFACE((#1104));
#1106=IFCPOLYLOOP((#195,#231,#81));
#1107=IFCFACEOUTERBOUND(#1106,.T.);
#1108=IFCFACE((#1107));
#1109=IFCPOLYLOOP((#260,#188,#187));
#1110=IFCFACEOUTERBOUND(#1109,.T.);
#1111=IFCFACE((#1110));
#1112=IFCPOLYLOOP((#229,#284,#263));
#1113=IFCFACEOUTERBOUND(#1112,.T.);
#1114=IFCFACE((#1113));
#1115=IFCPOLYLOOP((#82,#231,#194));
#1116=IFCFACEOUTERBOUND(#1115,.T.);
#1117=IFCFACE((#1116));
#1118=IFCPOLYLOOP((#324,#280,#288));
#1119=IFCFACEOUTERBOUND(#1118,.T.);
#1120=IFCFACE((#1119));
#1121=IFCPOLYLOOP((#254,#89,#293));
#1122=IFCFACEOUTERBOUND(#1121,.T.);
#1123=IFCFACE((#1122));
#1124=IFCPOLYLOOP((#239,#243,#128));
#1125=IFCFACEOUTERBOUND(#1124,.T.);
#1126=IFCFACE((#1125));
#1127=IFCPOLYLOOP((#291,#295,#281));
#1128=IFCFACEOUTERBOUND(#1127,.T.);
#1129=IFCFACE((#1128));
#1130=IFCPOLYLOOP((#268,#297,#296));
#1131=IFCFACEOUTERBOUND(#1130,.T.);
#1132=IFCFACE((#1131));
#1133=IFCPOLYLOOP((#130,#243,#269));
#1134=IFCFACEOUTERBOUND(#1133,.T.);
#1135=IFCFACE((#1134));
#1136=IFCPOLYLOOP((#172,#242,#290));
#1137=IFCFACEOUTERBOUND(#1136,.T.);
#1138=IFCFACE((#1137));
#1139=IFCPOLYLOOP((#237,#243,#276));
#1140=IFCFACEOUTERBOUND(#1139,.T.);
#1141=IFCFACE((#1140));
#1142=IFCPOLYLOOP((#184,#314,#264));
#1143=IFCFACEOUTERBOUND(#1142,.T.);
#1144=IFCFACE((#1143));
#1145=IFCPOLYLOOP((#315,#316,#250));
#1146=IFCFACEOUTERBOUND(#1145,.T.);
#1147=IFCFACE((#1146));
#1148=IFCPOLYLOOP((#301,#252,#299));
#1149=IFCFACEOUTERBOUND(#1148,.T.);
#1150=IFCFACE((#1149));
#1151=IFCPOLYLOOP((#312,#310,#265));
#1152=IFCFACEOUTERBOUND(#1151,.T.);
#1153=IFCFACE((#1152));
#1154=IFCPOLYLOOP((#314,#250,#316));
#1155=IFCFACEOUTERBOUND(#1154,.T.);
#1156=IFCFACE((#1155));
#1157=IFCPOLYLOOP((#308,#312,#265));
#1158=IFCFACEOUTERBOUND(#1157,.T.);
#1159=IFCFACE((#1158));
#1160=IFCPOLYLOOP((#222,#221,#267));
#1161=IFCFACEOUTERBOUND(#1160,.T.);
#1162=IFCFACE((#1161));
#1163=IFCPOLYLOOP((#242,#267,#221));
#1164=IFCFACEOUTERBOUND(#1163,.T.);
#1165=IFCFACE((#1164));
#1166=IFCPOLYLOOP((#281,#295,#255));
#1167=IFCFACEOUTERBOUND(#1166,.T.);
#1168=IFCFACE((#1167));
#1169=IFCPOLYLOOP((#259,#296,#271));
#1170=IFCFACEOUTERBOUND(#1169,.T.);
#1171=IFCFACE((#1170));
#1172=IFCPOLYLOOP((#237,#240,#270));
#1173=IFCFACEOUTERBOUND(#1172,.T.);
#1174=IFCFACE((#1173));
#1175=IFCPOLYLOOP((#131,#269,#234));
#1176=IFCFACEOUTERBOUND(#1175,.T.);
#1177=IFCFACE((#1176));
#1178=IFCPOLYLOOP((#287,#270,#240));
#1179=IFCFACEOUTERBOUND(#1178,.T.);
#1180=IFCFACE((#1179));
#1181=IFCPOLYLOOP((#234,#270,#247));
#1182=IFCFACEOUTERBOUND(#1181,.T.);
#1183=IFCFACE((#1182));
#1184=IFCPOLYLOOP((#259,#306,#296));
#1185=IFCFACEOUTERBOUND(#1184,.T.);
#1186=IFCFACE((#1185));
#1187=IFCPOLYLOOP((#236,#305,#304));
#1188=IFCFACEOUTERBOUND(#1187,.T.);
#1189=IFCFACE((#1188));
#1190=IFCPOLYLOOP((#259,#189,#272));
#1191=IFCFACEOUTERBOUND(#1190,.T.);
#1192=IFCFACE((#1191));
#1193=IFCPOLYLOOP((#285,#273,#186));
#1194=IFCFACEOUTERBOUND(#1193,.T.);
#1195=IFCFACE((#1194));
#1196=IFCPOLYLOOP((#274,#273,#253));
#1197=IFCFACEOUTERBOUND(#1196,.T.);
#1198=IFCFACE((#1197));
#1199=IFCPOLYLOOP((#323,#253,#302));
#1200=IFCFACEOUTERBOUND(#1199,.T.);
#1201=IFCFACE((#1200));
#1202=IFCPOLYLOOP((#289,#288,#248));
#1203=IFCFACEOUTERBOUND(#1202,.T.);
#1204=IFCFACE((#1203));
#1205=IFCPOLYLOOP((#275,#239,#318));
#1206=IFCFACEOUTERBOUND(#1205,.T.);
#1207=IFCFACE((#1206));
#1208=IFCPOLYLOOP((#305,#192,#191));
#1209=IFCFACEOUTERBOUND(#1208,.T.);
#1210=IFCFACE((#1209));
#1211=IFCPOLYLOOP((#239,#276,#243));
#1212=IFCFACEOUTERBOUND(#1211,.T.);
#1213=IFCFACE((#1212));
#1214=IFCPOLYLOOP((#257,#294,#277));
#1215=IFCFACEOUTERBOUND(#1214,.T.);
#1216=IFCFACE((#1215));
#1217=IFCPOLYLOOP((#257,#277,#276));
#1218=IFCFACEOUTERBOUND(#1217,.T.);
#1219=IFCFACE((#1218));
#1220=IFCPOLYLOOP((#240,#277,#256));
#1221=IFCFACEOUTERBOUND(#1220,.T.);
#1222=IFCFACE((#1221));
#1223=IFCPOLYLOOP((#303,#278,#224));
#1224=IFCFACEOUTERBOUND(#1223,.T.);
#1225=IFCFACE((#1224));
#1226=IFCPOLYLOOP((#255,#295,#279));
#1227=IFCFACEOUTERBOUND(#1226,.T.);
#1228=IFCFACE((#1227));
#1229=IFCPOLYLOOP((#255,#279,#278));
#1230=IFCFACEOUTERBOUND(#1229,.T.);
#1231=IFCFACE((#1230));
#1232=IFCPOLYLOOP((#279,#245,#280));
#1233=IFCFACEOUTERBOUND(#1232,.T.);
#1234=IFCFACE((#1233));
#1235=IFCPOLYLOOP((#288,#280,#245));
#1236=IFCFACEOUTERBOUND(#1235,.T.);
#1237=IFCFACE((#1236));
#1238=IFCPOLYLOOP((#299,#300,#244));
#1239=IFCFACEOUTERBOUND(#1238,.T.);
#1240=IFCFACE((#1239));
#1241=IFCPOLYLOOP((#277,#294,#256));
#1242=IFCFACEOUTERBOUND(#1241,.T.);
#1243=IFCFACE((#1242));
#1244=IFCPOLYLOOP((#268,#320,#291));
#1245=IFCFACEOUTERBOUND(#1244,.T.);
#1246=IFCFACE((#1245));
#1247=IFCPOLYLOOP((#235,#281,#286));
#1248=IFCFACEOUTERBOUND(#1247,.T.);
#1249=IFCFACE((#1248));
#1250=IFCPOLYLOOP((#223,#222,#282));
#1251=IFCFACEOUTERBOUND(#1250,.T.);
#1252=IFCFACE((#1251));
#1253=IFCPOLYLOOP((#261,#283,#226));
#1254=IFCFACEOUTERBOUND(#1253,.T.);
#1255=IFCFACE((#1254));
#1256=IFCPOLYLOOP((#262,#284,#228));
#1257=IFCFACEOUTERBOUND(#1256,.T.);
#1258=IFCFACE((#1257));
#1259=IFCPOLYLOOP((#264,#285,#185));
#1260=IFCFACEOUTERBOUND(#1259,.T.);
#1261=IFCFACE((#1260));
#1262=IFCPOLYLOOP((#281,#255,#286));
#1263=IFCFACEOUTERBOUND(#1262,.T.);
#1264=IFCFACE((#1263));
#1265=IFCPOLYLOOP((#303,#286,#255));
#1266=IFCFACEOUTERBOUND(#1265,.T.);
#1267=IFCFACE((#1266));
#1268=IFCPOLYLOOP((#287,#240,#168));
#1269=IFCFACEOUTERBOUND(#1268,.T.);
#1270=IFCFACE((#1269));
#1271=IFCPOLYLOOP((#287,#166,#165));
#1272=IFCFACEOUTERBOUND(#1271,.T.);
#1273=IFCFACE((#1272));
#1274=IFCPOLYLOOP((#320,#288,#245));
#1275=IFCFACEOUTERBOUND(#1274,.T.);
#1276=IFCFACE((#1275));
#1277=IFCPOLYLOOP((#321,#289,#248));
#1278=IFCFACEOUTERBOUND(#1277,.T.);
#1279=IFCFACE((#1278));
#1280=IFCPOLYLOOP((#322,#289,#321));
#1281=IFCFACEOUTERBOUND(#1280,.T.);
#1282=IFCFACE((#1281));
#1283=IFCPOLYLOOP((#289,#244,#300));
#1284=IFCFACEOUTERBOUND(#1283,.T.);
#1285=IFCFACE((#1284));
#1286=IFCPOLYLOOP((#219,#290,#220));
#1287=IFCFACEOUTERBOUND(#1286,.T.);
#1288=IFCFACE((#1287));
#1289=IFCPOLYLOOP((#258,#173,#290));
#1290=IFCFACEOUTERBOUND(#1289,.T.);
#1291=IFCFACE((#1290));
#1292=IFCPOLYLOOP((#294,#291,#281));
#1293=IFCFACEOUTERBOUND(#1292,.T.);
#1294=IFCFACE((#1293));
#1295=IFCPOLYLOOP((#257,#292,#298));
#1296=IFCFACEOUTERBOUND(#1295,.T.);
#1297=IFCFACE((#1296));
#1298=IFCPOLYLOOP((#239,#236,#292));
#1299=IFCFACEOUTERBOUND(#1298,.T.);
#1300=IFCFACE((#1299));
#1301=IFCPOLYLOOP((#298,#236,#297));
#1302=IFCFACEOUTERBOUND(#1301,.T.);
#1303=IFCFACE((#1302));
#1304=IFCPOLYLOOP((#88,#293,#89));
#1305=IFCFACEOUTERBOUND(#1304,.T.);
#1306=IFCFACE((#1305));
#1307=IFCPOLYLOOP((#293,#241,#125));
#1308=IFCFACEOUTERBOUND(#1307,.T.);
#1309=IFCFACE((#1308));
#1310=IFCPOLYLOOP((#291,#294,#257));
#1311=IFCFACEOUTERBOUND(#1310,.T.);
#1312=IFCFACE((#1311));
#1313=IFCPOLYLOOP((#281,#256,#294));
#1314=IFCFACEOUTERBOUND(#1313,.T.);
#1315=IFCFACE((#1314));
#1316=IFCPOLYLOOP((#291,#245,#295));
#1317=IFCFACEOUTERBOUND(#1316,.T.);
#1318=IFCFACE((#1317));
#1319=IFCPOLYLOOP((#279,#295,#245));
#1320=IFCFACEOUTERBOUND(#1319,.T.);
#1321=IFCFACE((#1320));
#1322=IFCPOLYLOOP((#297,#268,#291));
#1323=IFCFACEOUTERBOUND(#1322,.T.);
#1324=IFCFACE((#1323));
#1325=IFCPOLYLOOP((#304,#271,#296));
#1326=IFCFACEOUTERBOUND(#1325,.T.);
#1327=IFCFACE((#1326));
#1328=IFCPOLYLOOP((#298,#291,#257));
#1329=IFCFACEOUTERBOUND(#1328,.T.);
#1330=IFCFACE((#1329));
#1331=IFCPOLYLOOP((#304,#297,#236));
#1332=IFCFACEOUTERBOUND(#1331,.T.);
#1333=IFCFACE((#1332));
#1334=IFCPOLYLOOP((#236,#298,#292));
#1335=IFCFACEOUTERBOUND(#1334,.T.);
#1336=IFCFACE((#1335));
#1337=IFCPOLYLOOP((#291,#298,#297));
#1338=IFCFACEOUTERBOUND(#1337,.T.);
#1339=IFCFACE((#1338));
#1340=IFCPOLYLOOP((#300,#299,#251));
#1341=IFCFACEOUTERBOUND(#1340,.T.);
#1342=IFCFACE((#1341));
#1343=IFCPOLYLOOP((#301,#299,#244));
#1344=IFCFACEOUTERBOUND(#1343,.T.);
#1345=IFCFACE((#1344));
#1346=IFCPOLYLOOP((#251,#280,#300));
#1347=IFCFACEOUTERBOUND(#1346,.T.);
#1348=IFCFACE((#1347));
#1349=IFCPOLYLOOP((#300,#280,#324));
#1350=IFCFACEOUTERBOUND(#1349,.T.);
#1351=IFCFACE((#1350));
#1352=IFCPOLYLOOP((#244,#322,#323));
#1353=IFCFACEOUTERBOUND(#1352,.T.);
#1354=IFCFACE((#1353));
#1355=IFCPOLYLOOP((#307,#252,#301));
#1356=IFCFACEOUTERBOUND(#1355,.T.);
#1357=IFCFACE((#1356));
#1358=IFCPOLYLOOP((#317,#302,#253));
#1359=IFCFACEOUTERBOUND(#1358,.T.);
#1360=IFCFACE((#1359));
#1361=IFCPOLYLOOP((#307,#308,#265));
#1362=IFCFACEOUTERBOUND(#1361,.T.);
#1363=IFCFACE((#1362));
#1364=IFCPOLYLOOP((#282,#303,#223));
#1365=IFCFACEOUTERBOUND(#1364,.T.);
#1366=IFCFACE((#1365));
#1367=IFCPOLYLOOP((#278,#303,#255));
#1368=IFCFACEOUTERBOUND(#1367,.T.);
#1369=IFCFACE((#1368));
#1370=IFCPOLYLOOP((#297,#304,#296));
#1371=IFCFACEOUTERBOUND(#1370,.T.);
#1372=IFCFACE((#1371));
#1373=IFCPOLYLOOP((#305,#236,#275));
#1374=IFCFACEOUTERBOUND(#1373,.T.);
#1375=IFCFACE((#1374));
#1376=IFCPOLYLOOP((#192,#305,#275));
#1377=IFCFACEOUTERBOUND(#1376,.T.);
#1378=IFCFACE((#1377));
#1379=IFCPOLYLOOP((#191,#271,#305));
#1380=IFCFACEOUTERBOUND(#1379,.T.);
#1381=IFCFACE((#1380));
#1382=IFCPOLYLOOP((#259,#248,#306));
#1383=IFCFACEOUTERBOUND(#1382,.T.);
#1384=IFCFACE((#1383));
#1385=IFCPOLYLOOP((#288,#306,#248));
#1386=IFCFACEOUTERBOUND(#1385,.T.);
#1387=IFCFACE((#1386));
#1388=IFCPOLYLOOP((#308,#301,#302));
#1389=IFCFACEOUTERBOUND(#1388,.T.);
#1390=IFCFACE((#1389));
#1391=IFCPOLYLOOP((#309,#307,#265));
#1392=IFCFACEOUTERBOUND(#1391,.T.);
#1393=IFCFACE((#1392));
#1394=IFCPOLYLOOP((#302,#266,#308));
#1395=IFCFACEOUTERBOUND(#1394,.T.);
#1396=IFCFACE((#1395));
#1397=IFCPOLYLOOP((#266,#315,#312));
#1398=IFCFACEOUTERBOUND(#1397,.T.);
#1399=IFCFACE((#1398));
#1400=IFCPOLYLOOP((#310,#311,#265));
#1401=IFCFACEOUTERBOUND(#1400,.T.);
#1402=IFCFACE((#1401));
#1403=IFCPOLYLOOP((#252,#309,#263));
#1404=IFCFACEOUTERBOUND(#1403,.T.);
#1405=IFCFACE((#1404));
#1406=IFCPOLYLOOP((#265,#311,#309));
#1407=IFCFACEOUTERBOUND(#1406,.T.);
#1408=IFCFACE((#1407));
#1409=IFCPOLYLOOP((#310,#249,#311));
#1410=IFCFACEOUTERBOUND(#1409,.T.);
#1411=IFCFACE((#1410));
#1412=IFCPOLYLOOP((#311,#249,#313));
#1413=IFCFACEOUTERBOUND(#1412,.T.);
#1414=IFCFACE((#1413));
#1415=IFCPOLYLOOP((#266,#312,#308));
#1416=IFCFACEOUTERBOUND(#1415,.T.);
#1417=IFCFACE((#1416));
#1418=IFCPOLYLOOP((#312,#315,#337,#246,#340,#310));
#1419=IFCFACEOUTERBOUND(#1418,.T.);
#1420=IFCFACE((#1419));
#1421=IFCPOLYLOOP((#311,#313,#263));
#1422=IFCFACEOUTERBOUND(#1421,.T.);
#1423=IFCFACE((#1422));
#1424=IFCPOLYLOOP((#183,#314,#184));
#1425=IFCFACEOUTERBOUND(#1424,.T.);
#1426=IFCFACE((#1425));
#1427=IFCPOLYLOOP((#316,#315,#266));
#1428=IFCFACEOUTERBOUND(#1427,.T.);
#1429=IFCFACE((#1428));
#1430=IFCPOLYLOOP((#264,#314,#316));
#1431=IFCFACEOUTERBOUND(#1430,.T.);
#1432=IFCFACE((#1431));
#1433=IFCPOLYLOOP((#317,#316,#266));
#1434=IFCFACEOUTERBOUND(#1433,.T.);
#1435=IFCFACE((#1434));
#1436=IFCPOLYLOOP((#302,#317,#266));
#1437=IFCFACEOUTERBOUND(#1436,.T.);
#1438=IFCFACE((#1437));
#1439=IFCPOLYLOOP((#253,#264,#317));
#1440=IFCFACEOUTERBOUND(#1439,.T.);
#1441=IFCFACE((#1440));
#1442=IFCPOLYLOOP((#127,#318,#239));
#1443=IFCFACEOUTERBOUND(#1442,.T.);
#1444=IFCFACE((#1443));
#1445=IFCPOLYLOOP((#318,#241,#86));
#1446=IFCFACEOUTERBOUND(#1445,.T.);
#1447=IFCFACE((#1446));
#1448=IFCPOLYLOOP((#251,#261,#319));
#1449=IFCFACEOUTERBOUND(#1448,.T.);
#1450=IFCFACE((#1449));
#1451=IFCPOLYLOOP((#279,#319,#261));
#1452=IFCFACEOUTERBOUND(#1451,.T.);
#1453=IFCFACE((#1452));
#1454=IFCPOLYLOOP((#291,#320,#245));
#1455=IFCFACEOUTERBOUND(#1454,.T.);
#1456=IFCFACE((#1455));
#1457=IFCPOLYLOOP((#268,#288,#320));
#1458=IFCFACEOUTERBOUND(#1457,.T.);
#1459=IFCFACE((#1458));
#1460=IFCPOLYLOOP((#248,#260,#321));
#1461=IFCFACEOUTERBOUND(#1460,.T.);
#1462=IFCFACE((#1461));
#1463=IFCPOLYLOOP((#274,#321,#260));
#1464=IFCFACEOUTERBOUND(#1463,.T.);
#1465=IFCFACE((#1464));
#1466=IFCPOLYLOOP((#323,#322,#274));
#1467=IFCFACEOUTERBOUND(#1466,.T.);
#1468=IFCFACE((#1467));
#1469=IFCPOLYLOOP((#244,#289,#322));
#1470=IFCFACEOUTERBOUND(#1469,.T.);
#1471=IFCFACE((#1470));
#1472=IFCPOLYLOOP((#253,#323,#274));
#1473=IFCFACEOUTERBOUND(#1472,.T.);
#1474=IFCFACE((#1473));
#1475=IFCPOLYLOOP((#244,#323,#302));
#1476=IFCFACEOUTERBOUND(#1475,.T.);
#1477=IFCFACE((#1476));
#1478=IFCPOLYLOOP((#288,#289,#324));
#1479=IFCFACEOUTERBOUND(#1478,.T.);
#1480=IFCFACE((#1479));
#1481=IFCPOLYLOOP((#300,#324,#289));
#1482=IFCFACEOUTERBOUND(#1481,.T.);
#1483=IFCFACE((#1482));
#1484=IFCPOLYLOOP((#334,#376,#218));
#1485=IFCFACEOUTERBOUND(#1484,.T.);
#1486=IFCFACE((#1485));
#1487=IFCPOLYLOOP((#376,#219,#218));
#1488=IFCFACEOUTERBOUND(#1487,.T.);
#1489=IFCFACE((#1488));
#1490=IFCPOLYLOOP((#399,#352,#400));
#1491=IFCFACEOUTERBOUND(#1490,.T.);
#1492=IFCFACE((#1491));
#1493=IFCPOLYLOOP((#343,#369,#353));
#1494=IFCFACEOUTERBOUND(#1493,.T.);
#1495=IFCFACE((#1494));
#1496=IFCPOLYLOOP((#352,#370,#344));
#1497=IFCFACEOUTERBOUND(#1496,.T.);
#1498=IFCFACE((#1497));
#1499=IFCPOLYLOOP((#182,#181,#372));
#1500=IFCFACEOUTERBOUND(#1499,.T.);
#1501=IFCFACE((#1500));
#1502=IFCPOLYLOOP((#209,#208,#353));
#1503=IFCFACEOUTERBOUND(#1502,.T.);
#1504=IFCFACE((#1503));
#1505=IFCPOLYLOOP((#336,#330,#372));
#1506=IFCFACEOUTERBOUND(#1505,.T.);
#1507=IFCFACE((#1506));
#1508=IFCPOLYLOOP((#336,#181,#180));
#1509=IFCFACEOUTERBOUND(#1508,.T.);
#1510=IFCFACE((#1509));
#1511=IFCPOLYLOOP((#332,#335,#137));
#1512=IFCFACEOUTERBOUND(#1511,.T.);
#1513=IFCFACE((#1512));
#1514=IFCPOLYLOOP((#400,#337,#315,#250));
#1515=IFCFACEOUTERBOUND(#1514,.T.);
#1516=IFCFACE((#1515));
#1517=IFCPOLYLOOP((#333,#393,#392));
#1518=IFCFACEOUTERBOUND(#1517,.T.);
#1519=IFCFACE((#1518));
#1520=IFCPOLYLOOP((#365,#350,#404));
#1521=IFCFACEOUTERBOUND(#1520,.T.);
#1522=IFCFACE((#1521));
#1523=IFCPOLYLOOP((#175,#376,#176));
#1524=IFCFACEOUTERBOUND(#1523,.T.);
#1525=IFCFACE((#1524));
#1526=IFCPOLYLOOP((#370,#352,#205));
#1527=IFCFACEOUTERBOUND(#1526,.T.);
#1528=IFCFACE((#1527));
#1529=IFCPOLYLOOP((#334,#177,#176));
#1530=IFCFACEOUTERBOUND(#1529,.T.);
#1531=IFCFACE((#1530));
#1532=IFCPOLYLOOP((#367,#371,#328));
#1533=IFCFACEOUTERBOUND(#1532,.T.);
#1534=IFCFACE((#1533));
#1535=IFCPOLYLOOP((#380,#373,#333));
#1536=IFCFACEOUTERBOUND(#1535,.T.);
#1537=IFCFACE((#1536));
#1538=IFCPOLYLOOP((#336,#180,#179));
#1539=IFCFACEOUTERBOUND(#1538,.T.);
#1540=IFCFACE((#1539));
#1541=IFCPOLYLOOP((#331,#328,#347));
#1542=IFCFACEOUTERBOUND(#1541,.T.);
#1543=IFCFACE((#1542));
#1544=IFCPOLYLOOP((#247,#165,#182));
#1545=IFCFACEOUTERBOUND(#1544,.T.);
#1546=IFCFACE((#1545));
#1547=IFCPOLYLOOP((#140,#254,#123));
#1548=IFCFACEOUTERBOUND(#1547,.T.);
#1549=IFCFACE((#1548));
#1550=IFCPOLYLOOP((#212,#350,#213));
#1551=IFCFACEOUTERBOUND(#1550,.T.);
#1552=IFCFACE((#1551));
#1553=IFCPOLYLOOP((#210,#209,#369));
#1554=IFCFACEOUTERBOUND(#1553,.T.);
#1555=IFCFACE((#1554));
#1556=IFCPOLYLOOP((#98,#196,#326));
#1557=IFCFACEOUTERBOUND(#1556,.T.);
#1558=IFCFACE((#1557));
#1559=IFCPOLYLOOP((#347,#336,#331));
#1560=IFCFACEOUTERBOUND(#1559,.T.);
#1561=IFCFACE((#1560));
#1562=IFCPOLYLOOP((#372,#181,#336));
#1563=IFCFACEOUTERBOUND(#1562,.T.);
#1564=IFCFACE((#1563));
#1565=IFCPOLYLOOP((#218,#217,#334));
#1566=IFCFACEOUTERBOUND(#1565,.T.);
#1567=IFCFACE((#1566));
#1568=IFCPOLYLOOP((#139,#379,#140));
#1569=IFCFACEOUTERBOUND(#1568,.T.);
#1570=IFCFACE((#1569));
#1571=IFCPOLYLOOP((#385,#351,#343));
#1572=IFCFACEOUTERBOUND(#1571,.T.);
#1573=IFCFACE((#1572));
#1574=IFCPOLYLOOP((#366,#374,#339));
#1575=IFCFACEOUTERBOUND(#1574,.T.);
#1576=IFCFACE((#1575));
#1577=IFCPOLYLOOP((#81,#98,#326));
#1578=IFCFACEOUTERBOUND(#1577,.T.);
#1579=IFCFACE((#1578));
#1580=IFCPOLYLOOP((#352,#344,#356));
#1581=IFCFACEOUTERBOUND(#1580,.T.);
#1582=IFCFACE((#1581));
#1583=IFCPOLYLOOP((#344,#361,#362));
#1584=IFCFACEOUTERBOUND(#1583,.T.);
#1585=IFCFACE((#1584));
#1586=IFCPOLYLOOP((#212,#368,#350));
#1587=IFCFACEOUTERBOUND(#1586,.T.);
#1588=IFCFACE((#1587));
#1589=IFCPOLYLOOP((#387,#384,#357));
#1590=IFCFACEOUTERBOUND(#1589,.T.);
#1591=IFCFACE((#1590));
#1592=IFCPOLYLOOP((#81,#326,#195));
#1593=IFCFACEOUTERBOUND(#1592,.T.);
#1594=IFCFACE((#1593));
#1595=IFCPOLYLOOP((#364,#213,#350));
#1596=IFCFACEOUTERBOUND(#1595,.T.);
#1597=IFCFACE((#1596));
#1598=IFCPOLYLOOP((#368,#351,#342));
#1599=IFCFACEOUTERBOUND(#1598,.T.);
#1600=IFCFACE((#1599));
#1601=IFCPOLYLOOP((#91,#379,#92));
#1602=IFCFACEOUTERBOUND(#1601,.T.);
#1603=IFCFACE((#1602));
#1604=IFCPOLYLOOP((#91,#90,#254));
#1605=IFCFACEOUTERBOUND(#1604,.T.);
#1606=IFCFACE((#1605));
#1607=IFCPOLYLOOP((#133,#132,#378));
#1608=IFCFACEOUTERBOUND(#1607,.T.);
#1609=IFCFACE((#1608));
#1610=IFCPOLYLOOP((#175,#174,#258));
#1611=IFCFACEOUTERBOUND(#1610,.T.);
#1612=IFCFACE((#1611));
#1613=IFCPOLYLOOP((#331,#336,#179));
#1614=IFCFACEOUTERBOUND(#1613,.T.);
#1615=IFCFACE((#1614));
#1616=IFCPOLYLOOP((#139,#138,#335));
#1617=IFCFACEOUTERBOUND(#1616,.T.);
#1618=IFCFACE((#1617));
#1619=IFCPOLYLOOP((#97,#196,#98));
#1620=IFCFACEOUTERBOUND(#1619,.T.);
#1621=IFCFACE((#1620));
#1622=IFCPOLYLOOP((#97,#96,#327));
#1623=IFCFACEOUTERBOUND(#1622,.T.);
#1624=IFCFACE((#1623));
#1625=IFCPOLYLOOP((#332,#329,#363));
#1626=IFCFACEOUTERBOUND(#1625,.T.);
#1627=IFCFACE((#1626));
#1628=IFCPOLYLOOP((#391,#329,#332));
#1629=IFCFACEOUTERBOUND(#1628,.T.);
#1630=IFCFACE((#1629));
#1631=IFCPOLYLOOP((#334,#217,#354));
#1632=IFCFACEOUTERBOUND(#1631,.T.);
#1633=IFCFACE((#1632));
#1634=IFCPOLYLOOP((#96,#95,#325));
#1635=IFCFACEOUTERBOUND(#1634,.T.);
#1636=IFCFACE((#1635));
#1637=IFCPOLYLOOP((#93,#92,#335));
#1638=IFCFACEOUTERBOUND(#1637,.T.);
#1639=IFCFACE((#1638));
#1640=IFCPOLYLOOP((#373,#247,#372));
#1641=IFCFACEOUTERBOUND(#1640,.T.);
#1642=IFCFACE((#1641));
#1643=IFCPOLYLOOP((#136,#333,#392));
#1644=IFCFACEOUTERBOUND(#1643,.T.);
#1645=IFCFACE((#1644));
#1646=IFCPOLYLOOP((#96,#325,#327));
#1647=IFCFACEOUTERBOUND(#1646,.T.);
#1648=IFCFACE((#1647));
#1649=IFCPOLYLOOP((#247,#373,#234));
#1650=IFCFACEOUTERBOUND(#1649,.T.);
#1651=IFCFACE((#1650));
#1652=IFCPOLYLOOP((#213,#364,#214));
#1653=IFCFACEOUTERBOUND(#1652,.T.);
#1654=IFCFACE((#1653));
#1655=IFCPOLYLOOP((#367,#328,#354));
#1656=IFCFACEOUTERBOUND(#1655,.T.);
#1657=IFCFACE((#1656));
#1658=IFCPOLYLOOP((#374,#375,#341));
#1659=IFCFACEOUTERBOUND(#1658,.T.);
#1660=IFCFACE((#1659));
#1661=IFCPOLYLOOP((#405,#339,#374));
#1662=IFCFACEOUTERBOUND(#1661,.T.);
#1663=IFCFACE((#1662));
#1664=IFCPOLYLOOP((#373,#380,#234));
#1665=IFCFACEOUTERBOUND(#1664,.T.);
#1666=IFCFACE((#1665));
#1667=IFCPOLYLOOP((#348,#200,#360));
#1668=IFCFACEOUTERBOUND(#1667,.T.);
#1669=IFCFACE((#1668));
#1670=IFCPOLYLOOP((#178,#331,#179));
#1671=IFCFACEOUTERBOUND(#1670,.T.);
#1672=IFCFACE((#1671));
#1673=IFCPOLYLOOP((#354,#216,#367));
#1674=IFCFACEOUTERBOUND(#1673,.T.);
#1675=IFCFACE((#1674));
#1676=IFCPOLYLOOP((#354,#328,#331));
#1677=IFCFACEOUTERBOUND(#1676,.T.);
#1678=IFCFACE((#1677));
#1679=IFCPOLYLOOP((#177,#334,#178));
#1680=IFCFACEOUTERBOUND(#1679,.T.);
#1681=IFCFACE((#1680));
#1682=IFCPOLYLOOP((#390,#215,#214));
#1683=IFCFACEOUTERBOUND(#1682,.T.);
#1684=IFCFACE((#1683));
#1685=IFCPOLYLOOP((#364,#365,#345));
#1686=IFCFACEOUTERBOUND(#1685,.T.);
#1687=IFCFACE((#1686));
#1688=IFCPOLYLOOP((#402,#353,#401));
#1689=IFCFACEOUTERBOUND(#1688,.T.);
#1690=IFCFACE((#1689));
#1691=IFCPOLYLOOP((#371,#358,#347));
#1692=IFCFACEOUTERBOUND(#1691,.T.);
#1693=IFCFACE((#1692));
#1694=IFCPOLYLOOP((#371,#347,#328));
#1695=IFCFACEOUTERBOUND(#1694,.T.);
#1696=IFCFACE((#1695));
#1697=IFCPOLYLOOP((#384,#385,#343));
#1698=IFCFACEOUTERBOUND(#1697,.T.);
#1699=IFCFACE((#1698));
#1700=IFCPOLYLOOP((#368,#212,#211));
#1701=IFCFACEOUTERBOUND(#1700,.T.);
#1702=IFCFACE((#1701));
#1703=IFCPOLYLOOP((#183,#206,#399));
#1704=IFCFACEOUTERBOUND(#1703,.T.);
#1705=IFCFACE((#1704));
#1706=IFCPOLYLOOP((#359,#202,#201));
#1707=IFCFACEOUTERBOUND(#1706,.T.);
#1708=IFCFACE((#1707));
#1709=IFCPOLYLOOP((#376,#334,#176));
#1710=IFCFACEOUTERBOUND(#1709,.T.);
#1711=IFCFACE((#1710));
#1712=IFCPOLYLOOP((#210,#351,#211));
#1713=IFCFACEOUTERBOUND(#1712,.T.);
#1714=IFCFACE((#1713));
#1715=IFCPOLYLOOP((#210,#369,#351));
#1716=IFCFACEOUTERBOUND(#1715,.T.);
#1717=IFCFACE((#1716));
#1718=IFCPOLYLOOP((#393,#346,#392));
#1719=IFCFACEOUTERBOUND(#1718,.T.);
#1720=IFCFACE((#1719));
#1721=IFCPOLYLOOP((#360,#200,#199));
#1722=IFCFACEOUTERBOUND(#1721,.T.);
#1723=IFCFACE((#1722));
#1724=IFCPOLYLOOP((#352,#206,#205));
#1725=IFCFACEOUTERBOUND(#1724,.T.);
#1726=IFCFACE((#1725));
#1727=IFCPOLYLOOP((#95,#94,#197));
#1728=IFCFACEOUTERBOUND(#1727,.T.);
#1729=IFCFACE((#1728));
#1730=IFCPOLYLOOP((#93,#335,#94));
#1731=IFCFACEOUTERBOUND(#1730,.T.);
#1732=IFCFACE((#1731));
#1733=IFCPOLYLOOP((#403,#332,#363));
#1734=IFCFACEOUTERBOUND(#1733,.T.);
#1735=IFCFACE((#1734));
#1736=IFCPOLYLOOP((#333,#136,#135));
#1737=IFCFACEOUTERBOUND(#1736,.T.);
#1738=IFCFACE((#1737));
#1739=IFCPOLYLOOP((#331,#178,#334));
#1740=IFCFACEOUTERBOUND(#1739,.T.);
#1741=IFCFACE((#1740));
#1742=IFCPOLYLOOP((#94,#335,#403));
#1743=IFCFACEOUTERBOUND(#1742,.T.);
#1744=IFCFACE((#1743));
#1745=IFCPOLYLOOP((#380,#135,#134));
#1746=IFCFACEOUTERBOUND(#1745,.T.);
#1747=IFCFACE((#1746));
#1748=IFCPOLYLOOP((#197,#94,#403));
#1749=IFCFACEOUTERBOUND(#1748,.T.);
#1750=IFCFACE((#1749));
#1751=IFCPOLYLOOP((#136,#332,#137));
#1752=IFCFACEOUTERBOUND(#1751,.T.);
#1753=IFCFACE((#1752));
#1754=IFCPOLYLOOP((#138,#137,#335));
#1755=IFCFACEOUTERBOUND(#1754,.T.);
#1756=IFCFACE((#1755));
#1757=IFCPOLYLOOP((#198,#363,#397));
#1758=IFCFACEOUTERBOUND(#1757,.T.);
#1759=IFCFACE((#1758));
#1760=IFCPOLYLOOP((#196,#97,#327));
#1761=IFCFACEOUTERBOUND(#1760,.T.);
#1762=IFCFACE((#1761));
#1763=IFCPOLYLOOP((#346,#347,#358));
#1764=IFCFACEOUTERBOUND(#1763,.T.);
#1765=IFCFACE((#1764));
#1766=IFCPOLYLOOP((#348,#381,#398));
#1767=IFCFACEOUTERBOUND(#1766,.T.);
#1768=IFCFACE((#1767));
#1769=IFCPOLYLOOP((#201,#348,#359));
#1770=IFCFACEOUTERBOUND(#1769,.T.);
#1771=IFCFACE((#1770));
#1772=IFCPOLYLOOP((#357,#343,#353));
#1773=IFCFACEOUTERBOUND(#1772,.T.);
#1774=IFCFACE((#1773));
#1775=IFCPOLYLOOP((#91,#254,#379));
#1776=IFCFACEOUTERBOUND(#1775,.T.);
#1777=IFCFACE((#1776));
#1778=IFCPOLYLOOP((#349,#359,#341));
#1779=IFCFACEOUTERBOUND(#1778,.T.);
#1780=IFCFACE((#1779));
#1781=IFCPOLYLOOP((#405,#383,#339));
#1782=IFCFACEOUTERBOUND(#1781,.T.);
#1783=IFCFACE((#1782));
#1784=IFCPOLYLOOP((#201,#200,#348));
#1785=IFCFACEOUTERBOUND(#1784,.T.);
#1786=IFCFACE((#1785));
#1787=IFCPOLYLOOP((#203,#202,#349));
#1788=IFCFACEOUTERBOUND(#1787,.T.);
#1789=IFCFACE((#1788));
#1790=IFCPOLYLOOP((#139,#335,#379));
#1791=IFCFACEOUTERBOUND(#1790,.T.);
#1792=IFCFACE((#1791));
#1793=IFCPOLYLOOP((#204,#370,#205));
#1794=IFCFACEOUTERBOUND(#1793,.T.);
#1795=IFCFACE((#1794));
#1796=IFCPOLYLOOP((#339,#365,#366));
#1797=IFCFACEOUTERBOUND(#1796,.T.);
#1798=IFCFACE((#1797));
#1799=IFCPOLYLOOP((#349,#361,#203));
#1800=IFCFACEOUTERBOUND(#1799,.T.);
#1801=IFCFACE((#1800));
#1802=IFCPOLYLOOP((#346,#391,#392));
#1803=IFCFACEOUTERBOUND(#1802,.T.);
#1804=IFCFACE((#1803));
#1805=IFCPOLYLOOP((#347,#330,#336));
#1806=IFCFACEOUTERBOUND(#1805,.T.);
#1807=IFCFACE((#1806));
#1808=IFCPOLYLOOP((#95,#197,#325));
#1809=IFCFACEOUTERBOUND(#1808,.T.);
#1810=IFCFACE((#1809));
#1811=IFCPOLYLOOP((#203,#361,#204));
#1812=IFCFACEOUTERBOUND(#1811,.T.);
#1813=IFCFACE((#1812));
#1814=IFCPOLYLOOP((#207,#249,#401));
#1815=IFCFACEOUTERBOUND(#1814,.T.);
#1816=IFCFACE((#1815));
#1817=IFCPOLYLOOP((#183,#399,#250));
#1818=IFCFACEOUTERBOUND(#1817,.T.);
#1819=IFCFACE((#1818));
#1820=IFCPOLYLOOP((#399,#206,#352));
#1821=IFCFACEOUTERBOUND(#1820,.T.);
#1822=IFCFACE((#1821));
#1823=IFCPOLYLOOP((#208,#401,#353));
#1824=IFCFACEOUTERBOUND(#1823,.T.);
#1825=IFCFACE((#1824));
#1826=IFCPOLYLOOP((#402,#340,#357));
#1827=IFCFACEOUTERBOUND(#1826,.T.);
#1828=IFCFACE((#1827));
#1829=IFCPOLYLOOP((#334,#354,#331));
#1830=IFCFACEOUTERBOUND(#1829,.T.);
#1831=IFCFACE((#1830));
#1832=IFCPOLYLOOP((#217,#216,#354));
#1833=IFCFACEOUTERBOUND(#1832,.T.);
#1834=IFCFACE((#1833));
#1835=IFCPOLYLOOP((#381,#348,#360));
#1836=IFCFACEOUTERBOUND(#1835,.T.);
#1837=IFCFACE((#1836));
#1838=IFCPOLYLOOP((#355,#381,#382));
#1839=IFCFACEOUTERBOUND(#1838,.T.);
#1840=IFCFACE((#1839));
#1841=IFCPOLYLOOP((#408,#344,#362));
#1842=IFCFACEOUTERBOUND(#1841,.T.);
#1843=IFCFACE((#1842));
#1844=IFCPOLYLOOP((#337,#389,#388,#340,#246));
#1845=IFCFACEOUTERBOUND(#1844,.T.);
#1846=IFCFACE((#1845));
#1847=IFCPOLYLOOP((#389,#356,#387));
#1848=IFCFACEOUTERBOUND(#1847,.T.);
#1849=IFCFACE((#1848));
#1850=IFCPOLYLOOP((#377,#356,#344));
#1851=IFCFACEOUTERBOUND(#1850,.T.);
#1852=IFCFACE((#1851));
#1853=IFCPOLYLOOP((#365,#395,#345));
#1854=IFCFACEOUTERBOUND(#1853,.T.);
#1855=IFCFACE((#1854));
#1856=IFCPOLYLOOP((#383,#355,#382));
#1857=IFCFACEOUTERBOUND(#1856,.T.);
#1858=IFCFACE((#1857));
#1859=IFCPOLYLOOP((#341,#359,#348));
#1860=IFCFACEOUTERBOUND(#1859,.T.);
#1861=IFCFACE((#1860));
#1862=IFCPOLYLOOP((#349,#202,#359));
#1863=IFCFACEOUTERBOUND(#1862,.T.);
#1864=IFCFACE((#1863));
#1865=IFCPOLYLOOP((#397,#363,#329));
#1866=IFCFACEOUTERBOUND(#1865,.T.);
#1867=IFCFACE((#1866));
#1868=IFCPOLYLOOP((#381,#355,#398));
#1869=IFCFACEOUTERBOUND(#1868,.T.);
#1870=IFCFACE((#1869));
#1871=IFCPOLYLOOP((#362,#361,#349));
#1872=IFCFACEOUTERBOUND(#1871,.T.);
#1873=IFCFACE((#1872));
#1874=IFCPOLYLOOP((#370,#361,#344));
#1875=IFCFACEOUTERBOUND(#1874,.T.);
#1876=IFCFACE((#1875));
#1877=IFCPOLYLOOP((#351,#369,#343));
#1878=IFCFACEOUTERBOUND(#1877,.T.);
#1879=IFCFACE((#1878));
#1880=IFCPOLYLOOP((#406,#341,#375));
#1881=IFCFACEOUTERBOUND(#1880,.T.);
#1882=IFCFACE((#1881));
#1883=IFCPOLYLOOP((#362,#407,#408));
#1884=IFCFACEOUTERBOUND(#1883,.T.);
#1885=IFCFACE((#1884));
#1886=IFCPOLYLOOP((#396,#397,#329));
#1887=IFCFACEOUTERBOUND(#1886,.T.);
#1888=IFCFACE((#1887));
#1889=IFCPOLYLOOP((#403,#198,#197));
#1890=IFCFACEOUTERBOUND(#1889,.T.);
#1891=IFCFACE((#1890));
#1892=IFCPOLYLOOP((#365,#364,#350));
#1893=IFCFACEOUTERBOUND(#1892,.T.);
#1894=IFCFACE((#1893));
#1895=IFCPOLYLOOP((#390,#364,#345));
#1896=IFCFACEOUTERBOUND(#1895,.T.);
#1897=IFCFACE((#1896));
#1898=IFCPOLYLOOP((#365,#404,#366));
#1899=IFCFACEOUTERBOUND(#1898,.T.);
#1900=IFCFACE((#1899));
#1901=IFCPOLYLOOP((#365,#339,#395));
#1902=IFCFACEOUTERBOUND(#1901,.T.);
#1903=IFCFACE((#1902));
#1904=IFCPOLYLOOP((#386,#342,#385));
#1905=IFCFACEOUTERBOUND(#1904,.T.);
#1906=IFCFACE((#1905));
#1907=IFCPOLYLOOP((#375,#407,#406));
#1908=IFCFACEOUTERBOUND(#1907,.T.);
#1909=IFCFACE((#1908));
#1910=IFCPOLYLOOP((#216,#215,#367));
#1911=IFCFACEOUTERBOUND(#1910,.T.);
#1912=IFCFACE((#1911));
#1913=IFCPOLYLOOP((#367,#215,#390));
#1914=IFCFACEOUTERBOUND(#1913,.T.);
#1915=IFCFACE((#1914));
#1916=IFCPOLYLOOP((#351,#368,#211));
#1917=IFCFACEOUTERBOUND(#1916,.T.);
#1918=IFCFACE((#1917));
#1919=IFCPOLYLOOP((#350,#368,#342));
#1920=IFCFACEOUTERBOUND(#1919,.T.);
#1921=IFCFACE((#1920));
#1922=IFCPOLYLOOP((#353,#369,#209));
#1923=IFCFACEOUTERBOUND(#1922,.T.);
#1924=IFCFACE((#1923));
#1925=IFCPOLYLOOP((#361,#370,#204));
#1926=IFCFACEOUTERBOUND(#1925,.T.);
#1927=IFCFACE((#1926));
#1928=IFCPOLYLOOP((#390,#371,#367));
#1929=IFCFACEOUTERBOUND(#1928,.T.);
#1930=IFCFACE((#1929));
#1931=IFCPOLYLOOP((#358,#371,#345));
#1932=IFCFACEOUTERBOUND(#1931,.T.);
#1933=IFCFACE((#1932));
#1934=IFCPOLYLOOP((#372,#330,#373));
#1935=IFCFACEOUTERBOUND(#1934,.T.);
#1936=IFCFACE((#1935));
#1937=IFCPOLYLOOP((#182,#372,#247));
#1938=IFCFACEOUTERBOUND(#1937,.T.);
#1939=IFCFACE((#1938));
#1940=IFCPOLYLOOP((#330,#333,#373));
#1941=IFCFACEOUTERBOUND(#1940,.T.);
#1942=IFCFACE((#1941));
#1943=IFCPOLYLOOP((#378,#380,#133));
#1944=IFCFACEOUTERBOUND(#1943,.T.);
#1945=IFCFACE((#1944));
#1946=IFCPOLYLOOP((#386,#375,#409));
#1947=IFCFACEOUTERBOUND(#1946,.T.);
#1948=IFCFACE((#1947));
#1949=IFCPOLYLOOP((#374,#341,#398));
#1950=IFCFACEOUTERBOUND(#1949,.T.);
#1951=IFCFACE((#1950));
#1952=IFCPOLYLOOP((#409,#366,#386));
#1953=IFCFACEOUTERBOUND(#1952,.T.);
#1954=IFCFACE((#1953));
#1955=IFCPOLYLOOP((#362,#406,#407));
#1956=IFCFACEOUTERBOUND(#1955,.T.);
#1957=IFCFACE((#1956));
#1958=IFCPOLYLOOP((#175,#258,#376));
#1959=IFCFACEOUTERBOUND(#1958,.T.);
#1960=IFCFACE((#1959));
#1961=IFCPOLYLOOP((#219,#376,#258));
#1962=IFCFACEOUTERBOUND(#1961,.T.);
#1963=IFCFACE((#1962));
#1964=IFCPOLYLOOP((#384,#377,#338));
#1965=IFCFACEOUTERBOUND(#1964,.T.);
#1966=IFCFACE((#1965));
#1967=IFCPOLYLOOP((#135,#380,#333));
#1968=IFCFACEOUTERBOUND(#1967,.T.);
#1969=IFCFACE((#1968));
#1970=IFCPOLYLOOP((#378,#234,#380));
#1971=IFCFACEOUTERBOUND(#1970,.T.);
#1972=IFCFACE((#1971));
#1973=IFCPOLYLOOP((#140,#379,#254));
#1974=IFCFACEOUTERBOUND(#1973,.T.);
#1975=IFCFACE((#1974));
#1976=IFCPOLYLOOP((#92,#379,#335));
#1977=IFCFACEOUTERBOUND(#1976,.T.);
#1978=IFCFACE((#1977));
#1979=IFCPOLYLOOP((#387,#356,#377));
#1980=IFCFACEOUTERBOUND(#1979,.T.);
#1981=IFCFACE((#1980));
#1982=IFCPOLYLOOP((#133,#380,#134));
#1983=IFCFACEOUTERBOUND(#1982,.T.);
#1984=IFCFACE((#1983));
#1985=IFCPOLYLOOP((#360,#396,#381));
#1986=IFCFACEOUTERBOUND(#1985,.T.);
#1987=IFCFACE((#1986));
#1988=IFCPOLYLOOP((#381,#396,#382));
#1989=IFCFACEOUTERBOUND(#1988,.T.);
#1990=IFCFACE((#1989));
#1991=IFCPOLYLOOP((#391,#382,#329));
#1992=IFCFACEOUTERBOUND(#1991,.T.);
#1993=IFCFACE((#1992));
#1994=IFCPOLYLOOP((#394,#358,#383));
#1995=IFCFACEOUTERBOUND(#1994,.T.);
#1996=IFCFACE((#1995));
#1997=IFCPOLYLOOP((#394,#383,#382));
#1998=IFCFACEOUTERBOUND(#1997,.T.);
#1999=IFCFACE((#1998));
#2000=IFCPOLYLOOP((#395,#383,#358));
#2001=IFCFACEOUTERBOUND(#2000,.T.);
#2002=IFCFACE((#2001));
#2003=IFCPOLYLOOP((#385,#384,#338));
#2004=IFCFACEOUTERBOUND(#2003,.T.);
#2005=IFCFACE((#2004));
#2006=IFCPOLYLOOP((#357,#384,#343));
#2007=IFCFACEOUTERBOUND(#2006,.T.);
#2008=IFCFACE((#2007));
#2009=IFCPOLYLOOP((#386,#385,#338));
#2010=IFCFACEOUTERBOUND(#2009,.T.);
#2011=IFCFACE((#2010));
#2012=IFCPOLYLOOP((#385,#342,#351));
#2013=IFCFACEOUTERBOUND(#2012,.T.);
#2014=IFCFACE((#2013));
#2015=IFCPOLYLOOP((#386,#338,#407));
#2016=IFCFACEOUTERBOUND(#2015,.T.);
#2017=IFCFACE((#2016));
#2018=IFCPOLYLOOP((#342,#386,#366));
#2019=IFCFACEOUTERBOUND(#2018,.T.);
#2020=IFCFACE((#2019));
#2021=IFCPOLYLOOP((#384,#387,#377));
#2022=IFCFACEOUTERBOUND(#2021,.T.);
#2023=IFCFACE((#2022));
#2024=IFCPOLYLOOP((#387,#357,#388));
#2025=IFCFACEOUTERBOUND(#2024,.T.);
#2026=IFCFACE((#2025));
#2027=IFCPOLYLOOP((#357,#340,#388));
#2028=IFCFACEOUTERBOUND(#2027,.T.);
#2029=IFCFACE((#2028));
#2030=IFCPOLYLOOP((#356,#389,#337));
#2031=IFCFACEOUTERBOUND(#2030,.T.);
#2032=IFCFACE((#2031));
#2033=IFCPOLYLOOP((#388,#389,#387));
#2034=IFCFACEOUTERBOUND(#2033,.T.);
#2035=IFCFACE((#2034));
#2036=IFCPOLYLOOP((#364,#390,#214));
#2037=IFCFACEOUTERBOUND(#2036,.T.);
#2038=IFCFACE((#2037));
#2039=IFCPOLYLOOP((#390,#345,#371));
#2040=IFCFACEOUTERBOUND(#2039,.T.);
#2041=IFCFACE((#2040));
#2042=IFCPOLYLOOP((#332,#136,#392));
#2043=IFCFACEOUTERBOUND(#2042,.T.);
#2044=IFCFACE((#2043));
#2045=IFCPOLYLOOP((#391,#346,#394));
#2046=IFCFACEOUTERBOUND(#2045,.T.);
#2047=IFCFACE((#2046));
#2048=IFCPOLYLOOP((#332,#392,#391));
#2049=IFCFACEOUTERBOUND(#2048,.T.);
#2050=IFCFACE((#2049));
#2051=IFCPOLYLOOP((#393,#333,#330));
#2052=IFCFACEOUTERBOUND(#2051,.T.);
#2053=IFCFACE((#2052));
#2054=IFCPOLYLOOP((#330,#347,#393));
#2055=IFCFACEOUTERBOUND(#2054,.T.);
#2056=IFCFACE((#2055));
#2057=IFCPOLYLOOP((#347,#346,#393));
#2058=IFCFACEOUTERBOUND(#2057,.T.);
#2059=IFCFACE((#2058));
#2060=IFCPOLYLOOP((#391,#394,#382));
#2061=IFCFACEOUTERBOUND(#2060,.T.);
#2062=IFCFACE((#2061));
#2063=IFCPOLYLOOP((#358,#394,#346));
#2064=IFCFACEOUTERBOUND(#2063,.T.);
#2065=IFCFACE((#2064));
#2066=IFCPOLYLOOP((#383,#395,#339));
#2067=IFCFACEOUTERBOUND(#2066,.T.);
#2068=IFCFACE((#2067));
#2069=IFCPOLYLOOP((#358,#345,#395));
#2070=IFCFACEOUTERBOUND(#2069,.T.);
#2071=IFCFACE((#2070));
#2072=IFCPOLYLOOP((#396,#360,#397));
#2073=IFCFACEOUTERBOUND(#2072,.T.);
#2074=IFCFACE((#2073));
#2075=IFCPOLYLOOP((#382,#396,#329));
#2076=IFCFACEOUTERBOUND(#2075,.T.);
#2077=IFCFACE((#2076));
#2078=IFCPOLYLOOP((#360,#199,#397));
#2079=IFCFACEOUTERBOUND(#2078,.T.);
#2080=IFCFACE((#2079));
#2081=IFCPOLYLOOP((#198,#397,#199));
#2082=IFCFACEOUTERBOUND(#2081,.T.);
#2083=IFCFACE((#2082));
#2084=IFCPOLYLOOP((#374,#398,#355));
#2085=IFCFACEOUTERBOUND(#2084,.T.);
#2086=IFCFACE((#2085));
#2087=IFCPOLYLOOP((#341,#348,#398));
#2088=IFCFACEOUTERBOUND(#2087,.T.);
#2089=IFCFACE((#2088));
#2090=IFCPOLYLOOP((#400,#352,#356));
#2091=IFCFACEOUTERBOUND(#2090,.T.);
#2092=IFCFACE((#2091));
#2093=IFCPOLYLOOP((#337,#400,#356));
#2094=IFCFACEOUTERBOUND(#2093,.T.);
#2095=IFCFACE((#2094));
#2096=IFCPOLYLOOP((#250,#399,#400));
#2097=IFCFACEOUTERBOUND(#2096,.T.);
#2098=IFCFACE((#2097));
#2099=IFCPOLYLOOP((#207,#401,#208));
#2100=IFCFACEOUTERBOUND(#2099,.T.);
#2101=IFCFACE((#2100));
#2102=IFCPOLYLOOP((#402,#401,#249));
#2103=IFCFACEOUTERBOUND(#2102,.T.);
#2104=IFCFACE((#2103));
#2105=IFCPOLYLOOP((#402,#249,#310,#340));
#2106=IFCFACEOUTERBOUND(#2105,.T.);
#2107=IFCFACE((#2106));
#2108=IFCPOLYLOOP((#353,#402,#357));
#2109=IFCFACEOUTERBOUND(#2108,.T.);
#2110=IFCFACE((#2109));
#2111=IFCPOLYLOOP((#332,#403,#335));
#2112=IFCFACEOUTERBOUND(#2111,.T.);
#2113=IFCFACE((#2112));
#2114=IFCPOLYLOOP((#198,#403,#363));
#2115=IFCFACEOUTERBOUND(#2114,.T.);
#2116=IFCFACE((#2115));
#2117=IFCPOLYLOOP((#350,#342,#404));
#2118=IFCFACEOUTERBOUND(#2117,.T.);
#2119=IFCFACE((#2118));
#2120=IFCPOLYLOOP((#342,#366,#404));
#2121=IFCFACEOUTERBOUND(#2120,.T.);
#2122=IFCFACE((#2121));
#2123=IFCPOLYLOOP((#374,#355,#405));
#2124=IFCFACEOUTERBOUND(#2123,.T.);
#2125=IFCFACE((#2124));
#2126=IFCPOLYLOOP((#383,#405,#355));
#2127=IFCFACEOUTERBOUND(#2126,.T.);
#2128=IFCFACE((#2127));
#2129=IFCPOLYLOOP((#362,#349,#406));
#2130=IFCFACEOUTERBOUND(#2129,.T.);
#2131=IFCFACE((#2130));
#2132=IFCPOLYLOOP((#341,#406,#349));
#2133=IFCFACEOUTERBOUND(#2132,.T.);
#2134=IFCFACE((#2133));
#2135=IFCPOLYLOOP((#386,#407,#375));
#2136=IFCFACEOUTERBOUND(#2135,.T.);
#2137=IFCFACE((#2136));
#2138=IFCPOLYLOOP((#408,#338,#377));
#2139=IFCFACEOUTERBOUND(#2138,.T.);
#2140=IFCFACE((#2139));
#2141=IFCPOLYLOOP((#338,#408,#407));
#2142=IFCFACEOUTERBOUND(#2141,.T.);
#2143=IFCFACE((#2142));
#2144=IFCPOLYLOOP((#344,#408,#377));
#2145=IFCFACEOUTERBOUND(#2144,.T.);
#2146=IFCFACE((#2145));
#2147=IFCPOLYLOOP((#375,#374,#409));
#2148=IFCFACEOUTERBOUND(#2147,.T.);
#2149=IFCFACE((#2148));
#2150=IFCPOLYLOOP((#366,#409,#374));
#2151=IFCFACEOUTERBOUND(#2150,.T.);
#2152=IFCFACE((#2151));
#2153=IFCCLOSEDSHELL((#412,#415,#418,#421,#424,#427,#430,#433,#436,#439,#442,#445,#448,#451,#454,#457,#460,#463,#466,#469,#472,#475,#478,#481,#484,#487,#490,#493,#496,#499,#502,#505,#508,#511,#514,#517,#520,#523,#526,#529,#532,#535,#538,#541,#544,#547,#550,#553,#556,#559,#562,#565,#568,#571,#574,#577,#580,#583,#586,#589,#592,#595,#598,#601,#604,#607,#610,#613,#616,#619,#622,#625,#628,#631,#634,#637,#640,#643,#646,#649,#652,#655,#658,#661,#664,#667,#670,#673,#676,#679,#682,#685,#688,#691,#694,#697,#700,#703,#706,#709,#712,#715,#718,#721,#724,#727,#730,#733,#736,#739,#742,#745,#748,#751,#754,#757,#760,#763,#766,#769,#772,#775,#778,#781,#784,#787,#790,#793,#796,#799,#802,#805,#808,#811,#814,#817,#820,#823,#826,#829,#832,#835,#838,#841,#844,#847,#850,#853,#856,#859,#862,#865,#868,#871,#874,#877,#880,#883,#886,#889,#892,#895,#898,#901,#904,#907,#910,#913,#916,#919,#922,#925,#928,#931,#934,#937,#940,#943,#946,#949,#952,#955,#958,#961,#964,#967,#970,#973,#976,#979,#982,#985,#988,#991,#994,#997,#1000,#1003,#1006,#1009,#1012,#1015,#1018,#1021,#1024,#1027,#1030,#1033,#1036,#1039,#1042,#1045,#1048,#1051,#1054,#1057,#1060,#1063,#1066,#1069,#1072,#1075,#1078,#1081,#1084,#1087,#1090,#1093,#1096,#1099,#1102,#1105,#1108,#1111,#1114,#1117,#1120,#1123,#1126,#1129,#1132,#1135,#1138,#1141,#1144,#1147,#1150,#1153,#1156,#1159,#1162,#1165,#1168,#1171,#1174,#1177,#1180,#1183,#1186,#1189,#1192,#1195,#1198,#1201,#1204,#1207,#1210,#1213,#1216,#1219,#1222,#1225,#1228,#1231,#1234,#1237,#1240,#1243,#1246,#1249,#1252,#1255,#1258,#1261,#1264,#1267,#1270,#1273,#1276,#1279,#1282,#1285,#1288,#1291,#1294,#1297,#1300,#1303,#1306,#1309,#1312,#1315,#1318,#1321,#1324,#1327,#1330,#1333,#1336,#1339,#1342,#1345,#1348,#1351,#1354,#1357,#1360,#1363,#1366,#1369,#1372,#1375,#1378,#1381,#1384,#1387,#1390,#1393,#1396,#1399,#1402,#1405,#1408,#1411,#1414,#1417,#1420,#1423,#1426,#1429,#1432,#1435,#1438,#1441,#1444,#1447,#1450,#1453,#1456,#1459,#1462,#1465,#1468,#1471,#1474,#1477,#1480,#1483,#1486,#1489,#1492,#1495,#1498,#1501,#1504,#1507,#1510,#1513,#1516,#1519,#1522,#1525,#1528,#1531,#1534,#1537,#1540,#1543,#1546,#1549,#1552,#1555,#1558,#1561,#1564,#1567,#1570,#1573,#1576,#1579,#1582,#1585,#1588,#1591,#1594,#1597,#1600,#1603,#1606,#1609,#1612,#1615,#1618,#1621,#1624,#1627,#1630,#1633,#1636,#1639,#1642,#1645,#1648,#1651,#1654,#1657,#1660,#1663,#1666,#1669,#1672,#1675,#1678,#1681,#1684,#1687,#1690,#1693,#1696,#1699,#1702,#1705,#1708,#1711,#1714,#1717,#1720,#1723,#1726,#1729,#1732,#1735,#1738,#1741,#1744,#1747,#1750,#1753,#1756,#1759,#1762,#1765,#1768,#1771,#1774,#1777,#1780,#1783,#1786,#1789,#1792,#1795,#1798,#1801,#1804,#1807,#1810,#1813,#1816,#1819,#1822,#1825,#1828,#1831,#1834,#1837,#1840,#1843,#1846,#1849,#1852,#1855,#1858,#1861,#1864,#1867,#1870,#1873,#1876,#1879,#1882,#1885,#1888,#1891,#1894,#1897,#1900,#1903,#1906,#1909,#1912,#1915,#1918,#1921,#1924,#1927,#1930,#1933,#1936,#1939,#1942,#1945,#1948,#1951,#1954,#1957,#1960,#1963,#1966,#1969,#1972,#1975,#1978,#1981,#1984,#1987,#1990,#1993,#1996,#1999,#2002,#2005,#2008,#2011,#2014,#2017,#2020,#2023,#2026,#2029,#2032,#2035,#2038,#2041,#2044,#2047,#2050,#2053,#2056,#2059,#2062,#2065,#2068,#2071,#2074,#2077,#2080,#2083,#2086,#2089,#2092,#2095,#2098,#2101,#2104,#2107,#2110,#2113,#2116,#2119,#2122,#2125,#2128,#2131,#2134,#2137,#2140,#2143,#2146,#2149,#2152));
#2154=IFCFACETEDBREP(#2153);
#2155=IFCSHAPEREPRESENTATION(#24,'Body','Brep',(#2154));
#2156=IFCAXIS2PLACEMENT3D(#3,$,$);
#2157=IFCREPRESENTATIONMAP(#2156,#2155);
#2158=IFCBUILDINGELEMENTPROXYTYPE('0iZfBHQQv8eeIThXtQSa18',#18,'Andamio Parametrico:1x1 - Escalera Vertical',$,$,$,(#2157),'1672917',$,.NOTDEFINED.);
#2159=IFCMATERIAL('<Unnamed>');
#2160=IFCCARTESIANTRANSFORMATIONOPERATOR3D($,$,#3,1.,$);
#2161=IFCMAPPEDITEM(#2157,#2160);
#2162=IFCSHAPEREPRESENTATION(#24,'Body','MappedRepresentation',(#2161));
#2163=IFCPRODUCTDEFINITIONSHAPE($,$,(#2162));
#2164=IFCCARTESIANPOINT((-4.0305066935154672,1.5187046228245629,0.));
#2165=IFCDIRECTION((-0.7071058689623706,0.70710769340954771,0.));
#2166=IFCAXIS2PLACEMENT3D(#2164,#9,#2165);
#2167=IFCLOCALPLACEMENT(#34,#2166);
#2168=IFCBUILDINGELEMENTPROXY('3tfz9BOuv7FPSfJtwQ7ell',#18,'Andamio Parametrico:1x1 - Escalera Vertical:1661916',$,'Andamio Parametrico:1x1 - Escalera Vertical',#2167,#2163,'1661916',$);
#2169=IFCPROPERTYSINGLEVALUE('Reference',$,IFCIDENTIFIER('1x1 - Escalera Vertical'),$);
#2170=IFCPROPERTYSET('1TsQ2jzTadtvwSpyNblW$y',#18,'Pset_BuildingElementProxyCommon',$,(#2169));
#2171=IFCPROPERTYSET('04ASAyDW244ftNcbiO$FFE',#18,'Pset_QuantityTakeOff',$,(#2169));
#2172=IFCRELDEFINESBYPROPERTIES('2_opKZLq4qqwBGLID8KTge',#18,$,$,(#2168),#2170);
#2173=IFCRELDEFINESBYPROPERTIES('2Snt0LH9HSmUR8_nuS$xr8',#18,$,$,(#2168),#2171);
#2174=IFCAXIS2PLACEMENT3D(#3,$,$);
#2176=IFCCARTESIANPOINT((0.37999999999999945,-0.,1.5250000000000612));
#2177=IFCCARTESIANPOINT((0.37999999999999945,-0.0038822856765671401,1.5244888873943974));
#2178=IFCCARTESIANPOINT((0.37999999999999945,-0.0075000000000294146,1.5229903810568279));
#2179=IFCCARTESIANPOINT((0.37999999999999945,-0.010606601717827558,1.5206066017178592));
#2180=IFCCARTESIANPOINT((0.37999999999999945,-0.012990381056795888,1.5175000000000611));
#2181=IFCCARTESIANPOINT((0.37999999999999945,-0.014488887394365327,1.513882285676599));
#2182=IFCCARTESIANPOINT((0.37999999999999945,-0.015000000000029309,1.5100000000000608));
#2183=IFCCARTESIANPOINT((0.37999999999999945,-0.014488887394365305,1.5061177143235231));
#2184=IFCCARTESIANPOINT((0.37999999999999945,-0.012990381056795838,1.502500000000061));
#2185=IFCCARTESIANPOINT((0.37999999999999945,-0.010606601717827463,1.4993933982822629));
#2186=IFCCARTESIANPOINT((0.37999999999999945,-0.0075000000000292845,1.4970096189432947));
#2187=IFCCARTESIANPOINT((0.37999999999999945,-0.003882285676567085,1.495511112605725));
#2188=IFCCARTESIANPOINT((0.37999999999999945,-0.,1.4950000000000612));
#2189=IFCCARTESIANPOINT((0.37999999999999945,0.0038822856765087315,1.4955111126057254));
#2190=IFCCARTESIANPOINT((0.37999999999999945,0.0074999999999709127,1.4970096189432949));
#2191=IFCCARTESIANPOINT((0.37999999999999945,0.010606601717769027,1.4993933982822631));
#2192=IFCCARTESIANPOINT((0.37999999999999945,0.012990381056737329,1.5025000000000612));
#2193=IFCCARTESIANPOINT((0.37999999999999945,0.014488887394306735,1.5061177143235234));
#2194=IFCCARTESIANPOINT((0.37999999999999945,0.01499999999997069,1.5100000000000615));
#2195=IFCCARTESIANPOINT((0.37999999999999945,0.014488887394306661,1.5138822856765992));
#2196=IFCCARTESIANPOINT((0.37999999999999945,0.012990381056737166,1.5175000000000614));
#2197=IFCCARTESIANPOINT((0.37999999999999945,0.010606601717768758,1.5206066017178597));
#2198=IFCCARTESIANPOINT((0.37999999999999945,0.0074999999999705563,1.5229903810568279));
#2199=IFCCARTESIANPOINT((0.37999999999999945,0.0038822856765083321,1.5244888873943974));
#2200=IFCCARTESIANPOINT((-0.38000000000000039,-0.,1.5250000000000636));
#2201=IFCCARTESIANPOINT((-0.38000000000000039,0.0038822856765089431,1.5244888873943998));
#2202=IFCCARTESIANPOINT((-0.38000000000000039,0.0074999999999716075,1.5229903810568297));
#2203=IFCCARTESIANPOINT((-0.38000000000000039,0.010606601717769977,1.520606601717861));
#2204=IFCCARTESIANPOINT((-0.38000000000000039,0.012990381056738221,1.5175000000000622));
#2205=IFCCARTESIANPOINT((-0.38000000000000039,0.01448888739430727,1.5138822856765994));
#2206=IFCCARTESIANPOINT((-0.38000000000000039,0.01499999999997069,1.5100000000000615));
#2207=IFCCARTESIANPOINT((-0.38000000000000039,0.014488887394306127,1.5061177143235238));
#2208=IFCCARTESIANPOINT((-0.38000000000000039,0.012990381056736272,1.5025000000000621));
#2209=IFCCARTESIANPOINT((-0.38000000000000039,0.010606601717767807,1.4993933982822645));
#2210=IFCCARTESIANPOINT((-0.38000000000000039,0.007499999999969858,1.4970096189432966));
#2211=IFCCARTESIANPOINT((-0.38000000000000039,0.003882285676508123,1.4955111126057274));
#2212=IFCCARTESIANPOINT((-0.38000000000000039,-0.,1.4950000000000638));
#2213=IFCCARTESIANPOINT((-0.38000000000000039,-0.0038822856765664809,1.4955111126057274));
#2214=IFCCARTESIANPOINT((-0.38000000000000039,-0.0075000000000282349,1.4970096189432964));
#2215=IFCCARTESIANPOINT((-0.38000000000000039,-0.010606601717826247,1.4993933982822643));
#2216=IFCCARTESIANPOINT((-0.38000000000000039,-0.012990381056794786,1.5025000000000619));
#2217=IFCCARTESIANPOINT((-0.38000000000000039,-0.014488887394364696,1.5061177143235234));
#2218=IFCCARTESIANPOINT((-0.38000000000000039,-0.015000000000029309,1.5100000000000613));
#2219=IFCCARTESIANPOINT((-0.38000000000000039,-0.014488887394365938,1.5138822856765992));
#2220=IFCCARTESIANPOINT((-0.38000000000000039,-0.012990381056796948,1.517500000000062));
#2221=IFCCARTESIANPOINT((-0.38000000000000039,-0.010606601717828779,1.5206066017178606));
#2222=IFCCARTESIANPOINT((-0.38000000000000039,-0.0075000000000304701,1.5229903810568297));
#2223=IFCCARTESIANPOINT((-0.38000000000000039,-0.0038822856765677516,1.5244888873943996));
#2224=IFCCARTESIANPOINT((0.10953284933023238,-0.,1.5250000000000623));
#2225=IFCCARTESIANPOINT((-0.,-0.011900300108194845,1.5191314214302449));
#2226=IFCCARTESIANPOINT((0.,-0.014871672920624667,1.5119578928834527));
#2227=IFCCARTESIANPOINT((-0.,-0.013858192986219759,1.5042597485110158));
#2228=IFCCARTESIANPOINT((-0.10953504413068922,-0.,1.4950000000000627));
#2229=IFCCARTESIANPOINT((0.,-0.0091314214352065468,1.4980996998957297));
#2230=IFCCARTESIANPOINT((-0.04657474775411332,-0.0057402514923707891,1.5238581929848882));
#2231=IFCCARTESIANPOINT((0.10953504413068828,-0.,1.4950000000000621));
#2232=IFCCARTESIANPOINT((-0.,-0.0046155044882366329,1.4957277500611308));
#2233=IFCCARTESIANPOINT((0.14716979947052125,-0.013858192987759704,1.5157402514853906));
#2234=IFCCARTESIANPOINT((0.14716979902356556,-0.0091314214353290582,1.5219003001043008));
#2235=IFCCARTESIANPOINT((-0.14716979942783395,-0.013858192989061494,1.5157402514822491));
#2236=IFCCARTESIANPOINT((0.14716979933581856,-0.014871672920620239,1.5080421071166379));
#2237=IFCCARTESIANPOINT((0.14716979943998873,-0.011900300104337303,1.5008685785648521));
#2238=IFCCARTESIANPOINT((-0.14716979932573779,-0.014871672920270092,1.5080421071139791));
#2239=IFCCARTESIANPOINT((-0.14716979941307684,-0.011900300103018362,1.5008685785631344));
#2240=IFCCARTESIANPOINT((-0.13523357533488398,-0.,1.525000000000063));
#2241=IFCCARTESIANPOINT((-0.16447440560493581,-0.0091314214386023964,1.5219003001017901));
#2242=IFCCARTESIANPOINT((0.19368212821134811,-0.0057402514857723547,1.5238581929876207));
#2243=IFCCARTESIANPOINT((0.19895435707988265,-0.0057402514854183653,1.4961418070123564));
#2244=IFCCARTESIANPOINT((-0.19895435715943599,-0.0057402514841376606,1.4961418070118271));
#2245=IFCCARTESIANPOINT((-0.20427673360824133,-0.011900300106302339,1.5191314214327121));
#2246=IFCCARTESIANPOINT((0.20427673354132392,-0.011900300104527969,1.5191314214350231));
#2247=IFCCARTESIANPOINT((0.20427673358029336,-0.01487167292065782,1.5119578928832003));
#2248=IFCCARTESIANPOINT((-0.20427673355335069,-0.014871672920953887,1.5119578928809527));
#2249=IFCCARTESIANPOINT((-0.20427673358005716,-0.013858192986955641,1.5042597485127931));
#2250=IFCCARTESIANPOINT((0.20427673354108344,-0.013858192987649155,1.5042597485144662));
#2251=IFCCARTESIANPOINT((0.20427673356508716,-0.0091314214350771434,1.4980996998956297));
#2252=IFCCARTESIANPOINT((-0.20427673354598902,-0.0091314214339036984,1.4980996998947307));
#2253=IFCCARTESIANPOINT((-0.22955836332708918,-0.0057402514888284933,1.5238581929863562));
#2254=IFCCARTESIANPOINT((-0.13806655551645911,-0.0031733056375779088,1.5246604956032377));
#2255=IFCCARTESIANPOINT((0.036332618047317938,-0.0029711628560125159,1.5247027953561578));
#2256=IFCCARTESIANPOINT((0.20719915783830847,-0.002649100465237547,1.5247642225236231));
#2257=IFCCARTESIANPOINT((0.21890085988367325,-0.0025835427477059135,1.4952241647657705));
#2258=IFCCARTESIANPOINT((-0.21890085992037814,-0.0025835427470862972,1.4952241647656634));
#2259=IFCCARTESIANPOINT((0.,-0.014204558019383253,1.5148198061657507));
#2260=IFCCARTESIANPOINT((0.,-0.014711411176390382,1.5070717955673019));
#2261=IFCCARTESIANPOINT((0.,-0.011276353590974574,1.5001083949891467));
#2262=IFCCARTESIANPOINT((-0.0086523032367825069,-0.0098047006398437886,1.521351997417417));
#2263=IFCCARTESIANPOINT((-1.2291065754510556E-009,0.011900300138302936,1.500868578609194));
#2264=IFCCARTESIANPOINT((-0.,0.014871672920492464,1.5080421071161132));
#2265=IFCCARTESIANPOINT((-0.,0.013858192979617549,1.5157402515049068));
#2266=IFCCARTESIANPOINT((-0.10953359434734372,-0.,1.5250000000000627));
#2267=IFCCARTESIANPOINT((0.,0.0091314214353116312,1.5219003001042697));
#2268=IFCCARTESIANPOINT((-0.046574753838405591,0.0057402515279469527,1.4961418070299974));
#2269=IFCCARTESIANPOINT((-0.,0.0046155044895883866,1.5242722499385382));
#2270=IFCCARTESIANPOINT((0.14716980035787006,0.013858192988525904,1.5042597485167244));
#2271=IFCCARTESIANPOINT((0.14716979547189044,0.0091314214430898606,1.498099699901823));
#2272=IFCCARTESIANPOINT((-0.14716980035825566,0.013858192998240964,1.5042597485401796));
#2273=IFCCARTESIANPOINT((0.14716979917323622,0.014871672920446059,1.5119578928843638));
#2274=IFCCARTESIANPOINT((0.14716979973332076,0.011900300103995889,1.5191314214356404));
#2275=IFCCARTESIANPOINT((-0.14716979932606117,0.014871672918356876,1.5119578929002337));
#2276=IFCCARTESIANPOINT((-0.14716979960893206,0.011900300097687822,1.519131421443862));
#2277=IFCCARTESIANPOINT((-0.13523313397165726,-0.,1.4950000000000629));
#2278=IFCCARTESIANPOINT((-0.16447440799253762,0.0091314214629712488,1.4980996999170797));
#2279=IFCCARTESIANPOINT((0.19368212461385104,0.0057402515282239637,1.4961418070301113));
#2280=IFCCARTESIANPOINT((0.19895435702221725,0.0057402514850616766,1.5238581929878909));
#2281=IFCCARTESIANPOINT((-0.19895435735228922,0.0057402514799815016,1.5238581929899961));
#2282=IFCCARTESIANPOINT((-0.20427673442503644,0.011900300120164504,1.5008685785855562));
#2283=IFCCARTESIANPOINT((0.20427673298902113,0.011900300107237905,1.5008685785687086));
#2284=IFCCARTESIANPOINT((0.20427673365408516,0.014871672920798069,1.5080421071184338));
#2285=IFCCARTESIANPOINT((-0.20427673368937929,0.014871672922744624,1.5080421071332206));
#2286=IFCCARTESIANPOINT((-0.20427673377973013,0.013858192983660341,1.5157402514951472));
#2287=IFCCARTESIANPOINT((0.20427673348763245,0.013858192987312173,1.5157402514863296));
#2288=IFCCARTESIANPOINT((0.2042767336328796,0.0091314214346912542,1.5219003001047451));
#2289=IFCCARTESIANPOINT((-0.20427673358442097,0.0091314214296234642,1.5219003001086353));
#2290=IFCCARTESIANPOINT((-0.22955836651994188,0.0057402515019237838,1.4961418070192187));
#2291=IFCCARTESIANPOINT((-0.13806656045591345,0.0031733056576805025,1.4953395044012523));
#2292=IFCCARTESIANPOINT((0.036332609841725844,0.0029711629038133677,1.4952972046536384));
#2293=IFCCARTESIANPOINT((0.20719914496877087,0.0026491005174729119,1.4952357774858835));
#2294=IFCCARTESIANPOINT((0.21890085964926592,0.0025835427466595032,1.5247758352345258));
#2295=IFCCARTESIANPOINT((-0.21890085982549995,0.0025835427440040258,1.5247758352349918));
#2296=IFCCARTESIANPOINT((0.,0.014204558019005314,1.505180193833433));
#2297=IFCCARTESIANPOINT((0.,0.014711411172118903,1.5129282044539887));
#2298=IFCCARTESIANPOINT((0.,0.011276353589665424,1.5198916050124041));
#2299=IFCCARTESIANPOINT((-0.0086523058671514989,0.0098047006850424615,1.4986480026217968));
#2300=IFCPOLYLOOP((#2193,#2194,#2195,#2196,#2197,#2198,#2199,#2176,#2177,#2178,#2179,#2180,#2181,#2182,#2183,#2184,#2185,#2186,#2187,#2188,#2189,#2190,#2191,#2192));
#2301=IFCFACEOUTERBOUND(#2300,.T.);
#2302=IFCFACE((#2301));
#2303=IFCPOLYLOOP((#2206,#2207,#2208,#2209,#2210,#2211,#2212,#2213,#2214,#2215,#2216,#2217,#2218,#2219,#2220,#2221,#2222,#2223,#2200,#2201,#2202,#2203,#2204,#2205));
#2304=IFCFACEOUTERBOUND(#2303,.T.);
#2305=IFCFACE((#2304));
#2306=IFCPOLYLOOP((#2223,#2222,#2253));
#2307=IFCFACEOUTERBOUND(#2306,.T.);
#2308=IFCFACE((#2307));
#2309=IFCPOLYLOOP((#2237,#2261,#2251));
#2310=IFCFACEOUTERBOUND(#2309,.T.);
#2311=IFCFACE((#2310));
#2312=IFCPOLYLOOP((#2261,#2227,#2239));
#2313=IFCFACEOUTERBOUND(#2312,.T.);
#2314=IFCFACE((#2313));
#2315=IFCPOLYLOOP((#2255,#2224,#2266,#2240));
#2316=IFCFACEOUTERBOUND(#2315,.T.);
#2317=IFCFACE((#2316));
#2318=IFCPOLYLOOP((#2245,#2221,#2220));
#2319=IFCFACEOUTERBOUND(#2318,.T.);
#2320=IFCFACE((#2319));
#2321=IFCPOLYLOOP((#2260,#2226,#2238));
#2322=IFCFACEOUTERBOUND(#2321,.T.);
#2323=IFCFACE((#2322));
#2324=IFCPOLYLOOP((#2245,#2235,#2225));
#2325=IFCFACEOUTERBOUND(#2324,.T.);
#2326=IFCFACE((#2325));
#2327=IFCPOLYLOOP((#2233,#2246,#2225));
#2328=IFCFACEOUTERBOUND(#2327,.T.);
#2329=IFCFACE((#2328));
#2330=IFCPOLYLOOP((#2253,#2241,#2230));
#2331=IFCFACEOUTERBOUND(#2330,.T.);
#2332=IFCFACE((#2331));
#2333=IFCPOLYLOOP((#2230,#2234,#2242));
#2334=IFCFACEOUTERBOUND(#2333,.T.);
#2335=IFCFACE((#2334));
#2336=IFCPOLYLOOP((#2236,#2260,#2250));
#2337=IFCFACEOUTERBOUND(#2336,.T.);
#2338=IFCFACE((#2337));
#2339=IFCPOLYLOOP((#2235,#2220,#2219));
#2340=IFCFACEOUTERBOUND(#2339,.T.);
#2341=IFCFACE((#2340));
#2342=IFCPOLYLOOP((#2240,#2254,#2255));
#2343=IFCFACEOUTERBOUND(#2342,.T.);
#2344=IFCFACE((#2343));
#2345=IFCPOLYLOOP((#2176,#2224,#2256));
#2346=IFCFACEOUTERBOUND(#2345,.T.);
#2347=IFCFACE((#2346));
#2348=IFCPOLYLOOP((#2248,#2235,#2219));
#2349=IFCFACEOUTERBOUND(#2348,.T.);
#2350=IFCFACE((#2349));
#2351=IFCPOLYLOOP((#2253,#2254,#2223));
#2352=IFCFACEOUTERBOUND(#2351,.T.);
#2353=IFCFACE((#2352));
#2354=IFCPOLYLOOP((#2233,#2181,#2180));
#2355=IFCFACEOUTERBOUND(#2354,.T.);
#2356=IFCFACE((#2355));
#2357=IFCPOLYLOOP((#2178,#2242,#2234));
#2358=IFCFACEOUTERBOUND(#2357,.T.);
#2359=IFCFACE((#2358));
#2360=IFCPOLYLOOP((#2252,#2239,#2215));
#2361=IFCFACEOUTERBOUND(#2360,.T.);
#2362=IFCFACE((#2361));
#2363=IFCPOLYLOOP((#2234,#2179,#2178));
#2364=IFCFACEOUTERBOUND(#2363,.T.);
#2365=IFCFACE((#2364));
#2366=IFCPOLYLOOP((#2233,#2180,#2246));
#2367=IFCFACEOUTERBOUND(#2366,.T.);
#2368=IFCFACE((#2367));
#2369=IFCPOLYLOOP((#2218,#2248,#2219));
#2370=IFCFACEOUTERBOUND(#2369,.T.);
#2371=IFCFACE((#2370));
#2372=IFCPOLYLOOP((#2247,#2182,#2181));
#2373=IFCFACEOUTERBOUND(#2372,.T.);
#2374=IFCFACE((#2373));
#2375=IFCPOLYLOOP((#2179,#2246,#2180));
#2376=IFCFACEOUTERBOUND(#2375,.T.);
#2377=IFCFACE((#2376));
#2378=IFCPOLYLOOP((#2249,#2238,#2217));
#2379=IFCFACEOUTERBOUND(#2378,.T.);
#2380=IFCFACE((#2379));
#2381=IFCPOLYLOOP((#2238,#2249,#2260));
#2382=IFCFACEOUTERBOUND(#2381,.T.);
#2383=IFCFACE((#2382));
#2384=IFCPOLYLOOP((#2249,#2217,#2216));
#2385=IFCFACEOUTERBOUND(#2384,.T.);
#2386=IFCFACE((#2385));
#2387=IFCPOLYLOOP((#2242,#2178,#2177));
#2388=IFCFACEOUTERBOUND(#2387,.T.);
#2389=IFCFACE((#2388));
#2390=IFCPOLYLOOP((#2233,#2259,#2247));
#2391=IFCFACEOUTERBOUND(#2390,.T.);
#2392=IFCFACE((#2391));
#2393=IFCPOLYLOOP((#2237,#2185,#2184));
#2394=IFCFACEOUTERBOUND(#2393,.T.);
#2395=IFCFACE((#2394));
#2396=IFCPOLYLOOP((#2258,#2232,#2244));
#2397=IFCFACEOUTERBOUND(#2396,.T.);
#2398=IFCFACE((#2397));
#2399=IFCPOLYLOOP((#2252,#2244,#2229));
#2400=IFCFACEOUTERBOUND(#2399,.T.);
#2401=IFCFACE((#2400));
#2402=IFCPOLYLOOP((#2243,#2251,#2229));
#2403=IFCFACEOUTERBOUND(#2402,.T.);
#2404=IFCFACE((#2403));
#2405=IFCPOLYLOOP((#2228,#2231,#2232));
#2406=IFCFACEOUTERBOUND(#2405,.T.);
#2407=IFCFACE((#2406));
#2408=IFCPOLYLOOP((#2213,#2244,#2214));
#2409=IFCFACEOUTERBOUND(#2408,.T.);
#2410=IFCFACE((#2409));
#2411=IFCPOLYLOOP((#2259,#2225,#2235));
#2412=IFCFACEOUTERBOUND(#2411,.T.);
#2413=IFCFACE((#2412));
#2414=IFCPOLYLOOP((#2243,#2257,#2187));
#2415=IFCFACEOUTERBOUND(#2414,.T.);
#2416=IFCFACE((#2415));
#2417=IFCPOLYLOOP((#2217,#2238,#2218));
#2418=IFCFACEOUTERBOUND(#2417,.T.);
#2419=IFCFACE((#2418));
#2420=IFCPOLYLOOP((#2182,#2236,#2183));
#2421=IFCFACEOUTERBOUND(#2420,.T.);
#2422=IFCFACE((#2421));
#2423=IFCPOLYLOOP((#2187,#2186,#2243));
#2424=IFCFACEOUTERBOUND(#2423,.T.);
#2425=IFCFACE((#2424));
#2426=IFCPOLYLOOP((#2247,#2236,#2182));
#2427=IFCFACEOUTERBOUND(#2426,.T.);
#2428=IFCFACE((#2427));
#2429=IFCPOLYLOOP((#2214,#2252,#2215));
#2430=IFCFACEOUTERBOUND(#2429,.T.);
#2431=IFCFACE((#2430));
#2432=IFCPOLYLOOP((#2250,#2237,#2184));
#2433=IFCFACEOUTERBOUND(#2432,.T.);
#2434=IFCFACE((#2433));
#2435=IFCPOLYLOOP((#2225,#2246,#2234));
#2436=IFCFACEOUTERBOUND(#2435,.T.);
#2437=IFCFACE((#2436));
#2438=IFCPOLYLOOP((#2239,#2216,#2215));
#2439=IFCFACEOUTERBOUND(#2438,.T.);
#2440=IFCFACE((#2439));
#2441=IFCPOLYLOOP((#2186,#2185,#2251));
#2442=IFCFACEOUTERBOUND(#2441,.T.);
#2443=IFCFACE((#2442));
#2444=IFCPOLYLOOP((#2241,#2222,#2221));
#2445=IFCFACEOUTERBOUND(#2444,.T.);
#2446=IFCFACE((#2445));
#2447=IFCPOLYLOOP((#2187,#2257,#2188));
#2448=IFCFACEOUTERBOUND(#2447,.T.);
#2449=IFCFACE((#2448));
#2450=IFCPOLYLOOP((#2258,#2212,#2277,#2228));
#2451=IFCFACEOUTERBOUND(#2450,.T.);
#2452=IFCFACE((#2451));
#2453=IFCPOLYLOOP((#2188,#2257,#2231));
#2454=IFCFACEOUTERBOUND(#2453,.T.);
#2455=IFCFACE((#2454));
#2456=IFCPOLYLOOP((#2243,#2229,#2232));
#2457=IFCFACEOUTERBOUND(#2456,.T.);
#2458=IFCFACE((#2457));
#2459=IFCPOLYLOOP((#2262,#2230,#2241));
#2460=IFCFACEOUTERBOUND(#2459,.T.);
#2461=IFCFACE((#2460));
#2462=IFCPOLYLOOP((#2235,#2248,#2259));
#2463=IFCFACEOUTERBOUND(#2462,.T.);
#2464=IFCFACE((#2463));
#2465=IFCPOLYLOOP((#2183,#2250,#2184));
#2466=IFCFACEOUTERBOUND(#2465,.T.);
#2467=IFCFACE((#2466));
#2468=IFCPOLYLOOP((#2248,#2238,#2226));
#2469=IFCFACEOUTERBOUND(#2468,.T.);
#2470=IFCFACE((#2469));
#2471=IFCPOLYLOOP((#2239,#2252,#2261));
#2472=IFCFACEOUTERBOUND(#2471,.T.);
#2473=IFCFACE((#2472));
#2474=IFCPOLYLOOP((#2249,#2239,#2227));
#2475=IFCFACEOUTERBOUND(#2474,.T.);
#2476=IFCFACE((#2475));
#2477=IFCPOLYLOOP((#2237,#2250,#2227));
#2478=IFCFACEOUTERBOUND(#2477,.T.);
#2479=IFCFACE((#2478));
#2480=IFCPOLYLOOP((#2245,#2241,#2221));
#2481=IFCFACEOUTERBOUND(#2480,.T.);
#2482=IFCFACE((#2481));
#2483=IFCPOLYLOOP((#2223,#2254,#2200));
#2484=IFCFACEOUTERBOUND(#2483,.T.);
#2485=IFCFACE((#2484));
#2486=IFCPOLYLOOP((#2234,#2262,#2225));
#2487=IFCFACEOUTERBOUND(#2486,.T.);
#2488=IFCFACE((#2487));
#2489=IFCPOLYLOOP((#2255,#2256,#2224));
#2490=IFCFACEOUTERBOUND(#2489,.T.);
#2491=IFCFACE((#2490));
#2492=IFCPOLYLOOP((#2243,#2186,#2251));
#2493=IFCFACEOUTERBOUND(#2492,.T.);
#2494=IFCFACE((#2493));
#2495=IFCPOLYLOOP((#2257,#2232,#2231));
#2496=IFCFACEOUTERBOUND(#2495,.T.);
#2497=IFCFACE((#2496));
#2498=IFCPOLYLOOP((#2258,#2244,#2213));
#2499=IFCFACEOUTERBOUND(#2498,.T.);
#2500=IFCFACE((#2499));
#2501=IFCPOLYLOOP((#2229,#2244,#2232));
#2502=IFCFACEOUTERBOUND(#2501,.T.);
#2503=IFCFACE((#2502));
#2504=IFCPOLYLOOP((#2235,#2245,#2220));
#2505=IFCFACEOUTERBOUND(#2504,.T.);
#2506=IFCFACE((#2505));
#2507=IFCPOLYLOOP((#2245,#2225,#2262));
#2508=IFCFACEOUTERBOUND(#2507,.T.);
#2509=IFCFACE((#2508));
#2510=IFCPOLYLOOP((#2234,#2246,#2179));
#2511=IFCFACEOUTERBOUND(#2510,.T.);
#2512=IFCFACE((#2511));
#2513=IFCPOLYLOOP((#2233,#2247,#2181));
#2514=IFCFACEOUTERBOUND(#2513,.T.);
#2515=IFCFACE((#2514));
#2516=IFCPOLYLOOP((#2236,#2247,#2226));
#2517=IFCFACEOUTERBOUND(#2516,.T.);
#2518=IFCFACE((#2517));
#2519=IFCPOLYLOOP((#2238,#2248,#2218));
#2520=IFCFACEOUTERBOUND(#2519,.T.);
#2521=IFCFACE((#2520));
#2522=IFCPOLYLOOP((#2248,#2226,#2247,#2259));
#2523=IFCFACEOUTERBOUND(#2522,.T.);
#2524=IFCFACE((#2523));
#2525=IFCPOLYLOOP((#2239,#2249,#2216));
#2526=IFCFACEOUTERBOUND(#2525,.T.);
#2527=IFCFACE((#2526));
#2528=IFCPOLYLOOP((#2249,#2227,#2250,#2260));
#2529=IFCFACEOUTERBOUND(#2528,.T.);
#2530=IFCFACE((#2529));
#2531=IFCPOLYLOOP((#2236,#2250,#2183));
#2532=IFCFACEOUTERBOUND(#2531,.T.);
#2533=IFCFACE((#2532));
#2534=IFCPOLYLOOP((#2237,#2251,#2185));
#2535=IFCFACEOUTERBOUND(#2534,.T.);
#2536=IFCFACE((#2535));
#2537=IFCPOLYLOOP((#2244,#2252,#2214));
#2538=IFCFACEOUTERBOUND(#2537,.T.);
#2539=IFCFACE((#2538));
#2540=IFCPOLYLOOP((#2252,#2229,#2251,#2261));
#2541=IFCFACEOUTERBOUND(#2540,.T.);
#2542=IFCFACE((#2541));
#2543=IFCPOLYLOOP((#2241,#2253,#2222));
#2544=IFCFACEOUTERBOUND(#2543,.T.);
#2545=IFCFACE((#2544));
#2546=IFCPOLYLOOP((#2254,#2253,#2230));
#2547=IFCFACEOUTERBOUND(#2546,.T.);
#2548=IFCFACE((#2547));
#2549=IFCPOLYLOOP((#2254,#2230,#2255));
#2550=IFCFACEOUTERBOUND(#2549,.T.);
#2551=IFCFACE((#2550));
#2552=IFCPOLYLOOP((#2254,#2240,#2200));
#2553=IFCFACEOUTERBOUND(#2552,.T.);
#2554=IFCFACE((#2553));
#2555=IFCPOLYLOOP((#2230,#2242,#2255));
#2556=IFCFACEOUTERBOUND(#2555,.T.);
#2557=IFCFACE((#2556));
#2558=IFCPOLYLOOP((#2256,#2255,#2242));
#2559=IFCFACEOUTERBOUND(#2558,.T.);
#2560=IFCFACE((#2559));
#2561=IFCPOLYLOOP((#2242,#2177,#2256));
#2562=IFCFACEOUTERBOUND(#2561,.T.);
#2563=IFCFACE((#2562));
#2564=IFCPOLYLOOP((#2176,#2256,#2177));
#2565=IFCFACEOUTERBOUND(#2564,.T.);
#2566=IFCFACE((#2565));
#2567=IFCPOLYLOOP((#2232,#2257,#2243));
#2568=IFCFACEOUTERBOUND(#2567,.T.);
#2569=IFCFACE((#2568));
#2570=IFCPOLYLOOP((#2212,#2258,#2213));
#2571=IFCFACEOUTERBOUND(#2570,.T.);
#2572=IFCFACE((#2571));
#2573=IFCPOLYLOOP((#2232,#2258,#2228));
#2574=IFCFACEOUTERBOUND(#2573,.T.);
#2575=IFCFACE((#2574));
#2576=IFCPOLYLOOP((#2225,#2259,#2233));
#2577=IFCFACEOUTERBOUND(#2576,.T.);
#2578=IFCFACE((#2577));
#2579=IFCPOLYLOOP((#2226,#2260,#2236));
#2580=IFCFACEOUTERBOUND(#2579,.T.);
#2581=IFCFACE((#2580));
#2582=IFCPOLYLOOP((#2227,#2261,#2237));
#2583=IFCFACEOUTERBOUND(#2582,.T.);
#2584=IFCFACE((#2583));
#2585=IFCPOLYLOOP((#2230,#2262,#2234));
#2586=IFCFACEOUTERBOUND(#2585,.T.);
#2587=IFCFACE((#2586));
#2588=IFCPOLYLOOP((#2245,#2262,#2241));
#2589=IFCFACEOUTERBOUND(#2588,.T.);
#2590=IFCFACE((#2589));
#2591=IFCPOLYLOOP((#2290,#2278,#2268));
#2592=IFCFACEOUTERBOUND(#2591,.T.);
#2593=IFCFACE((#2592));
#2594=IFCPOLYLOOP((#2268,#2271,#2279));
#2595=IFCFACEOUTERBOUND(#2594,.T.);
#2596=IFCFACE((#2595));
#2597=IFCPOLYLOOP((#2188,#2231,#2293));
#2598=IFCFACEOUTERBOUND(#2597,.T.);
#2599=IFCFACE((#2598));
#2600=IFCPOLYLOOP((#2291,#2211,#2290));
#2601=IFCFACEOUTERBOUND(#2600,.T.);
#2602=IFCFACE((#2601));
#2603=IFCPOLYLOOP((#2210,#2290,#2211));
#2604=IFCFACEOUTERBOUND(#2603,.T.);
#2605=IFCFACE((#2604));
#2606=IFCPOLYLOOP((#2282,#2209,#2208));
#2607=IFCFACEOUTERBOUND(#2606,.T.);
#2608=IFCFACE((#2607));
#2609=IFCPOLYLOOP((#2191,#2283,#2192));
#2610=IFCFACEOUTERBOUND(#2609,.T.);
#2611=IFCFACE((#2610));
#2612=IFCPOLYLOOP((#2206,#2285,#2207));
#2613=IFCFACEOUTERBOUND(#2612,.T.);
#2614=IFCFACE((#2613));
#2615=IFCPOLYLOOP((#2271,#2190,#2279));
#2616=IFCFACEOUTERBOUND(#2615,.T.);
#2617=IFCFACE((#2616));
#2618=IFCPOLYLOOP((#2275,#2286,#2297));
#2619=IFCFACEOUTERBOUND(#2618,.T.);
#2620=IFCFACE((#2619));
#2621=IFCPOLYLOOP((#2207,#2272,#2208));
#2622=IFCFACEOUTERBOUND(#2621,.T.);
#2623=IFCFACE((#2622));
#2624=IFCPOLYLOOP((#2270,#2193,#2192));
#2625=IFCFACEOUTERBOUND(#2624,.T.);
#2626=IFCFACE((#2625));
#2627=IFCPOLYLOOP((#2285,#2272,#2207));
#2628=IFCFACEOUTERBOUND(#2627,.T.);
#2629=IFCFACE((#2628));
#2630=IFCPOLYLOOP((#2277,#2291,#2292));
#2631=IFCFACEOUTERBOUND(#2630,.T.);
#2632=IFCFACE((#2631));
#2633=IFCPOLYLOOP((#2195,#2287,#2196));
#2634=IFCFACEOUTERBOUND(#2633,.T.);
#2635=IFCFACE((#2634));
#2636=IFCPOLYLOOP((#2295,#2200,#2240,#2266));
#2637=IFCFACEOUTERBOUND(#2636,.T.);
#2638=IFCFACE((#2637));
#2639=IFCPOLYLOOP((#2176,#2294,#2224));
#2640=IFCFACEOUTERBOUND(#2639,.T.);
#2641=IFCFACE((#2640));
#2642=IFCPOLYLOOP((#2292,#2231,#2228,#2277));
#2643=IFCFACEOUTERBOUND(#2642,.T.);
#2644=IFCFACE((#2643));
#2645=IFCPOLYLOOP((#2278,#2210,#2209));
#2646=IFCFACEOUTERBOUND(#2645,.T.);
#2647=IFCFACE((#2646));
#2648=IFCPOLYLOOP((#2271,#2191,#2190));
#2649=IFCFACEOUTERBOUND(#2648,.T.);
#2650=IFCFACE((#2649));
#2651=IFCPOLYLOOP((#2270,#2192,#2283));
#2652=IFCFACEOUTERBOUND(#2651,.T.);
#2653=IFCFACE((#2652));
#2654=IFCPOLYLOOP((#2202,#2289,#2203));
#2655=IFCFACEOUTERBOUND(#2654,.T.);
#2656=IFCFACE((#2655));
#2657=IFCPOLYLOOP((#2284,#2194,#2193));
#2658=IFCFACEOUTERBOUND(#2657,.T.);
#2659=IFCFACE((#2658));
#2660=IFCPOLYLOOP((#2199,#2198,#2280));
#2661=IFCFACEOUTERBOUND(#2660,.T.);
#2662=IFCFACE((#2661));
#2663=IFCPOLYLOOP((#2286,#2275,#2205));
#2664=IFCFACEOUTERBOUND(#2663,.T.);
#2665=IFCFACE((#2664));
#2666=IFCPOLYLOOP((#2289,#2276,#2203));
#2667=IFCFACEOUTERBOUND(#2666,.T.);
#2668=IFCFACE((#2667));
#2669=IFCPOLYLOOP((#2286,#2205,#2204));
#2670=IFCFACEOUTERBOUND(#2669,.T.);
#2671=IFCFACE((#2670));
#2672=IFCPOLYLOOP((#2273,#2297,#2287));
#2673=IFCFACEOUTERBOUND(#2672,.T.);
#2674=IFCFACE((#2673));
#2675=IFCPOLYLOOP((#2297,#2264,#2275));
#2676=IFCFACEOUTERBOUND(#2675,.T.);
#2677=IFCFACE((#2676));
#2678=IFCPOLYLOOP((#2274,#2197,#2196));
#2679=IFCFACEOUTERBOUND(#2678,.T.);
#2680=IFCFACE((#2679));
#2681=IFCPOLYLOOP((#2295,#2269,#2281));
#2682=IFCFACEOUTERBOUND(#2681,.T.);
#2683=IFCFACE((#2682));
#2684=IFCPOLYLOOP((#2272,#2285,#2296));
#2685=IFCFACEOUTERBOUND(#2684,.T.);
#2686=IFCFACE((#2685));
#2687=IFCPOLYLOOP((#2299,#2268,#2278));
#2688=IFCFACEOUTERBOUND(#2687,.T.);
#2689=IFCFACE((#2688));
#2690=IFCPOLYLOOP((#2201,#2281,#2202));
#2691=IFCFACEOUTERBOUND(#2690,.T.);
#2692=IFCFACE((#2691));
#2693=IFCPOLYLOOP((#2282,#2272,#2263));
#2694=IFCFACEOUTERBOUND(#2693,.T.);
#2695=IFCFACE((#2694));
#2696=IFCPOLYLOOP((#2280,#2294,#2199));
#2697=IFCFACEOUTERBOUND(#2696,.T.);
#2698=IFCFACE((#2697));
#2699=IFCPOLYLOOP((#2205,#2275,#2206));
#2700=IFCFACEOUTERBOUND(#2699,.T.);
#2701=IFCFACE((#2700));
#2702=IFCPOLYLOOP((#2194,#2273,#2195));
#2703=IFCFACEOUTERBOUND(#2702,.T.);
#2704=IFCFACE((#2703));
#2705=IFCPOLYLOOP((#2280,#2267,#2269));
#2706=IFCFACEOUTERBOUND(#2705,.T.);
#2707=IFCFACE((#2706));
#2708=IFCPOLYLOOP((#2284,#2273,#2194));
#2709=IFCFACEOUTERBOUND(#2708,.T.);
#2710=IFCFACE((#2709));
#2711=IFCPOLYLOOP((#2289,#2281,#2267));
#2712=IFCFACEOUTERBOUND(#2711,.T.);
#2713=IFCFACE((#2712));
#2714=IFCPOLYLOOP((#2280,#2288,#2267));
#2715=IFCFACEOUTERBOUND(#2714,.T.);
#2716=IFCFACE((#2715));
#2717=IFCPOLYLOOP((#2287,#2274,#2196));
#2718=IFCFACEOUTERBOUND(#2717,.T.);
#2719=IFCFACE((#2718));
#2720=IFCPOLYLOOP((#2270,#2296,#2284));
#2721=IFCFACEOUTERBOUND(#2720,.T.);
#2722=IFCFACE((#2721));
#2723=IFCPOLYLOOP((#2276,#2204,#2203));
#2724=IFCFACEOUTERBOUND(#2723,.T.);
#2725=IFCFACE((#2724));
#2726=IFCPOLYLOOP((#2198,#2197,#2288));
#2727=IFCFACEOUTERBOUND(#2726,.T.);
#2728=IFCFACE((#2727));
#2729=IFCPOLYLOOP((#2296,#2263,#2272));
#2730=IFCFACEOUTERBOUND(#2729,.T.);
#2731=IFCFACE((#2730));
#2732=IFCPOLYLOOP((#2199,#2294,#2176));
#2733=IFCFACEOUTERBOUND(#2732,.T.);
#2734=IFCFACE((#2733));
#2735=IFCPOLYLOOP((#2266,#2224,#2269));
#2736=IFCFACEOUTERBOUND(#2735,.T.);
#2737=IFCFACE((#2736));
#2738=IFCPOLYLOOP((#2279,#2190,#2189));
#2739=IFCFACEOUTERBOUND(#2738,.T.);
#2740=IFCFACE((#2739));
#2741=IFCPOLYLOOP((#2298,#2265,#2276));
#2742=IFCFACEOUTERBOUND(#2741,.T.);
#2743=IFCFACE((#2742));
#2744=IFCPOLYLOOP((#2274,#2298,#2288));
#2745=IFCFACEOUTERBOUND(#2744,.T.);
#2746=IFCFACE((#2745));
#2747=IFCPOLYLOOP((#2263,#2283,#2271));
#2748=IFCFACEOUTERBOUND(#2747,.T.);
#2749=IFCFACE((#2748));
#2750=IFCPOLYLOOP((#2285,#2275,#2264));
#2751=IFCFACEOUTERBOUND(#2750,.T.);
#2752=IFCFACE((#2751));
#2753=IFCPOLYLOOP((#2276,#2289,#2298));
#2754=IFCFACEOUTERBOUND(#2753,.T.);
#2755=IFCFACE((#2754));
#2756=IFCPOLYLOOP((#2286,#2276,#2265));
#2757=IFCFACEOUTERBOUND(#2756,.T.);
#2758=IFCFACE((#2757));
#2759=IFCPOLYLOOP((#2274,#2287,#2265));
#2760=IFCFACEOUTERBOUND(#2759,.T.);
#2761=IFCFACE((#2760));
#2762=IFCPOLYLOOP((#2282,#2278,#2209));
#2763=IFCFACEOUTERBOUND(#2762,.T.);
#2764=IFCFACE((#2763));
#2765=IFCPOLYLOOP((#2211,#2291,#2212));
#2766=IFCFACEOUTERBOUND(#2765,.T.);
#2767=IFCFACE((#2766));
#2768=IFCPOLYLOOP((#2271,#2299,#2263));
#2769=IFCFACEOUTERBOUND(#2768,.T.);
#2770=IFCFACE((#2769));
#2771=IFCPOLYLOOP((#2292,#2293,#2231));
#2772=IFCFACEOUTERBOUND(#2771,.T.);
#2773=IFCFACE((#2772));
#2774=IFCPOLYLOOP((#2280,#2198,#2288));
#2775=IFCFACEOUTERBOUND(#2774,.T.);
#2776=IFCFACE((#2775));
#2777=IFCPOLYLOOP((#2294,#2269,#2224));
#2778=IFCFACEOUTERBOUND(#2777,.T.);
#2779=IFCFACE((#2778));
#2780=IFCPOLYLOOP((#2295,#2281,#2201));
#2781=IFCFACEOUTERBOUND(#2780,.T.);
#2782=IFCFACE((#2781));
#2783=IFCPOLYLOOP((#2267,#2281,#2269));
#2784=IFCFACEOUTERBOUND(#2783,.T.);
#2785=IFCFACE((#2784));
#2786=IFCPOLYLOOP((#2272,#2282,#2208));
#2787=IFCFACEOUTERBOUND(#2786,.T.);
#2788=IFCFACE((#2787));
#2789=IFCPOLYLOOP((#2282,#2263,#2299));
#2790=IFCFACEOUTERBOUND(#2789,.T.);
#2791=IFCFACE((#2790));
#2792=IFCPOLYLOOP((#2271,#2283,#2191));
#2793=IFCFACEOUTERBOUND(#2792,.T.);
#2794=IFCFACE((#2793));
#2795=IFCPOLYLOOP((#2270,#2283,#2263));
#2796=IFCFACEOUTERBOUND(#2795,.T.);
#2797=IFCFACE((#2796));
#2798=IFCPOLYLOOP((#2270,#2284,#2193));
#2799=IFCFACEOUTERBOUND(#2798,.T.);
#2800=IFCFACE((#2799));
#2801=IFCPOLYLOOP((#2273,#2284,#2264));
#2802=IFCFACEOUTERBOUND(#2801,.T.);
#2803=IFCFACE((#2802));
#2804=IFCPOLYLOOP((#2275,#2285,#2206));
#2805=IFCFACEOUTERBOUND(#2804,.T.);
#2806=IFCFACE((#2805));
#2807=IFCPOLYLOOP((#2285,#2264,#2284,#2296));
#2808=IFCFACEOUTERBOUND(#2807,.T.);
#2809=IFCFACE((#2808));
#2810=IFCPOLYLOOP((#2276,#2286,#2204));
#2811=IFCFACEOUTERBOUND(#2810,.T.);
#2812=IFCFACE((#2811));
#2813=IFCPOLYLOOP((#2286,#2265,#2287,#2297));
#2814=IFCFACEOUTERBOUND(#2813,.T.);
#2815=IFCFACE((#2814));
#2816=IFCPOLYLOOP((#2273,#2287,#2195));
#2817=IFCFACEOUTERBOUND(#2816,.T.);
#2818=IFCFACE((#2817));
#2819=IFCPOLYLOOP((#2274,#2288,#2197));
#2820=IFCFACEOUTERBOUND(#2819,.T.);
#2821=IFCFACE((#2820));
#2822=IFCPOLYLOOP((#2281,#2289,#2202));
#2823=IFCFACEOUTERBOUND(#2822,.T.);
#2824=IFCFACE((#2823));
#2825=IFCPOLYLOOP((#2289,#2267,#2288,#2298));
#2826=IFCFACEOUTERBOUND(#2825,.T.);
#2827=IFCFACE((#2826));
#2828=IFCPOLYLOOP((#2278,#2290,#2210));
#2829=IFCFACEOUTERBOUND(#2828,.T.);
#2830=IFCFACE((#2829));
#2831=IFCPOLYLOOP((#2291,#2290,#2268));
#2832=IFCFACEOUTERBOUND(#2831,.T.);
#2833=IFCFACE((#2832));
#2834=IFCPOLYLOOP((#2291,#2268,#2292));
#2835=IFCFACEOUTERBOUND(#2834,.T.);
#2836=IFCFACE((#2835));
#2837=IFCPOLYLOOP((#2291,#2277,#2212));
#2838=IFCFACEOUTERBOUND(#2837,.T.);
#2839=IFCFACE((#2838));
#2840=IFCPOLYLOOP((#2268,#2279,#2292));
#2841=IFCFACEOUTERBOUND(#2840,.T.);
#2842=IFCFACE((#2841));
#2843=IFCPOLYLOOP((#2293,#2292,#2279));
#2844=IFCFACEOUTERBOUND(#2843,.T.);
#2845=IFCFACE((#2844));
#2846=IFCPOLYLOOP((#2279,#2189,#2293));
#2847=IFCFACEOUTERBOUND(#2846,.T.);
#2848=IFCFACE((#2847));
#2849=IFCPOLYLOOP((#2188,#2293,#2189));
#2850=IFCFACEOUTERBOUND(#2849,.T.);
#2851=IFCFACE((#2850));
#2852=IFCPOLYLOOP((#2269,#2294,#2280));
#2853=IFCFACEOUTERBOUND(#2852,.T.);
#2854=IFCFACE((#2853));
#2855=IFCPOLYLOOP((#2200,#2295,#2201));
#2856=IFCFACEOUTERBOUND(#2855,.T.);
#2857=IFCFACE((#2856));
#2858=IFCPOLYLOOP((#2269,#2295,#2266));
#2859=IFCFACEOUTERBOUND(#2858,.T.);
#2860=IFCFACE((#2859));
#2861=IFCPOLYLOOP((#2263,#2296,#2270));
#2862=IFCFACEOUTERBOUND(#2861,.T.);
#2863=IFCFACE((#2862));
#2864=IFCPOLYLOOP((#2264,#2297,#2273));
#2865=IFCFACEOUTERBOUND(#2864,.T.);
#2866=IFCFACE((#2865));
#2867=IFCPOLYLOOP((#2265,#2298,#2274));
#2868=IFCFACEOUTERBOUND(#2867,.T.);
#2869=IFCFACE((#2868));
#2870=IFCPOLYLOOP((#2268,#2299,#2271));
#2871=IFCFACEOUTERBOUND(#2870,.T.);
#2872=IFCFACE((#2871));
#2873=IFCPOLYLOOP((#2282,#2299,#2278));
#2874=IFCFACEOUTERBOUND(#2873,.T.);
#2875=IFCFACE((#2874));
#2876=IFCCARTESIANPOINT((0.37999999999999878,-0.,1.1250000000000615));
#2877=IFCCARTESIANPOINT((0.37999999999999878,-0.0038822856765671791,1.1244888873943975));
#2878=IFCCARTESIANPOINT((0.37999999999999878,-0.0075000000000293512,1.122990381056828));
#2879=IFCCARTESIANPOINT((0.37999999999999878,-0.010606601717827558,1.1206066017178598));
#2880=IFCCARTESIANPOINT((0.37999999999999878,-0.012990381056795888,1.1175000000000614));
#2881=IFCCARTESIANPOINT((0.37999999999999878,-0.014488887394365327,1.1138822856765993));
#2882=IFCCARTESIANPOINT((0.37999999999999878,-0.015000000000029309,1.1100000000000614));
#2883=IFCCARTESIANPOINT((0.37999999999999878,-0.014488887394365341,1.1061177143235237));
#2884=IFCCARTESIANPOINT((0.37999999999999878,-0.012990381056795898,1.1025000000000615));
#2885=IFCCARTESIANPOINT((0.37999999999999878,-0.010606601717827537,1.0993933982822632));
#2886=IFCCARTESIANPOINT((0.37999999999999878,-0.0075000000000292845,1.0970096189432947));
#2887=IFCCARTESIANPOINT((0.37999999999999878,-0.003882285676567085,1.0955111126057255));
#2888=IFCCARTESIANPOINT((0.37999999999999878,-0.,1.0950000000000615));
#2889=IFCCARTESIANPOINT((0.37999999999999878,0.0038822856765086977,1.0955111126057255));
#2890=IFCCARTESIANPOINT((0.37999999999999878,0.0074999999999708546,1.097009618943295));
#2891=IFCCARTESIANPOINT((0.37999999999999878,0.010606601717769027,1.0993933982822632));
#2892=IFCCARTESIANPOINT((0.37999999999999878,0.012990381056737388,1.1025000000000615));
#2893=IFCCARTESIANPOINT((0.37999999999999878,0.014488887394306768,1.1061177143235239));
#2894=IFCCARTESIANPOINT((0.37999999999999878,0.01499999999997069,1.1100000000000616));
#2895=IFCCARTESIANPOINT((0.37999999999999878,0.014488887394306661,1.1138822856765995));
#2896=IFCCARTESIANPOINT((0.37999999999999878,0.012990381056737166,1.1175000000000617));
#2897=IFCCARTESIANPOINT((0.37999999999999878,0.010606601717768758,1.1206066017178598));
#2898=IFCCARTESIANPOINT((0.37999999999999878,0.0074999999999705563,1.122990381056828));
#2899=IFCCARTESIANPOINT((0.37999999999999878,0.0038822856765083321,1.1244888873943975));
#2900=IFCCARTESIANPOINT((-0.38000000000000106,-0.,1.1250000000000639));
#2901=IFCCARTESIANPOINT((-0.38000000000000106,0.0038822856765089757,1.1244888873943999));
#2902=IFCCARTESIANPOINT((-0.38000000000000106,0.0074999999999716708,1.12299038105683));
#2903=IFCCARTESIANPOINT((-0.38000000000000106,0.010606601717770043,1.1206066017178611));
#2904=IFCCARTESIANPOINT((-0.38000000000000106,0.01299038105673828,1.1175000000000621));
#2905=IFCCARTESIANPOINT((-0.38000000000000106,0.014488887394307304,1.1138822856765995));
#2906=IFCCARTESIANPOINT((-0.38000000000000106,0.01499999999997069,1.1100000000000616));
#2907=IFCCARTESIANPOINT((-0.38000000000000106,0.014488887394306127,1.1061177143235239));
#2908=IFCCARTESIANPOINT((-0.38000000000000106,0.012990381056736272,1.1025000000000622));
#2909=IFCCARTESIANPOINT((-0.38000000000000106,0.010606601717767743,1.0993933982822646));
#2910=IFCCARTESIANPOINT((-0.38000000000000106,0.0074999999999697401,1.0970096189432967));
#2911=IFCCARTESIANPOINT((-0.38000000000000106,0.0038822856765080545,1.095511112605728));
#2912=IFCCARTESIANPOINT((-0.38000000000000106,-0.,1.0950000000000639));
#2913=IFCCARTESIANPOINT((-0.38000000000000106,-0.0038822856765664423,1.0955111126057278));
#2914=IFCCARTESIANPOINT((-0.38000000000000106,-0.0075000000000281777,1.0970096189432967));
#2915=IFCCARTESIANPOINT((-0.38000000000000106,-0.010606601717826247,1.0993933982822646));
#2916=IFCCARTESIANPOINT((-0.38000000000000106,-0.012990381056794786,1.102500000000062));
#2917=IFCCARTESIANPOINT((-0.38000000000000106,-0.014488887394364696,1.1061177143235239));
#2918=IFCCARTESIANPOINT((-0.38000000000000106,-0.015000000000029309,1.1100000000000614));
#2919=IFCCARTESIANPOINT((-0.38000000000000106,-0.014488887394365969,1.1138822856765995));
#2920=IFCCARTESIANPOINT((-0.38000000000000106,-0.012990381056797007,1.1175000000000621));
#2921=IFCCARTESIANPOINT((-0.38000000000000106,-0.010606601717828843,1.1206066017178609));
#2922=IFCCARTESIANPOINT((-0.38000000000000106,-0.0075000000000304701,1.1229903810568298));
#2923=IFCCARTESIANPOINT((-0.38000000000000106,-0.0038822856765678222,1.1244888873943999));
#2924=IFCCARTESIANPOINT((0.1095328493302317,-0.,1.1250000000000624));
#2925=IFCCARTESIANPOINT((-0.,-0.011900300108194917,1.119131421430245));
#2926=IFCCARTESIANPOINT((0.,-0.014871672920624657,1.1119578928834533));
#2927=IFCCARTESIANPOINT((-0.,-0.013858192986219759,1.1042597485110162));
#2928=IFCCARTESIANPOINT((-0.1095350441306899,-0.,1.0950000000000633));
#2929=IFCCARTESIANPOINT((0.,-0.0091314214352065902,1.0980996998957298));
#2930=IFCCARTESIANPOINT((-0.046574747754112369,-0.0057402514923708204,1.1238581929848885));
#2931=IFCCARTESIANPOINT((0.10953504413068758,-0.,1.0950000000000624));
#2932=IFCCARTESIANPOINT((-0.,-0.004615504488236645,1.0957277500611309));
#2933=IFCCARTESIANPOINT((0.14716979947052361,-0.013858192987759704,1.1157402514853911));
#2934=IFCCARTESIANPOINT((0.14716979902356062,-0.009131421435329027,1.1219003001043011));
#2935=IFCCARTESIANPOINT((-0.14716979942784006,-0.013858192989061546,1.1157402514822492));
#2936=IFCCARTESIANPOINT((0.14716979933582,-0.014871672920620256,1.1080421071166382));
#2937=IFCCARTESIANPOINT((0.14716979943999109,-0.011900300104337369,1.1008685785648527));
#2938=IFCCARTESIANPOINT((-0.14716979932573868,-0.014871672920270092,1.1080421071139797));
#2939=IFCCARTESIANPOINT((-0.14716979941307881,-0.011900300103018362,1.1008685785631345));
#2940=IFCCARTESIANPOINT((-0.13523357533488467,-0.,1.1250000000000631));
#2941=IFCCARTESIANPOINT((-0.16447440560493634,-0.0091314214386024276,1.1219003001017904));
#2942=IFCCARTESIANPOINT((0.19368212821134626,-0.0057402514857723425,1.1238581929876208));
#2943=IFCCARTESIANPOINT((0.19895435707988215,-0.0057402514854183653,1.0961418070123565));
#2944=IFCCARTESIANPOINT((-0.19895435715943693,-0.0057402514841376111,1.0961418070118274));
#2945=IFCCARTESIANPOINT((-0.20427673360824278,-0.011900300106302403,1.1191314214327122));
#2946=IFCCARTESIANPOINT((0.20427673354132275,-0.011900300104527969,1.1191314214350232));
#2947=IFCCARTESIANPOINT((0.20427673358029208,-0.014871672920657811,1.1119578928832006));
#2948=IFCCARTESIANPOINT((-0.20427673355335013,-0.014871672920953895,1.111957892880953));
#2949=IFCCARTESIANPOINT((-0.2042767335800583,-0.013858192986955641,1.1042597485127934));
#2950=IFCCARTESIANPOINT((0.20427673354108247,-0.013858192987649202,1.1042597485144663));
#2951=IFCCARTESIANPOINT((0.20427673356508774,-0.009131421435077185,1.0980996998956298));
#2952=IFCCARTESIANPOINT((-0.20427673354598982,-0.0091314214339036671,1.0980996998947308));
#2953=IFCCARTESIANPOINT((-0.22955836332708837,-0.0057402514888285315,1.1238581929863565));
#2954=IFCCARTESIANPOINT((-0.13806655551645822,-0.0031733056375779283,1.1246604956032378));
#2955=IFCCARTESIANPOINT((0.036332618047319354,-0.0029711628560125489,1.1247027953561581));
#2956=IFCCARTESIANPOINT((0.20719915783831,-0.0026491004652375275,1.1247642225236232));
#2957=IFCCARTESIANPOINT((0.21890085988367255,-0.0025835427477059135,1.0952241647657706));
#2958=IFCCARTESIANPOINT((-0.21890085992037969,-0.0025835427470862708,1.0952241647656638));
#2959=IFCCARTESIANPOINT((0.,-0.014204558019383223,1.114819806165751));
#2960=IFCCARTESIANPOINT((0.,-0.014711411176390387,1.1070717955673022));
#2961=IFCCARTESIANPOINT((0.,-0.011276353590974626,1.1001083949891468));
#2962=IFCCARTESIANPOINT((-0.0086523032367846718,-0.0098047006398438788,1.1213519974174171));
#2963=IFCCARTESIANPOINT((-1.2291063724134689E-009,0.011900300138302906,1.1008685786091941));
#2964=IFCCARTESIANPOINT((-0.,0.014871672920492462,1.1080421071161133));
#2965=IFCCARTESIANPOINT((-0.,0.013858192979617601,1.1157402515049069));
#2966=IFCCARTESIANPOINT((-0.1095335943473444,-0.,1.1250000000000631));
#2967=IFCCARTESIANPOINT((0.,0.0091314214353116364,1.12190030010427));
#2968=IFCCARTESIANPOINT((-0.046574753838409318,0.005740251527946859,1.0961418070299975));
#2969=IFCCARTESIANPOINT((-0.,0.0046155044895883866,1.1242722499385382));
#2970=IFCCARTESIANPOINT((0.14716980035786473,0.013858192988525949,1.1042597485167247));
#2971=IFCCARTESIANPOINT((0.14716979547189107,0.0091314214430898329,1.0980996999018233));
#2972=IFCCARTESIANPOINT((-0.14716980035825694,0.013858192998240964,1.1042597485401799));
#2973=IFCCARTESIANPOINT((0.14716979917323789,0.014871672920446069,1.1119578928843641));
#2974=IFCCARTESIANPOINT((0.14716979973331684,0.011900300103995889,1.1191314214356405));
#2975=IFCCARTESIANPOINT((-0.14716979932606042,0.014871672918356898,1.1119578929002336));
#2976=IFCCARTESIANPOINT((-0.14716979960893004,0.011900300097687888,1.1191314214438621));
#2977=IFCCARTESIANPOINT((-0.13523313397165795,-0.,1.0950000000000633));
#2978=IFCCARTESIANPOINT((-0.16447440799254012,0.0091314214629711603,1.0980996999170798));
#2979=IFCCARTESIANPOINT((0.1936821246138494,0.0057402515282239178,1.0961418070301114));
#2980=IFCCARTESIANPOINT((0.1989543570222165,0.0057402514850616766,1.123858192987891));
#2981=IFCCARTESIANPOINT((-0.19895435735228975,0.0057402514799815511,1.1238581929899967));
#2982=IFCCARTESIANPOINT((-0.20427673442503733,0.011900300120164475,1.1008685785855563));
#2983=IFCCARTESIANPOINT((0.20427673298902183,0.011900300107237943,1.1008685785687089));
#2984=IFCCARTESIANPOINT((0.20427673365408205,0.014871672920798069,1.1080421071184339));
#2985=IFCCARTESIANPOINT((-0.20427673368937854,0.014871672922744605,1.1080421071332207));
#2986=IFCCARTESIANPOINT((-0.20427673377973021,0.013858192983660389,1.1157402514951473));
#2987=IFCCARTESIANPOINT((0.20427673348763228,0.013858192987312173,1.1157402514863297));
#2988=IFCCARTESIANPOINT((0.20427673363287852,0.0091314214346912542,1.1219003001047452));
#2989=IFCCARTESIANPOINT((-0.20427673358442233,0.0091314214296235284,1.1219003001086354));
#2990=IFCCARTESIANPOINT((-0.22955836651994363,0.0057402515019236875,1.096141807019219));
#2991=IFCCARTESIANPOINT((-0.13806656045591617,0.0031733056576804504,1.0953395044012526));
#2992=IFCCARTESIANPOINT((0.036332609841721236,0.0029711629038132966,1.0952972046536384));
#2993=IFCCARTESIANPOINT((0.20719914496876299,0.0026491005174729214,1.0952357774858836));
#2994=IFCCARTESIANPOINT((0.21890085964926523,0.0025835427466595032,1.1247758352345261));
#2995=IFCCARTESIANPOINT((-0.21890085982549956,0.0025835427440040657,1.1247758352349919));
#2996=IFCCARTESIANPOINT((0.,0.014204558019005326,1.1051801938334334));
#2997=IFCCARTESIANPOINT((0.,0.014711411172118931,1.1129282044539888));
#2998=IFCCARTESIANPOINT((0.,0.011276353589665406,1.1198916050124041));
#2999=IFCCARTESIANPOINT((-0.008652305867153055,0.0098047006850424043,1.0986480026217968));
#3000=IFCPOLYLOOP((#2892,#2893,#2894,#2895,#2896,#2897,#2898,#2899,#2876,#2877,#2878,#2879,#2880,#2881,#2882,#2883,#2884,#2885,#2886,#2887,#2888,#2889,#2890,#2891));
#3001=IFCFACEOUTERBOUND(#3000,.T.);
#3002=IFCFACE((#3001));
#3003=IFCPOLYLOOP((#2907,#2908,#2909,#2910,#2911,#2912,#2913,#2914,#2915,#2916,#2917,#2918,#2919,#2920,#2921,#2922,#2923,#2900,#2901,#2902,#2903,#2904,#2905,#2906));
#3004=IFCFACEOUTERBOUND(#3003,.T.);
#3005=IFCFACE((#3004));
#3006=IFCPOLYLOOP((#2923,#2922,#2953));
#3007=IFCFACEOUTERBOUND(#3006,.T.);
#3008=IFCFACE((#3007));
#3009=IFCPOLYLOOP((#2937,#2961,#2951));
#3010=IFCFACEOUTERBOUND(#3009,.T.);
#3011=IFCFACE((#3010));
#3012=IFCPOLYLOOP((#2961,#2927,#2939));
#3013=IFCFACEOUTERBOUND(#3012,.T.);
#3014=IFCFACE((#3013));
#3015=IFCPOLYLOOP((#2955,#2924,#2966,#2940));
#3016=IFCFACEOUTERBOUND(#3015,.T.);
#3017=IFCFACE((#3016));
#3018=IFCPOLYLOOP((#2945,#2921,#2920));
#3019=IFCFACEOUTERBOUND(#3018,.T.);
#3020=IFCFACE((#3019));
#3021=IFCPOLYLOOP((#2960,#2926,#2938));
#3022=IFCFACEOUTERBOUND(#3021,.T.);
#3023=IFCFACE((#3022));
#3024=IFCPOLYLOOP((#2945,#2935,#2925));
#3025=IFCFACEOUTERBOUND(#3024,.T.);
#3026=IFCFACE((#3025));
#3027=IFCPOLYLOOP((#2933,#2946,#2925));
#3028=IFCFACEOUTERBOUND(#3027,.T.);
#3029=IFCFACE((#3028));
#3030=IFCPOLYLOOP((#2953,#2941,#2930));
#3031=IFCFACEOUTERBOUND(#3030,.T.);
#3032=IFCFACE((#3031));
#3033=IFCPOLYLOOP((#2930,#2934,#2942));
#3034=IFCFACEOUTERBOUND(#3033,.T.);
#3035=IFCFACE((#3034));
#3036=IFCPOLYLOOP((#2936,#2960,#2950));
#3037=IFCFACEOUTERBOUND(#3036,.T.);
#3038=IFCFACE((#3037));
#3039=IFCPOLYLOOP((#2935,#2920,#2919));
#3040=IFCFACEOUTERBOUND(#3039,.T.);
#3041=IFCFACE((#3040));
#3042=IFCPOLYLOOP((#2940,#2954,#2955));
#3043=IFCFACEOUTERBOUND(#3042,.T.);
#3044=IFCFACE((#3043));
#3045=IFCPOLYLOOP((#2876,#2924,#2956));
#3046=IFCFACEOUTERBOUND(#3045,.T.);
#3047=IFCFACE((#3046));
#3048=IFCPOLYLOOP((#2948,#2935,#2919));
#3049=IFCFACEOUTERBOUND(#3048,.T.);
#3050=IFCFACE((#3049));
#3051=IFCPOLYLOOP((#2953,#2954,#2923));
#3052=IFCFACEOUTERBOUND(#3051,.T.);
#3053=IFCFACE((#3052));
#3054=IFCPOLYLOOP((#2933,#2881,#2880));
#3055=IFCFACEOUTERBOUND(#3054,.T.);
#3056=IFCFACE((#3055));
#3057=IFCPOLYLOOP((#2878,#2942,#2934));
#3058=IFCFACEOUTERBOUND(#3057,.T.);
#3059=IFCFACE((#3058));
#3060=IFCPOLYLOOP((#2952,#2939,#2915));
#3061=IFCFACEOUTERBOUND(#3060,.T.);
#3062=IFCFACE((#3061));
#3063=IFCPOLYLOOP((#2934,#2879,#2878));
#3064=IFCFACEOUTERBOUND(#3063,.T.);
#3065=IFCFACE((#3064));
#3066=IFCPOLYLOOP((#2933,#2880,#2946));
#3067=IFCFACEOUTERBOUND(#3066,.T.);
#3068=IFCFACE((#3067));
#3069=IFCPOLYLOOP((#2918,#2948,#2919));
#3070=IFCFACEOUTERBOUND(#3069,.T.);
#3071=IFCFACE((#3070));
#3072=IFCPOLYLOOP((#2947,#2882,#2881));
#3073=IFCFACEOUTERBOUND(#3072,.T.);
#3074=IFCFACE((#3073));
#3075=IFCPOLYLOOP((#2879,#2946,#2880));
#3076=IFCFACEOUTERBOUND(#3075,.T.);
#3077=IFCFACE((#3076));
#3078=IFCPOLYLOOP((#2949,#2938,#2917));
#3079=IFCFACEOUTERBOUND(#3078,.T.);
#3080=IFCFACE((#3079));
#3081=IFCPOLYLOOP((#2938,#2949,#2960));
#3082=IFCFACEOUTERBOUND(#3081,.T.);
#3083=IFCFACE((#3082));
#3084=IFCPOLYLOOP((#2949,#2917,#2916));
#3085=IFCFACEOUTERBOUND(#3084,.T.);
#3086=IFCFACE((#3085));
#3087=IFCPOLYLOOP((#2942,#2878,#2877));
#3088=IFCFACEOUTERBOUND(#3087,.T.);
#3089=IFCFACE((#3088));
#3090=IFCPOLYLOOP((#2933,#2959,#2947));
#3091=IFCFACEOUTERBOUND(#3090,.T.);
#3092=IFCFACE((#3091));
#3093=IFCPOLYLOOP((#2937,#2885,#2884));
#3094=IFCFACEOUTERBOUND(#3093,.T.);
#3095=IFCFACE((#3094));
#3096=IFCPOLYLOOP((#2958,#2932,#2944));
#3097=IFCFACEOUTERBOUND(#3096,.T.);
#3098=IFCFACE((#3097));
#3099=IFCPOLYLOOP((#2952,#2944,#2929));
#3100=IFCFACEOUTERBOUND(#3099,.T.);
#3101=IFCFACE((#3100));
#3102=IFCPOLYLOOP((#2943,#2951,#2929));
#3103=IFCFACEOUTERBOUND(#3102,.T.);
#3104=IFCFACE((#3103));
#3105=IFCPOLYLOOP((#2928,#2931,#2932));
#3106=IFCFACEOUTERBOUND(#3105,.T.);
#3107=IFCFACE((#3106));
#3108=IFCPOLYLOOP((#2913,#2944,#2914));
#3109=IFCFACEOUTERBOUND(#3108,.T.);
#3110=IFCFACE((#3109));
#3111=IFCPOLYLOOP((#2959,#2925,#2935));
#3112=IFCFACEOUTERBOUND(#3111,.T.);
#3113=IFCFACE((#3112));
#3114=IFCPOLYLOOP((#2943,#2957,#2887));
#3115=IFCFACEOUTERBOUND(#3114,.T.);
#3116=IFCFACE((#3115));
#3117=IFCPOLYLOOP((#2917,#2938,#2918));
#3118=IFCFACEOUTERBOUND(#3117,.T.);
#3119=IFCFACE((#3118));
#3120=IFCPOLYLOOP((#2882,#2936,#2883));
#3121=IFCFACEOUTERBOUND(#3120,.T.);
#3122=IFCFACE((#3121));
#3123=IFCPOLYLOOP((#2887,#2886,#2943));
#3124=IFCFACEOUTERBOUND(#3123,.T.);
#3125=IFCFACE((#3124));
#3126=IFCPOLYLOOP((#2947,#2936,#2882));
#3127=IFCFACEOUTERBOUND(#3126,.T.);
#3128=IFCFACE((#3127));
#3129=IFCPOLYLOOP((#2914,#2952,#2915));
#3130=IFCFACEOUTERBOUND(#3129,.T.);
#3131=IFCFACE((#3130));
#3132=IFCPOLYLOOP((#2950,#2937,#2884));
#3133=IFCFACEOUTERBOUND(#3132,.T.);
#3134=IFCFACE((#3133));
#3135=IFCPOLYLOOP((#2925,#2946,#2934));
#3136=IFCFACEOUTERBOUND(#3135,.T.);
#3137=IFCFACE((#3136));
#3138=IFCPOLYLOOP((#2939,#2916,#2915));
#3139=IFCFACEOUTERBOUND(#3138,.T.);
#3140=IFCFACE((#3139));
#3141=IFCPOLYLOOP((#2886,#2885,#2951));
#3142=IFCFACEOUTERBOUND(#3141,.T.);
#3143=IFCFACE((#3142));
#3144=IFCPOLYLOOP((#2941,#2922,#2921));
#3145=IFCFACEOUTERBOUND(#3144,.T.);
#3146=IFCFACE((#3145));
#3147=IFCPOLYLOOP((#2887,#2957,#2888));
#3148=IFCFACEOUTERBOUND(#3147,.T.);
#3149=IFCFACE((#3148));
#3150=IFCPOLYLOOP((#2958,#2912,#2977,#2928));
#3151=IFCFACEOUTERBOUND(#3150,.T.);
#3152=IFCFACE((#3151));
#3153=IFCPOLYLOOP((#2888,#2957,#2931));
#3154=IFCFACEOUTERBOUND(#3153,.T.);
#3155=IFCFACE((#3154));
#3156=IFCPOLYLOOP((#2943,#2929,#2932));
#3157=IFCFACEOUTERBOUND(#3156,.T.);
#3158=IFCFACE((#3157));
#3159=IFCPOLYLOOP((#2962,#2930,#2941));
#3160=IFCFACEOUTERBOUND(#3159,.T.);
#3161=IFCFACE((#3160));
#3162=IFCPOLYLOOP((#2935,#2948,#2959));
#3163=IFCFACEOUTERBOUND(#3162,.T.);
#3164=IFCFACE((#3163));
#3165=IFCPOLYLOOP((#2883,#2950,#2884));
#3166=IFCFACEOUTERBOUND(#3165,.T.);
#3167=IFCFACE((#3166));
#3168=IFCPOLYLOOP((#2948,#2938,#2926));
#3169=IFCFACEOUTERBOUND(#3168,.T.);
#3170=IFCFACE((#3169));
#3171=IFCPOLYLOOP((#2939,#2952,#2961));
#3172=IFCFACEOUTERBOUND(#3171,.T.);
#3173=IFCFACE((#3172));
#3174=IFCPOLYLOOP((#2949,#2939,#2927));
#3175=IFCFACEOUTERBOUND(#3174,.T.);
#3176=IFCFACE((#3175));
#3177=IFCPOLYLOOP((#2937,#2950,#2927));
#3178=IFCFACEOUTERBOUND(#3177,.T.);
#3179=IFCFACE((#3178));
#3180=IFCPOLYLOOP((#2945,#2941,#2921));
#3181=IFCFACEOUTERBOUND(#3180,.T.);
#3182=IFCFACE((#3181));
#3183=IFCPOLYLOOP((#2923,#2954,#2900));
#3184=IFCFACEOUTERBOUND(#3183,.T.);
#3185=IFCFACE((#3184));
#3186=IFCPOLYLOOP((#2934,#2962,#2925));
#3187=IFCFACEOUTERBOUND(#3186,.T.);
#3188=IFCFACE((#3187));
#3189=IFCPOLYLOOP((#2955,#2956,#2924));
#3190=IFCFACEOUTERBOUND(#3189,.T.);
#3191=IFCFACE((#3190));
#3192=IFCPOLYLOOP((#2943,#2886,#2951));
#3193=IFCFACEOUTERBOUND(#3192,.T.);
#3194=IFCFACE((#3193));
#3195=IFCPOLYLOOP((#2957,#2932,#2931));
#3196=IFCFACEOUTERBOUND(#3195,.T.);
#3197=IFCFACE((#3196));
#3198=IFCPOLYLOOP((#2958,#2944,#2913));
#3199=IFCFACEOUTERBOUND(#3198,.T.);
#3200=IFCFACE((#3199));
#3201=IFCPOLYLOOP((#2929,#2944,#2932));
#3202=IFCFACEOUTERBOUND(#3201,.T.);
#3203=IFCFACE((#3202));
#3204=IFCPOLYLOOP((#2935,#2945,#2920));
#3205=IFCFACEOUTERBOUND(#3204,.T.);
#3206=IFCFACE((#3205));
#3207=IFCPOLYLOOP((#2945,#2925,#2962));
#3208=IFCFACEOUTERBOUND(#3207,.T.);
#3209=IFCFACE((#3208));
#3210=IFCPOLYLOOP((#2934,#2946,#2879));
#3211=IFCFACEOUTERBOUND(#3210,.T.);
#3212=IFCFACE((#3211));
#3213=IFCPOLYLOOP((#2933,#2947,#2881));
#3214=IFCFACEOUTERBOUND(#3213,.T.);
#3215=IFCFACE((#3214));
#3216=IFCPOLYLOOP((#2936,#2947,#2926));
#3217=IFCFACEOUTERBOUND(#3216,.T.);
#3218=IFCFACE((#3217));
#3219=IFCPOLYLOOP((#2938,#2948,#2918));
#3220=IFCFACEOUTERBOUND(#3219,.T.);
#3221=IFCFACE((#3220));
#3222=IFCPOLYLOOP((#2948,#2926,#2947,#2959));
#3223=IFCFACEOUTERBOUND(#3222,.T.);
#3224=IFCFACE((#3223));
#3225=IFCPOLYLOOP((#2939,#2949,#2916));
#3226=IFCFACEOUTERBOUND(#3225,.T.);
#3227=IFCFACE((#3226));
#3228=IFCPOLYLOOP((#2949,#2927,#2950,#2960));
#3229=IFCFACEOUTERBOUND(#3228,.T.);
#3230=IFCFACE((#3229));
#3231=IFCPOLYLOOP((#2936,#2950,#2883));
#3232=IFCFACEOUTERBOUND(#3231,.T.);
#3233=IFCFACE((#3232));
#3234=IFCPOLYLOOP((#2937,#2951,#2885));
#3235=IFCFACEOUTERBOUND(#3234,.T.);
#3236=IFCFACE((#3235));
#3237=IFCPOLYLOOP((#2944,#2952,#2914));
#3238=IFCFACEOUTERBOUND(#3237,.T.);
#3239=IFCFACE((#3238));
#3240=IFCPOLYLOOP((#2952,#2929,#2951,#2961));
#3241=IFCFACEOUTERBOUND(#3240,.T.);
#3242=IFCFACE((#3241));
#3243=IFCPOLYLOOP((#2941,#2953,#2922));
#3244=IFCFACEOUTERBOUND(#3243,.T.);
#3245=IFCFACE((#3244));
#3246=IFCPOLYLOOP((#2954,#2953,#2930));
#3247=IFCFACEOUTERBOUND(#3246,.T.);
#3248=IFCFACE((#3247));
#3249=IFCPOLYLOOP((#2954,#2930,#2955));
#3250=IFCFACEOUTERBOUND(#3249,.T.);
#3251=IFCFACE((#3250));
#3252=IFCPOLYLOOP((#2954,#2940,#2900));
#3253=IFCFACEOUTERBOUND(#3252,.T.);
#3254=IFCFACE((#3253));
#3255=IFCPOLYLOOP((#2930,#2942,#2955));
#3256=IFCFACEOUTERBOUND(#3255,.T.);
#3257=IFCFACE((#3256));
#3258=IFCPOLYLOOP((#2956,#2955,#2942));
#3259=IFCFACEOUTERBOUND(#3258,.T.);
#3260=IFCFACE((#3259));
#3261=IFCPOLYLOOP((#2942,#2877,#2956));
#3262=IFCFACEOUTERBOUND(#3261,.T.);
#3263=IFCFACE((#3262));
#3264=IFCPOLYLOOP((#2876,#2956,#2877));
#3265=IFCFACEOUTERBOUND(#3264,.T.);
#3266=IFCFACE((#3265));
#3267=IFCPOLYLOOP((#2932,#2957,#2943));
#3268=IFCFACEOUTERBOUND(#3267,.T.);
#3269=IFCFACE((#3268));
#3270=IFCPOLYLOOP((#2912,#2958,#2913));
#3271=IFCFACEOUTERBOUND(#3270,.T.);
#3272=IFCFACE((#3271));
#3273=IFCPOLYLOOP((#2932,#2958,#2928));
#3274=IFCFACEOUTERBOUND(#3273,.T.);
#3275=IFCFACE((#3274));
#3276=IFCPOLYLOOP((#2925,#2959,#2933));
#3277=IFCFACEOUTERBOUND(#3276,.T.);
#3278=IFCFACE((#3277));
#3279=IFCPOLYLOOP((#2926,#2960,#2936));
#3280=IFCFACEOUTERBOUND(#3279,.T.);
#3281=IFCFACE((#3280));
#3282=IFCPOLYLOOP((#2927,#2961,#2937));
#3283=IFCFACEOUTERBOUND(#3282,.T.);
#3284=IFCFACE((#3283));
#3285=IFCPOLYLOOP((#2930,#2962,#2934));
#3286=IFCFACEOUTERBOUND(#3285,.T.);
#3287=IFCFACE((#3286));
#3288=IFCPOLYLOOP((#2945,#2962,#2941));
#3289=IFCFACEOUTERBOUND(#3288,.T.);
#3290=IFCFACE((#3289));
#3291=IFCPOLYLOOP((#2990,#2978,#2968));
#3292=IFCFACEOUTERBOUND(#3291,.T.);
#3293=IFCFACE((#3292));
#3294=IFCPOLYLOOP((#2968,#2971,#2979));
#3295=IFCFACEOUTERBOUND(#3294,.T.);
#3296=IFCFACE((#3295));
#3297=IFCPOLYLOOP((#2888,#2931,#2993));
#3298=IFCFACEOUTERBOUND(#3297,.T.);
#3299=IFCFACE((#3298));
#3300=IFCPOLYLOOP((#2991,#2911,#2990));
#3301=IFCFACEOUTERBOUND(#3300,.T.);
#3302=IFCFACE((#3301));
#3303=IFCPOLYLOOP((#2910,#2990,#2911));
#3304=IFCFACEOUTERBOUND(#3303,.T.);
#3305=IFCFACE((#3304));
#3306=IFCPOLYLOOP((#2982,#2909,#2908));
#3307=IFCFACEOUTERBOUND(#3306,.T.);
#3308=IFCFACE((#3307));
#3309=IFCPOLYLOOP((#2891,#2983,#2892));
#3310=IFCFACEOUTERBOUND(#3309,.T.);
#3311=IFCFACE((#3310));
#3312=IFCPOLYLOOP((#2906,#2985,#2907));
#3313=IFCFACEOUTERBOUND(#3312,.T.);
#3314=IFCFACE((#3313));
#3315=IFCPOLYLOOP((#2971,#2890,#2979));
#3316=IFCFACEOUTERBOUND(#3315,.T.);
#3317=IFCFACE((#3316));
#3318=IFCPOLYLOOP((#2975,#2986,#2997));
#3319=IFCFACEOUTERBOUND(#3318,.T.);
#3320=IFCFACE((#3319));
#3321=IFCPOLYLOOP((#2907,#2972,#2908));
#3322=IFCFACEOUTERBOUND(#3321,.T.);
#3323=IFCFACE((#3322));
#3324=IFCPOLYLOOP((#2970,#2893,#2892));
#3325=IFCFACEOUTERBOUND(#3324,.T.);
#3326=IFCFACE((#3325));
#3327=IFCPOLYLOOP((#2985,#2972,#2907));
#3328=IFCFACEOUTERBOUND(#3327,.T.);
#3329=IFCFACE((#3328));
#3330=IFCPOLYLOOP((#2977,#2991,#2992));
#3331=IFCFACEOUTERBOUND(#3330,.T.);
#3332=IFCFACE((#3331));
#3333=IFCPOLYLOOP((#2895,#2987,#2896));
#3334=IFCFACEOUTERBOUND(#3333,.T.);
#3335=IFCFACE((#3334));
#3336=IFCPOLYLOOP((#2995,#2900,#2940,#2966));
#3337=IFCFACEOUTERBOUND(#3336,.T.);
#3338=IFCFACE((#3337));
#3339=IFCPOLYLOOP((#2876,#2994,#2924));
#3340=IFCFACEOUTERBOUND(#3339,.T.);
#3341=IFCFACE((#3340));
#3342=IFCPOLYLOOP((#2992,#2931,#2928,#2977));
#3343=IFCFACEOUTERBOUND(#3342,.T.);
#3344=IFCFACE((#3343));
#3345=IFCPOLYLOOP((#2978,#2910,#2909));
#3346=IFCFACEOUTERBOUND(#3345,.T.);
#3347=IFCFACE((#3346));
#3348=IFCPOLYLOOP((#2971,#2891,#2890));
#3349=IFCFACEOUTERBOUND(#3348,.T.);
#3350=IFCFACE((#3349));
#3351=IFCPOLYLOOP((#2970,#2892,#2983));
#3352=IFCFACEOUTERBOUND(#3351,.T.);
#3353=IFCFACE((#3352));
#3354=IFCPOLYLOOP((#2902,#2989,#2903));
#3355=IFCFACEOUTERBOUND(#3354,.T.);
#3356=IFCFACE((#3355));
#3357=IFCPOLYLOOP((#2984,#2894,#2893));
#3358=IFCFACEOUTERBOUND(#3357,.T.);
#3359=IFCFACE((#3358));
#3360=IFCPOLYLOOP((#2899,#2898,#2980));
#3361=IFCFACEOUTERBOUND(#3360,.T.);
#3362=IFCFACE((#3361));
#3363=IFCPOLYLOOP((#2986,#2975,#2905));
#3364=IFCFACEOUTERBOUND(#3363,.T.);
#3365=IFCFACE((#3364));
#3366=IFCPOLYLOOP((#2989,#2976,#2903));
#3367=IFCFACEOUTERBOUND(#3366,.T.);
#3368=IFCFACE((#3367));
#3369=IFCPOLYLOOP((#2986,#2905,#2904));
#3370=IFCFACEOUTERBOUND(#3369,.T.);
#3371=IFCFACE((#3370));
#3372=IFCPOLYLOOP((#2973,#2997,#2987));
#3373=IFCFACEOUTERBOUND(#3372,.T.);
#3374=IFCFACE((#3373));
#3375=IFCPOLYLOOP((#2997,#2964,#2975));
#3376=IFCFACEOUTERBOUND(#3375,.T.);
#3377=IFCFACE((#3376));
#3378=IFCPOLYLOOP((#2974,#2897,#2896));
#3379=IFCFACEOUTERBOUND(#3378,.T.);
#3380=IFCFACE((#3379));
#3381=IFCPOLYLOOP((#2995,#2969,#2981));
#3382=IFCFACEOUTERBOUND(#3381,.T.);
#3383=IFCFACE((#3382));
#3384=IFCPOLYLOOP((#2972,#2985,#2996));
#3385=IFCFACEOUTERBOUND(#3384,.T.);
#3386=IFCFACE((#3385));
#3387=IFCPOLYLOOP((#2999,#2968,#2978));
#3388=IFCFACEOUTERBOUND(#3387,.T.);
#3389=IFCFACE((#3388));
#3390=IFCPOLYLOOP((#2901,#2981,#2902));
#3391=IFCFACEOUTERBOUND(#3390,.T.);
#3392=IFCFACE((#3391));
#3393=IFCPOLYLOOP((#2982,#2972,#2963));
#3394=IFCFACEOUTERBOUND(#3393,.T.);
#3395=IFCFACE((#3394));
#3396=IFCPOLYLOOP((#2980,#2994,#2899));
#3397=IFCFACEOUTERBOUND(#3396,.T.);
#3398=IFCFACE((#3397));
#3399=IFCPOLYLOOP((#2905,#2975,#2906));
#3400=IFCFACEOUTERBOUND(#3399,.T.);
#3401=IFCFACE((#3400));
#3402=IFCPOLYLOOP((#2894,#2973,#2895));
#3403=IFCFACEOUTERBOUND(#3402,.T.);
#3404=IFCFACE((#3403));
#3405=IFCPOLYLOOP((#2980,#2967,#2969));
#3406=IFCFACEOUTERBOUND(#3405,.T.);
#3407=IFCFACE((#3406));
#3408=IFCPOLYLOOP((#2984,#2973,#2894));
#3409=IFCFACEOUTERBOUND(#3408,.T.);
#3410=IFCFACE((#3409));
#3411=IFCPOLYLOOP((#2989,#2981,#2967));
#3412=IFCFACEOUTERBOUND(#3411,.T.);
#3413=IFCFACE((#3412));
#3414=IFCPOLYLOOP((#2980,#2988,#2967));
#3415=IFCFACEOUTERBOUND(#3414,.T.);
#3416=IFCFACE((#3415));
#3417=IFCPOLYLOOP((#2987,#2974,#2896));
#3418=IFCFACEOUTERBOUND(#3417,.T.);
#3419=IFCFACE((#3418));
#3420=IFCPOLYLOOP((#2970,#2996,#2984));
#3421=IFCFACEOUTERBOUND(#3420,.T.);
#3422=IFCFACE((#3421));
#3423=IFCPOLYLOOP((#2976,#2904,#2903));
#3424=IFCFACEOUTERBOUND(#3423,.T.);
#3425=IFCFACE((#3424));
#3426=IFCPOLYLOOP((#2898,#2897,#2988));
#3427=IFCFACEOUTERBOUND(#3426,.T.);
#3428=IFCFACE((#3427));
#3429=IFCPOLYLOOP((#2996,#2963,#2972));
#3430=IFCFACEOUTERBOUND(#3429,.T.);
#3431=IFCFACE((#3430));
#3432=IFCPOLYLOOP((#2899,#2994,#2876));
#3433=IFCFACEOUTERBOUND(#3432,.T.);
#3434=IFCFACE((#3433));
#3435=IFCPOLYLOOP((#2966,#2924,#2969));
#3436=IFCFACEOUTERBOUND(#3435,.T.);
#3437=IFCFACE((#3436));
#3438=IFCPOLYLOOP((#2979,#2890,#2889));
#3439=IFCFACEOUTERBOUND(#3438,.T.);
#3440=IFCFACE((#3439));
#3441=IFCPOLYLOOP((#2998,#2965,#2976));
#3442=IFCFACEOUTERBOUND(#3441,.T.);
#3443=IFCFACE((#3442));
#3444=IFCPOLYLOOP((#2974,#2998,#2988));
#3445=IFCFACEOUTERBOUND(#3444,.T.);
#3446=IFCFACE((#3445));
#3447=IFCPOLYLOOP((#2963,#2983,#2971));
#3448=IFCFACEOUTERBOUND(#3447,.T.);
#3449=IFCFACE((#3448));
#3450=IFCPOLYLOOP((#2985,#2975,#2964));
#3451=IFCFACEOUTERBOUND(#3450,.T.);
#3452=IFCFACE((#3451));
#3453=IFCPOLYLOOP((#2976,#2989,#2998));
#3454=IFCFACEOUTERBOUND(#3453,.T.);
#3455=IFCFACE((#3454));
#3456=IFCPOLYLOOP((#2986,#2976,#2965));
#3457=IFCFACEOUTERBOUND(#3456,.T.);
#3458=IFCFACE((#3457));
#3459=IFCPOLYLOOP((#2974,#2987,#2965));
#3460=IFCFACEOUTERBOUND(#3459,.T.);
#3461=IFCFACE((#3460));
#3462=IFCPOLYLOOP((#2982,#2978,#2909));
#3463=IFCFACEOUTERBOUND(#3462,.T.);
#3464=IFCFACE((#3463));
#3465=IFCPOLYLOOP((#2911,#2991,#2912));
#3466=IFCFACEOUTERBOUND(#3465,.T.);
#3467=IFCFACE((#3466));
#3468=IFCPOLYLOOP((#2971,#2999,#2963));
#3469=IFCFACEOUTERBOUND(#3468,.T.);
#3470=IFCFACE((#3469));
#3471=IFCPOLYLOOP((#2992,#2993,#2931));
#3472=IFCFACEOUTERBOUND(#3471,.T.);
#3473=IFCFACE((#3472));
#3474=IFCPOLYLOOP((#2980,#2898,#2988));
#3475=IFCFACEOUTERBOUND(#3474,.T.);
#3476=IFCFACE((#3475));
#3477=IFCPOLYLOOP((#2994,#2969,#2924));
#3478=IFCFACEOUTERBOUND(#3477,.T.);
#3479=IFCFACE((#3478));
#3480=IFCPOLYLOOP((#2995,#2981,#2901));
#3481=IFCFACEOUTERBOUND(#3480,.T.);
#3482=IFCFACE((#3481));
#3483=IFCPOLYLOOP((#2967,#2981,#2969));
#3484=IFCFACEOUTERBOUND(#3483,.T.);
#3485=IFCFACE((#3484));
#3486=IFCPOLYLOOP((#2972,#2982,#2908));
#3487=IFCFACEOUTERBOUND(#3486,.T.);
#3488=IFCFACE((#3487));
#3489=IFCPOLYLOOP((#2982,#2963,#2999));
#3490=IFCFACEOUTERBOUND(#3489,.T.);
#3491=IFCFACE((#3490));
#3492=IFCPOLYLOOP((#2971,#2983,#2891));
#3493=IFCFACEOUTERBOUND(#3492,.T.);
#3494=IFCFACE((#3493));
#3495=IFCPOLYLOOP((#2970,#2983,#2963));
#3496=IFCFACEOUTERBOUND(#3495,.T.);
#3497=IFCFACE((#3496));
#3498=IFCPOLYLOOP((#2970,#2984,#2893));
#3499=IFCFACEOUTERBOUND(#3498,.T.);
#3500=IFCFACE((#3499));
#3501=IFCPOLYLOOP((#2973,#2984,#2964));
#3502=IFCFACEOUTERBOUND(#3501,.T.);
#3503=IFCFACE((#3502));
#3504=IFCPOLYLOOP((#2975,#2985,#2906));
#3505=IFCFACEOUTERBOUND(#3504,.T.);
#3506=IFCFACE((#3505));
#3507=IFCPOLYLOOP((#2985,#2964,#2984,#2996));
#3508=IFCFACEOUTERBOUND(#3507,.T.);
#3509=IFCFACE((#3508));
#3510=IFCPOLYLOOP((#2976,#2986,#2904));
#3511=IFCFACEOUTERBOUND(#3510,.T.);
#3512=IFCFACE((#3511));
#3513=IFCPOLYLOOP((#2986,#2965,#2987,#2997));
#3514=IFCFACEOUTERBOUND(#3513,.T.);
#3515=IFCFACE((#3514));
#3516=IFCPOLYLOOP((#2973,#2987,#2895));
#3517=IFCFACEOUTERBOUND(#3516,.T.);
#3518=IFCFACE((#3517));
#3519=IFCPOLYLOOP((#2974,#2988,#2897));
#3520=IFCFACEOUTERBOUND(#3519,.T.);
#3521=IFCFACE((#3520));
#3522=IFCPOLYLOOP((#2981,#2989,#2902));
#3523=IFCFACEOUTERBOUND(#3522,.T.);
#3524=IFCFACE((#3523));
#3525=IFCPOLYLOOP((#2989,#2967,#2988,#2998));
#3526=IFCFACEOUTERBOUND(#3525,.T.);
#3527=IFCFACE((#3526));
#3528=IFCPOLYLOOP((#2978,#2990,#2910));
#3529=IFCFACEOUTERBOUND(#3528,.T.);
#3530=IFCFACE((#3529));
#3531=IFCPOLYLOOP((#2991,#2990,#2968));
#3532=IFCFACEOUTERBOUND(#3531,.T.);
#3533=IFCFACE((#3532));
#3534=IFCPOLYLOOP((#2991,#2968,#2992));
#3535=IFCFACEOUTERBOUND(#3534,.T.);
#3536=IFCFACE((#3535));
#3537=IFCPOLYLOOP((#2991,#2977,#2912));
#3538=IFCFACEOUTERBOUND(#3537,.T.);
#3539=IFCFACE((#3538));
#3540=IFCPOLYLOOP((#2968,#2979,#2992));
#3541=IFCFACEOUTERBOUND(#3540,.T.);
#3542=IFCFACE((#3541));
#3543=IFCPOLYLOOP((#2993,#2992,#2979));
#3544=IFCFACEOUTERBOUND(#3543,.T.);
#3545=IFCFACE((#3544));
#3546=IFCPOLYLOOP((#2979,#2889,#2993));
#3547=IFCFACEOUTERBOUND(#3546,.T.);
#3548=IFCFACE((#3547));
#3549=IFCPOLYLOOP((#2888,#2993,#2889));
#3550=IFCFACEOUTERBOUND(#3549,.T.);
#3551=IFCFACE((#3550));
#3552=IFCPOLYLOOP((#2969,#2994,#2980));
#3553=IFCFACEOUTERBOUND(#3552,.T.);
#3554=IFCFACE((#3553));
#3555=IFCPOLYLOOP((#2900,#2995,#2901));
#3556=IFCFACEOUTERBOUND(#3555,.T.);
#3557=IFCFACE((#3556));
#3558=IFCPOLYLOOP((#2969,#2995,#2966));
#3559=IFCFACEOUTERBOUND(#3558,.T.);
#3560=IFCFACE((#3559));
#3561=IFCPOLYLOOP((#2963,#2996,#2970));
#3562=IFCFACEOUTERBOUND(#3561,.T.);
#3563=IFCFACE((#3562));
#3564=IFCPOLYLOOP((#2964,#2997,#2973));
#3565=IFCFACEOUTERBOUND(#3564,.T.);
#3566=IFCFACE((#3565));
#3567=IFCPOLYLOOP((#2965,#2998,#2974));
#3568=IFCFACEOUTERBOUND(#3567,.T.);
#3569=IFCFACE((#3568));
#3570=IFCPOLYLOOP((#2968,#2999,#2971));
#3571=IFCFACEOUTERBOUND(#3570,.T.);
#3572=IFCFACE((#3571));
#3573=IFCPOLYLOOP((#2982,#2999,#2978));
#3574=IFCFACEOUTERBOUND(#3573,.T.);
#3575=IFCFACE((#3574));
#3576=IFCCARTESIANPOINT((0.37999999999999806,-0.,0.72500000000003317));
#3577=IFCCARTESIANPOINT((0.37999999999999806,-0.0038822856765671791,0.72448888739436923));
#3578=IFCCARTESIANPOINT((0.37999999999999806,-0.0075000000000293512,0.7229903810567998));
#3579=IFCCARTESIANPOINT((0.37999999999999806,-0.010606601717827558,0.72060660171783153));
#3580=IFCCARTESIANPOINT((0.37999999999999806,-0.012990381056795888,0.71750000000003333));
#3581=IFCCARTESIANPOINT((0.37999999999999806,-0.014488887394365327,0.71388228567657108));
#3582=IFCCARTESIANPOINT((0.37999999999999806,-0.015000000000029309,0.71000000000003327));
#3583=IFCCARTESIANPOINT((0.37999999999999806,-0.014488887394365341,0.70611771432349546));
#3584=IFCCARTESIANPOINT((0.37999999999999806,-0.012990381056795898,0.70250000000003332));
#3585=IFCCARTESIANPOINT((0.37999999999999806,-0.010606601717827537,0.69939339828223501));
#3586=IFCCARTESIANPOINT((0.37999999999999806,-0.0075000000000292845,0.69700961894326663));
#3587=IFCCARTESIANPOINT((0.37999999999999806,-0.003882285676567085,0.69551111260569731));
#3588=IFCCARTESIANPOINT((0.37999999999999806,-0.,0.69500000000003326));
#3589=IFCCARTESIANPOINT((0.37999999999999806,0.0038822856765086977,0.69551111260569731));
#3590=IFCCARTESIANPOINT((0.37999999999999806,0.0074999999999708546,0.69700961894326674));
#3591=IFCCARTESIANPOINT((0.37999999999999806,0.010606601717769027,0.69939339828223512));
#3592=IFCCARTESIANPOINT((0.37999999999999806,0.012990381056737388,0.70250000000003343));
#3593=IFCCARTESIANPOINT((0.37999999999999806,0.014488887394306768,0.70611771432349568));
#3594=IFCCARTESIANPOINT((0.37999999999999806,0.01499999999997069,0.71000000000003338));
#3595=IFCCARTESIANPOINT((0.37999999999999806,0.014488887394306661,0.7138822856765713));
#3596=IFCCARTESIANPOINT((0.37999999999999806,0.012990381056737166,0.71750000000003344));
#3597=IFCCARTESIANPOINT((0.37999999999999806,0.010606601717768758,0.72060660171783164));
#3598=IFCCARTESIANPOINT((0.37999999999999806,0.0074999999999705563,0.72299038105679991));
#3599=IFCCARTESIANPOINT((0.37999999999999806,0.0038822856765083321,0.72448888739436934));
#3600=IFCCARTESIANPOINT((-0.38000000000000173,-0.,0.72500000000003584));
#3601=IFCCARTESIANPOINT((-0.38000000000000173,0.0038822856765089757,0.72448888739437167));
#3602=IFCCARTESIANPOINT((-0.38000000000000173,0.0074999999999716708,0.7229903810568018));
#3603=IFCCARTESIANPOINT((-0.38000000000000173,0.010606601717770043,0.72060660171783286));
#3604=IFCCARTESIANPOINT((-0.38000000000000173,0.01299038105673828,0.717500000000034));
#3605=IFCCARTESIANPOINT((-0.38000000000000173,0.014488887394307304,0.71388228567657142));
#3606=IFCCARTESIANPOINT((-0.38000000000000173,0.01499999999997069,0.71000000000003338));
#3607=IFCCARTESIANPOINT((-0.38000000000000173,0.014488887394306127,0.70611771432349579));
#3608=IFCCARTESIANPOINT((-0.38000000000000173,0.012990381056736272,0.70250000000003399));
#3609=IFCCARTESIANPOINT((-0.38000000000000173,0.010606601717767743,0.69939339828223634));
#3610=IFCCARTESIANPOINT((-0.38000000000000173,0.0074999999999697401,0.69700961894326863));
#3611=IFCCARTESIANPOINT((-0.38000000000000173,0.0038822856765080545,0.69551111260569976));
#3612=IFCCARTESIANPOINT((-0.38000000000000173,-0.,0.69500000000003581));
#3613=IFCCARTESIANPOINT((-0.38000000000000173,-0.0038822856765664423,0.69551111260569953));
#3614=IFCCARTESIANPOINT((-0.38000000000000173,-0.0075000000000281777,0.69700961894326852));
#3615=IFCCARTESIANPOINT((-0.38000000000000173,-0.010606601717826247,0.69939339828223634));
#3616=IFCCARTESIANPOINT((-0.38000000000000173,-0.012990381056794786,0.70250000000003388));
#3617=IFCCARTESIANPOINT((-0.38000000000000173,-0.014488887394364696,0.70611771432349568));
#3618=IFCCARTESIANPOINT((-0.38000000000000173,-0.015000000000029309,0.71000000000003327));
#3619=IFCCARTESIANPOINT((-0.38000000000000173,-0.014488887394365969,0.7138822856765713));
#3620=IFCCARTESIANPOINT((-0.38000000000000173,-0.012990381056797007,0.71750000000003389));
#3621=IFCCARTESIANPOINT((-0.38000000000000173,-0.010606601717828843,0.72060660171783275));
#3622=IFCCARTESIANPOINT((-0.38000000000000173,-0.0075000000000304701,0.72299038105680169));
#3623=IFCCARTESIANPOINT((-0.38000000000000173,-0.0038822856765678222,0.72448888739437167));
#3624=IFCCARTESIANPOINT((0.10953284933023102,-0.,0.72500000000003417));
#3625=IFCCARTESIANPOINT((-0.,-0.011900300108194917,0.7191314214302168));
#3626=IFCCARTESIANPOINT((0.,-0.014871672920624657,0.71195789288342504));
#3627=IFCCARTESIANPOINT((-0.,-0.013858192986219759,0.70425974851098783));
#3628=IFCCARTESIANPOINT((-0.10953504413069057,-0.,0.69500000000003492));
#3629=IFCCARTESIANPOINT((0.,-0.0091314214352065902,0.69809969989570164));
#3630=IFCCARTESIANPOINT((-0.046574747754113049,-0.0057402514923708204,0.72385819298486043));
#3631=IFCCARTESIANPOINT((0.1095350441306869,-0.,0.69500000000003426));
#3632=IFCCARTESIANPOINT((-0.,-0.004615504488236645,0.69572775006110277));
#3633=IFCCARTESIANPOINT((0.14716979947052292,-0.013858192987759704,0.71574025148536291));
#3634=IFCCARTESIANPOINT((0.14716979902355995,-0.009131421435329027,0.72190030010427297));
#3635=IFCCARTESIANPOINT((-0.14716979942784073,-0.013858192989061546,0.71574025148222098));
#3636=IFCCARTESIANPOINT((0.14716979933581933,-0.014871672920620256,0.70804210711661009));
#3637=IFCCARTESIANPOINT((0.1471697994399904,-0.011900300104337369,0.70086857856482443));
#3638=IFCCARTESIANPOINT((-0.14716979932573934,-0.014871672920270092,0.70804210711395132));
#3639=IFCCARTESIANPOINT((-0.14716979941307951,-0.011900300103018362,0.70086857856310636));
#3640=IFCCARTESIANPOINT((-0.13523357533488534,-0.,0.72500000000003495));
#3641=IFCCARTESIANPOINT((-0.16447440560493704,-0.0091314214386024276,0.7219003001017622));
#3642=IFCCARTESIANPOINT((0.19368212821134556,-0.0057402514857723425,0.72385819298759269));
#3643=IFCCARTESIANPOINT((0.19895435707988146,-0.0057402514854183653,0.69614180701232842));
#3644=IFCCARTESIANPOINT((-0.19895435715943763,-0.0057402514841376111,0.69614180701179929));
#3645=IFCCARTESIANPOINT((-0.20427673360824344,-0.011900300106302403,0.71913142143268394));
#3646=IFCCARTESIANPOINT((0.20427673354132209,-0.011900300104527969,0.71913142143499498));
#3647=IFCCARTESIANPOINT((0.20427673358029139,-0.014871672920657811,0.71195789288317246));
#3648=IFCCARTESIANPOINT((-0.2042767335533508,-0.014871672920953895,0.71195789288092481));
#3649=IFCCARTESIANPOINT((-0.20427673358005899,-0.013858192986955641,0.70425974851276507));
#3650=IFCCARTESIANPOINT((0.20427673354108178,-0.013858192987649202,0.70425974851443818));
#3651=IFCCARTESIANPOINT((0.20427673356508705,-0.009131421435077185,0.69809969989560172));
#3652=IFCCARTESIANPOINT((-0.20427673354599049,-0.0091314214339036671,0.69809969989470255));
#3653=IFCCARTESIANPOINT((-0.22955836332708907,-0.0057402514888285315,0.72385819298632825));
#3654=IFCCARTESIANPOINT((-0.13806655551645891,-0.0031733056375779283,0.72466049560320966));
#3655=IFCCARTESIANPOINT((0.036332618047318681,-0.0029711628560125489,0.72470279535613003));
#3656=IFCCARTESIANPOINT((0.20719915783830931,-0.0026491004652375275,0.72476422252359507));
#3657=IFCCARTESIANPOINT((0.21890085988367189,-0.0025835427477059135,0.69522416476574245));
#3658=IFCCARTESIANPOINT((-0.21890085992038039,-0.0025835427470862708,0.69522416476563553));
#3659=IFCCARTESIANPOINT((0.,-0.014204558019383223,0.71481980616572294));
#3660=IFCCARTESIANPOINT((0.,-0.014711411176390387,0.70707179556727395));
#3661=IFCCARTESIANPOINT((0.,-0.011276353590974626,0.7001083949891187));
#3662=IFCCARTESIANPOINT((-0.0086523032367853501,-0.0098047006398438788,0.72135199741738898));
#3663=IFCCARTESIANPOINT((-1.2291070492054246E-009,0.011900300138302906,0.70086857860916596));
#3664=IFCCARTESIANPOINT((-0.,0.014871672920492462,0.70804210711608517));
#3665=IFCCARTESIANPOINT((-0.,0.013858192979617601,0.71574025150487863));
#3666=IFCCARTESIANPOINT((-0.10953359434734508,-0.,0.72500000000003484));
#3667=IFCCARTESIANPOINT((0.,0.0091314214353116364,0.72190030010424189));
#3668=IFCCARTESIANPOINT((-0.046574753838409991,0.005740251527946859,0.69614180702996942));
#3669=IFCCARTESIANPOINT((-0.,0.0046155044895883866,0.72427224993851014));
#3670=IFCCARTESIANPOINT((0.14716980035786403,0.013858192988525949,0.70425974851669659));
#3671=IFCCARTESIANPOINT((0.14716979547189041,0.0091314214430898329,0.69809969990179521));
#3672=IFCCARTESIANPOINT((-0.14716980035825764,0.013858192998240964,0.70425974854015161));
#3673=IFCCARTESIANPOINT((0.14716979917323722,0.014871672920446069,0.71195789288433586));
#3674=IFCCARTESIANPOINT((0.14716979973331615,0.011900300103995889,0.71913142143561226));
#3675=IFCCARTESIANPOINT((-0.14716979932606111,0.014871672918356898,0.7119578929002055));
#3676=IFCCARTESIANPOINT((-0.1471697996089307,0.011900300097687888,0.71913142144383402));
#3677=IFCCARTESIANPOINT((-0.13523313397165865,-0.,0.69500000000003503));
#3678=IFCCARTESIANPOINT((-0.16447440799254082,0.0091314214629711603,0.69809969991705167));
#3679=IFCCARTESIANPOINT((0.19368212461384873,0.0057402515282239178,0.69614180703008333));
#3680=IFCCARTESIANPOINT((0.19895435702221581,0.0057402514850616766,0.7238581929878628));
#3681=IFCCARTESIANPOINT((-0.19895435735229045,0.0057402514799815511,0.72385819298996834));
#3682=IFCCARTESIANPOINT((-0.20427673442503799,0.011900300120164475,0.7008685785855282));
#3683=IFCCARTESIANPOINT((0.20427673298902113,0.011900300107237943,0.70086857856868068));
#3684=IFCCARTESIANPOINT((0.20427673365408139,0.014871672920798069,0.70804210711840576));
#3685=IFCCARTESIANPOINT((-0.20427673368937924,0.014871672922744605,0.7080421071331926));
#3686=IFCCARTESIANPOINT((-0.20427673377973088,0.013858192983660389,0.71574025149511911));
#3687=IFCCARTESIANPOINT((0.20427673348763162,0.013858192987312173,0.7157402514863016));
#3688=IFCCARTESIANPOINT((0.20427673363287782,0.0091314214346912542,0.72190030010471706));
#3689=IFCCARTESIANPOINT((-0.204276733584423,0.0091314214296235284,0.72190030010860717));
#3690=IFCCARTESIANPOINT((-0.2295583665199443,0.0057402515019236875,0.69614180701919082));
#3691=IFCCARTESIANPOINT((-0.13806656045591684,0.0031733056576804504,0.69533950440122427));
#3692=IFCCARTESIANPOINT((0.036332609841720563,0.0029711629038132966,0.69529720465361033));
#3693=IFCCARTESIANPOINT((0.20719914496876229,0.0026491005174729214,0.69523577748585552));
#3694=IFCCARTESIANPOINT((0.21890085964926456,0.0025835427466595032,0.72477583523449784));
#3695=IFCCARTESIANPOINT((-0.21890085982550023,0.0025835427440040657,0.72477583523496358));
#3696=IFCCARTESIANPOINT((0.,0.014204558019005326,0.70518019383340513));
#3697=IFCCARTESIANPOINT((0.,0.014711411172118931,0.71292820445396055));
#3698=IFCCARTESIANPOINT((0.,0.011276353589665406,0.71989160501237592));
#3699=IFCCARTESIANPOINT((-0.0086523058671537315,0.0098047006850424043,0.69864800262176874));
#3700=IFCPOLYLOOP((#3592,#3593,#3594,#3595,#3596,#3597,#3598,#3599,#3576,#3577,#3578,#3579,#3580,#3581,#3582,#3583,#3584,#3585,#3586,#3587,#3588,#3589,#3590,#3591));
#3701=IFCFACEOUTERBOUND(#3700,.T.);
#3702=IFCFACE((#3701));
#3703=IFCPOLYLOOP((#3607,#3608,#3609,#3610,#3611,#3612,#3613,#3614,#3615,#3616,#3617,#3618,#3619,#3620,#3621,#3622,#3623,#3600,#3601,#3602,#3603,#3604,#3605,#3606));
#3704=IFCFACEOUTERBOUND(#3703,.T.);
#3705=IFCFACE((#3704));
#3706=IFCPOLYLOOP((#3623,#3622,#3653));
#3707=IFCFACEOUTERBOUND(#3706,.T.);
#3708=IFCFACE((#3707));
#3709=IFCPOLYLOOP((#3637,#3661,#3651));
#3710=IFCFACEOUTERBOUND(#3709,.T.);
#3711=IFCFACE((#3710));
#3712=IFCPOLYLOOP((#3661,#3627,#3639));
#3713=IFCFACEOUTERBOUND(#3712,.T.);
#3714=IFCFACE((#3713));
#3715=IFCPOLYLOOP((#3655,#3624,#3666,#3640));
#3716=IFCFACEOUTERBOUND(#3715,.T.);
#3717=IFCFACE((#3716));
#3718=IFCPOLYLOOP((#3645,#3621,#3620));
#3719=IFCFACEOUTERBOUND(#3718,.T.);
#3720=IFCFACE((#3719));
#3721=IFCPOLYLOOP((#3660,#3626,#3638));
#3722=IFCFACEOUTERBOUND(#3721,.T.);
#3723=IFCFACE((#3722));
#3724=IFCPOLYLOOP((#3645,#3635,#3625));
#3725=IFCFACEOUTERBOUND(#3724,.T.);
#3726=IFCFACE((#3725));
#3727=IFCPOLYLOOP((#3633,#3646,#3625));
#3728=IFCFACEOUTERBOUND(#3727,.T.);
#3729=IFCFACE((#3728));
#3730=IFCPOLYLOOP((#3653,#3641,#3630));
#3731=IFCFACEOUTERBOUND(#3730,.T.);
#3732=IFCFACE((#3731));
#3733=IFCPOLYLOOP((#3630,#3634,#3642));
#3734=IFCFACEOUTERBOUND(#3733,.T.);
#3735=IFCFACE((#3734));
#3736=IFCPOLYLOOP((#3636,#3660,#3650));
#3737=IFCFACEOUTERBOUND(#3736,.T.);
#3738=IFCFACE((#3737));
#3739=IFCPOLYLOOP((#3635,#3620,#3619));
#3740=IFCFACEOUTERBOUND(#3739,.T.);
#3741=IFCFACE((#3740));
#3742=IFCPOLYLOOP((#3640,#3654,#3655));
#3743=IFCFACEOUTERBOUND(#3742,.T.);
#3744=IFCFACE((#3743));
#3745=IFCPOLYLOOP((#3576,#3624,#3656));
#3746=IFCFACEOUTERBOUND(#3745,.T.);
#3747=IFCFACE((#3746));
#3748=IFCPOLYLOOP((#3648,#3635,#3619));
#3749=IFCFACEOUTERBOUND(#3748,.T.);
#3750=IFCFACE((#3749));
#3751=IFCPOLYLOOP((#3653,#3654,#3623));
#3752=IFCFACEOUTERBOUND(#3751,.T.);
#3753=IFCFACE((#3752));
#3754=IFCPOLYLOOP((#3633,#3581,#3580));
#3755=IFCFACEOUTERBOUND(#3754,.T.);
#3756=IFCFACE((#3755));
#3757=IFCPOLYLOOP((#3578,#3642,#3634));
#3758=IFCFACEOUTERBOUND(#3757,.T.);
#3759=IFCFACE((#3758));
#3760=IFCPOLYLOOP((#3652,#3639,#3615));
#3761=IFCFACEOUTERBOUND(#3760,.T.);
#3762=IFCFACE((#3761));
#3763=IFCPOLYLOOP((#3634,#3579,#3578));
#3764=IFCFACEOUTERBOUND(#3763,.T.);
#3765=IFCFACE((#3764));
#3766=IFCPOLYLOOP((#3633,#3580,#3646));
#3767=IFCFACEOUTERBOUND(#3766,.T.);
#3768=IFCFACE((#3767));
#3769=IFCPOLYLOOP((#3618,#3648,#3619));
#3770=IFCFACEOUTERBOUND(#3769,.T.);
#3771=IFCFACE((#3770));
#3772=IFCPOLYLOOP((#3647,#3582,#3581));
#3773=IFCFACEOUTERBOUND(#3772,.T.);
#3774=IFCFACE((#3773));
#3775=IFCPOLYLOOP((#3579,#3646,#3580));
#3776=IFCFACEOUTERBOUND(#3775,.T.);
#3777=IFCFACE((#3776));
#3778=IFCPOLYLOOP((#3649,#3638,#3617));
#3779=IFCFACEOUTERBOUND(#3778,.T.);
#3780=IFCFACE((#3779));
#3781=IFCPOLYLOOP((#3638,#3649,#3660));
#3782=IFCFACEOUTERBOUND(#3781,.T.);
#3783=IFCFACE((#3782));
#3784=IFCPOLYLOOP((#3649,#3617,#3616));
#3785=IFCFACEOUTERBOUND(#3784,.T.);
#3786=IFCFACE((#3785));
#3787=IFCPOLYLOOP((#3642,#3578,#3577));
#3788=IFCFACEOUTERBOUND(#3787,.T.);
#3789=IFCFACE((#3788));
#3790=IFCPOLYLOOP((#3633,#3659,#3647));
#3791=IFCFACEOUTERBOUND(#3790,.T.);
#3792=IFCFACE((#3791));
#3793=IFCPOLYLOOP((#3637,#3585,#3584));
#3794=IFCFACEOUTERBOUND(#3793,.T.);
#3795=IFCFACE((#3794));
#3796=IFCPOLYLOOP((#3658,#3632,#3644));
#3797=IFCFACEOUTERBOUND(#3796,.T.);
#3798=IFCFACE((#3797));
#3799=IFCPOLYLOOP((#3652,#3644,#3629));
#3800=IFCFACEOUTERBOUND(#3799,.T.);
#3801=IFCFACE((#3800));
#3802=IFCPOLYLOOP((#3643,#3651,#3629));
#3803=IFCFACEOUTERBOUND(#3802,.T.);
#3804=IFCFACE((#3803));
#3805=IFCPOLYLOOP((#3628,#3631,#3632));
#3806=IFCFACEOUTERBOUND(#3805,.T.);
#3807=IFCFACE((#3806));
#3808=IFCPOLYLOOP((#3613,#3644,#3614));
#3809=IFCFACEOUTERBOUND(#3808,.T.);
#3810=IFCFACE((#3809));
#3811=IFCPOLYLOOP((#3659,#3625,#3635));
#3812=IFCFACEOUTERBOUND(#3811,.T.);
#3813=IFCFACE((#3812));
#3814=IFCPOLYLOOP((#3643,#3657,#3587));
#3815=IFCFACEOUTERBOUND(#3814,.T.);
#3816=IFCFACE((#3815));
#3817=IFCPOLYLOOP((#3617,#3638,#3618));
#3818=IFCFACEOUTERBOUND(#3817,.T.);
#3819=IFCFACE((#3818));
#3820=IFCPOLYLOOP((#3582,#3636,#3583));
#3821=IFCFACEOUTERBOUND(#3820,.T.);
#3822=IFCFACE((#3821));
#3823=IFCPOLYLOOP((#3587,#3586,#3643));
#3824=IFCFACEOUTERBOUND(#3823,.T.);
#3825=IFCFACE((#3824));
#3826=IFCPOLYLOOP((#3647,#3636,#3582));
#3827=IFCFACEOUTERBOUND(#3826,.T.);
#3828=IFCFACE((#3827));
#3829=IFCPOLYLOOP((#3614,#3652,#3615));
#3830=IFCFACEOUTERBOUND(#3829,.T.);
#3831=IFCFACE((#3830));
#3832=IFCPOLYLOOP((#3650,#3637,#3584));
#3833=IFCFACEOUTERBOUND(#3832,.T.);
#3834=IFCFACE((#3833));
#3835=IFCPOLYLOOP((#3625,#3646,#3634));
#3836=IFCFACEOUTERBOUND(#3835,.T.);
#3837=IFCFACE((#3836));
#3838=IFCPOLYLOOP((#3639,#3616,#3615));
#3839=IFCFACEOUTERBOUND(#3838,.T.);
#3840=IFCFACE((#3839));
#3841=IFCPOLYLOOP((#3586,#3585,#3651));
#3842=IFCFACEOUTERBOUND(#3841,.T.);
#3843=IFCFACE((#3842));
#3844=IFCPOLYLOOP((#3641,#3622,#3621));
#3845=IFCFACEOUTERBOUND(#3844,.T.);
#3846=IFCFACE((#3845));
#3847=IFCPOLYLOOP((#3587,#3657,#3588));
#3848=IFCFACEOUTERBOUND(#3847,.T.);
#3849=IFCFACE((#3848));
#3850=IFCPOLYLOOP((#3658,#3612,#3677,#3628));
#3851=IFCFACEOUTERBOUND(#3850,.T.);
#3852=IFCFACE((#3851));
#3853=IFCPOLYLOOP((#3588,#3657,#3631));
#3854=IFCFACEOUTERBOUND(#3853,.T.);
#3855=IFCFACE((#3854));
#3856=IFCPOLYLOOP((#3643,#3629,#3632));
#3857=IFCFACEOUTERBOUND(#3856,.T.);
#3858=IFCFACE((#3857));
#3859=IFCPOLYLOOP((#3662,#3630,#3641));
#3860=IFCFACEOUTERBOUND(#3859,.T.);
#3861=IFCFACE((#3860));
#3862=IFCPOLYLOOP((#3635,#3648,#3659));
#3863=IFCFACEOUTERBOUND(#3862,.T.);
#3864=IFCFACE((#3863));
#3865=IFCPOLYLOOP((#3583,#3650,#3584));
#3866=IFCFACEOUTERBOUND(#3865,.T.);
#3867=IFCFACE((#3866));
#3868=IFCPOLYLOOP((#3648,#3638,#3626));
#3869=IFCFACEOUTERBOUND(#3868,.T.);
#3870=IFCFACE((#3869));
#3871=IFCPOLYLOOP((#3639,#3652,#3661));
#3872=IFCFACEOUTERBOUND(#3871,.T.);
#3873=IFCFACE((#3872));
#3874=IFCPOLYLOOP((#3649,#3639,#3627));
#3875=IFCFACEOUTERBOUND(#3874,.T.);
#3876=IFCFACE((#3875));
#3877=IFCPOLYLOOP((#3637,#3650,#3627));
#3878=IFCFACEOUTERBOUND(#3877,.T.);
#3879=IFCFACE((#3878));
#3880=IFCPOLYLOOP((#3645,#3641,#3621));
#3881=IFCFACEOUTERBOUND(#3880,.T.);
#3882=IFCFACE((#3881));
#3883=IFCPOLYLOOP((#3623,#3654,#3600));
#3884=IFCFACEOUTERBOUND(#3883,.T.);
#3885=IFCFACE((#3884));
#3886=IFCPOLYLOOP((#3634,#3662,#3625));
#3887=IFCFACEOUTERBOUND(#3886,.T.);
#3888=IFCFACE((#3887));
#3889=IFCPOLYLOOP((#3655,#3656,#3624));
#3890=IFCFACEOUTERBOUND(#3889,.T.);
#3891=IFCFACE((#3890));
#3892=IFCPOLYLOOP((#3643,#3586,#3651));
#3893=IFCFACEOUTERBOUND(#3892,.T.);
#3894=IFCFACE((#3893));
#3895=IFCPOLYLOOP((#3657,#3632,#3631));
#3896=IFCFACEOUTERBOUND(#3895,.T.);
#3897=IFCFACE((#3896));
#3898=IFCPOLYLOOP((#3658,#3644,#3613));
#3899=IFCFACEOUTERBOUND(#3898,.T.);
#3900=IFCFACE((#3899));
#3901=IFCPOLYLOOP((#3629,#3644,#3632));
#3902=IFCFACEOUTERBOUND(#3901,.T.);
#3903=IFCFACE((#3902));
#3904=IFCPOLYLOOP((#3635,#3645,#3620));
#3905=IFCFACEOUTERBOUND(#3904,.T.);
#3906=IFCFACE((#3905));
#3907=IFCPOLYLOOP((#3645,#3625,#3662));
#3908=IFCFACEOUTERBOUND(#3907,.T.);
#3909=IFCFACE((#3908));
#3910=IFCPOLYLOOP((#3634,#3646,#3579));
#3911=IFCFACEOUTERBOUND(#3910,.T.);
#3912=IFCFACE((#3911));
#3913=IFCPOLYLOOP((#3633,#3647,#3581));
#3914=IFCFACEOUTERBOUND(#3913,.T.);
#3915=IFCFACE((#3914));
#3916=IFCPOLYLOOP((#3636,#3647,#3626));
#3917=IFCFACEOUTERBOUND(#3916,.T.);
#3918=IFCFACE((#3917));
#3919=IFCPOLYLOOP((#3638,#3648,#3618));
#3920=IFCFACEOUTERBOUND(#3919,.T.);
#3921=IFCFACE((#3920));
#3922=IFCPOLYLOOP((#3648,#3626,#3647,#3659));
#3923=IFCFACEOUTERBOUND(#3922,.T.);
#3924=IFCFACE((#3923));
#3925=IFCPOLYLOOP((#3639,#3649,#3616));
#3926=IFCFACEOUTERBOUND(#3925,.T.);
#3927=IFCFACE((#3926));
#3928=IFCPOLYLOOP((#3649,#3627,#3650,#3660));
#3929=IFCFACEOUTERBOUND(#3928,.T.);
#3930=IFCFACE((#3929));
#3931=IFCPOLYLOOP((#3636,#3650,#3583));
#3932=IFCFACEOUTERBOUND(#3931,.T.);
#3933=IFCFACE((#3932));
#3934=IFCPOLYLOOP((#3637,#3651,#3585));
#3935=IFCFACEOUTERBOUND(#3934,.T.);
#3936=IFCFACE((#3935));
#3937=IFCPOLYLOOP((#3644,#3652,#3614));
#3938=IFCFACEOUTERBOUND(#3937,.T.);
#3939=IFCFACE((#3938));
#3940=IFCPOLYLOOP((#3652,#3629,#3651,#3661));
#3941=IFCFACEOUTERBOUND(#3940,.T.);
#3942=IFCFACE((#3941));
#3943=IFCPOLYLOOP((#3641,#3653,#3622));
#3944=IFCFACEOUTERBOUND(#3943,.T.);
#3945=IFCFACE((#3944));
#3946=IFCPOLYLOOP((#3654,#3653,#3630));
#3947=IFCFACEOUTERBOUND(#3946,.T.);
#3948=IFCFACE((#3947));
#3949=IFCPOLYLOOP((#3654,#3630,#3655));
#3950=IFCFACEOUTERBOUND(#3949,.T.);
#3951=IFCFACE((#3950));
#3952=IFCPOLYLOOP((#3654,#3640,#3600));
#3953=IFCFACEOUTERBOUND(#3952,.T.);
#3954=IFCFACE((#3953));
#3955=IFCPOLYLOOP((#3630,#3642,#3655));
#3956=IFCFACEOUTERBOUND(#3955,.T.);
#3957=IFCFACE((#3956));
#3958=IFCPOLYLOOP((#3656,#3655,#3642));
#3959=IFCFACEOUTERBOUND(#3958,.T.);
#3960=IFCFACE((#3959));
#3961=IFCPOLYLOOP((#3642,#3577,#3656));
#3962=IFCFACEOUTERBOUND(#3961,.T.);
#3963=IFCFACE((#3962));
#3964=IFCPOLYLOOP((#3576,#3656,#3577));
#3965=IFCFACEOUTERBOUND(#3964,.T.);
#3966=IFCFACE((#3965));
#3967=IFCPOLYLOOP((#3632,#3657,#3643));
#3968=IFCFACEOUTERBOUND(#3967,.T.);
#3969=IFCFACE((#3968));
#3970=IFCPOLYLOOP((#3612,#3658,#3613));
#3971=IFCFACEOUTERBOUND(#3970,.T.);
#3972=IFCFACE((#3971));
#3973=IFCPOLYLOOP((#3632,#3658,#3628));
#3974=IFCFACEOUTERBOUND(#3973,.T.);
#3975=IFCFACE((#3974));
#3976=IFCPOLYLOOP((#3625,#3659,#3633));
#3977=IFCFACEOUTERBOUND(#3976,.T.);
#3978=IFCFACE((#3977));
#3979=IFCPOLYLOOP((#3626,#3660,#3636));
#3980=IFCFACEOUTERBOUND(#3979,.T.);
#3981=IFCFACE((#3980));
#3982=IFCPOLYLOOP((#3627,#3661,#3637));
#3983=IFCFACEOUTERBOUND(#3982,.T.);
#3984=IFCFACE((#3983));
#3985=IFCPOLYLOOP((#3630,#3662,#3634));
#3986=IFCFACEOUTERBOUND(#3985,.T.);
#3987=IFCFACE((#3986));
#3988=IFCPOLYLOOP((#3645,#3662,#3641));
#3989=IFCFACEOUTERBOUND(#3988,.T.);
#3990=IFCFACE((#3989));
#3991=IFCPOLYLOOP((#3690,#3678,#3668));
#3992=IFCFACEOUTERBOUND(#3991,.T.);
#3993=IFCFACE((#3992));
#3994=IFCPOLYLOOP((#3668,#3671,#3679));
#3995=IFCFACEOUTERBOUND(#3994,.T.);
#3996=IFCFACE((#3995));
#3997=IFCPOLYLOOP((#3588,#3631,#3693));
#3998=IFCFACEOUTERBOUND(#3997,.T.);
#3999=IFCFACE((#3998));
#4000=IFCPOLYLOOP((#3691,#3611,#3690));
#4001=IFCFACEOUTERBOUND(#4000,.T.);
#4002=IFCFACE((#4001));
#4003=IFCPOLYLOOP((#3610,#3690,#3611));
#4004=IFCFACEOUTERBOUND(#4003,.T.);
#4005=IFCFACE((#4004));
#4006=IFCPOLYLOOP((#3682,#3609,#3608));
#4007=IFCFACEOUTERBOUND(#4006,.T.);
#4008=IFCFACE((#4007));
#4009=IFCPOLYLOOP((#3591,#3683,#3592));
#4010=IFCFACEOUTERBOUND(#4009,.T.);
#4011=IFCFACE((#4010));
#4012=IFCPOLYLOOP((#3606,#3685,#3607));
#4013=IFCFACEOUTERBOUND(#4012,.T.);
#4014=IFCFACE((#4013));
#4015=IFCPOLYLOOP((#3671,#3590,#3679));
#4016=IFCFACEOUTERBOUND(#4015,.T.);
#4017=IFCFACE((#4016));
#4018=IFCPOLYLOOP((#3675,#3686,#3697));
#4019=IFCFACEOUTERBOUND(#4018,.T.);
#4020=IFCFACE((#4019));
#4021=IFCPOLYLOOP((#3607,#3672,#3608));
#4022=IFCFACEOUTERBOUND(#4021,.T.);
#4023=IFCFACE((#4022));
#4024=IFCPOLYLOOP((#3670,#3593,#3592));
#4025=IFCFACEOUTERBOUND(#4024,.T.);
#4026=IFCFACE((#4025));
#4027=IFCPOLYLOOP((#3685,#3672,#3607));
#4028=IFCFACEOUTERBOUND(#4027,.T.);
#4029=IFCFACE((#4028));
#4030=IFCPOLYLOOP((#3677,#3691,#3692));
#4031=IFCFACEOUTERBOUND(#4030,.T.);
#4032=IFCFACE((#4031));
#4033=IFCPOLYLOOP((#3595,#3687,#3596));
#4034=IFCFACEOUTERBOUND(#4033,.T.);
#4035=IFCFACE((#4034));
#4036=IFCPOLYLOOP((#3695,#3600,#3640,#3666));
#4037=IFCFACEOUTERBOUND(#4036,.T.);
#4038=IFCFACE((#4037));
#4039=IFCPOLYLOOP((#3576,#3694,#3624));
#4040=IFCFACEOUTERBOUND(#4039,.T.);
#4041=IFCFACE((#4040));
#4042=IFCPOLYLOOP((#3692,#3631,#3628,#3677));
#4043=IFCFACEOUTERBOUND(#4042,.T.);
#4044=IFCFACE((#4043));
#4045=IFCPOLYLOOP((#3678,#3610,#3609));
#4046=IFCFACEOUTERBOUND(#4045,.T.);
#4047=IFCFACE((#4046));
#4048=IFCPOLYLOOP((#3671,#3591,#3590));
#4049=IFCFACEOUTERBOUND(#4048,.T.);
#4050=IFCFACE((#4049));
#4051=IFCPOLYLOOP((#3670,#3592,#3683));
#4052=IFCFACEOUTERBOUND(#4051,.T.);
#4053=IFCFACE((#4052));
#4054=IFCPOLYLOOP((#3602,#3689,#3603));
#4055=IFCFACEOUTERBOUND(#4054,.T.);
#4056=IFCFACE((#4055));
#4057=IFCPOLYLOOP((#3684,#3594,#3593));
#4058=IFCFACEOUTERBOUND(#4057,.T.);
#4059=IFCFACE((#4058));
#4060=IFCPOLYLOOP((#3599,#3598,#3680));
#4061=IFCFACEOUTERBOUND(#4060,.T.);
#4062=IFCFACE((#4061));
#4063=IFCPOLYLOOP((#3686,#3675,#3605));
#4064=IFCFACEOUTERBOUND(#4063,.T.);
#4065=IFCFACE((#4064));
#4066=IFCPOLYLOOP((#3689,#3676,#3603));
#4067=IFCFACEOUTERBOUND(#4066,.T.);
#4068=IFCFACE((#4067));
#4069=IFCPOLYLOOP((#3686,#3605,#3604));
#4070=IFCFACEOUTERBOUND(#4069,.T.);
#4071=IFCFACE((#4070));
#4072=IFCPOLYLOOP((#3673,#3697,#3687));
#4073=IFCFACEOUTERBOUND(#4072,.T.);
#4074=IFCFACE((#4073));
#4075=IFCPOLYLOOP((#3697,#3664,#3675));
#4076=IFCFACEOUTERBOUND(#4075,.T.);
#4077=IFCFACE((#4076));
#4078=IFCPOLYLOOP((#3674,#3597,#3596));
#4079=IFCFACEOUTERBOUND(#4078,.T.);
#4080=IFCFACE((#4079));
#4081=IFCPOLYLOOP((#3695,#3669,#3681));
#4082=IFCFACEOUTERBOUND(#4081,.T.);
#4083=IFCFACE((#4082));
#4084=IFCPOLYLOOP((#3672,#3685,#3696));
#4085=IFCFACEOUTERBOUND(#4084,.T.);
#4086=IFCFACE((#4085));
#4087=IFCPOLYLOOP((#3699,#3668,#3678));
#4088=IFCFACEOUTERBOUND(#4087,.T.);
#4089=IFCFACE((#4088));
#4090=IFCPOLYLOOP((#3601,#3681,#3602));
#4091=IFCFACEOUTERBOUND(#4090,.T.);
#4092=IFCFACE((#4091));
#4093=IFCPOLYLOOP((#3682,#3672,#3663));
#4094=IFCFACEOUTERBOUND(#4093,.T.);
#4095=IFCFACE((#4094));
#4096=IFCPOLYLOOP((#3680,#3694,#3599));
#4097=IFCFACEOUTERBOUND(#4096,.T.);
#4098=IFCFACE((#4097));
#4099=IFCPOLYLOOP((#3605,#3675,#3606));
#4100=IFCFACEOUTERBOUND(#4099,.T.);
#4101=IFCFACE((#4100));
#4102=IFCPOLYLOOP((#3594,#3673,#3595));
#4103=IFCFACEOUTERBOUND(#4102,.T.);
#4104=IFCFACE((#4103));
#4105=IFCPOLYLOOP((#3680,#3667,#3669));
#4106=IFCFACEOUTERBOUND(#4105,.T.);
#4107=IFCFACE((#4106));
#4108=IFCPOLYLOOP((#3684,#3673,#3594));
#4109=IFCFACEOUTERBOUND(#4108,.T.);
#4110=IFCFACE((#4109));
#4111=IFCPOLYLOOP((#3689,#3681,#3667));
#4112=IFCFACEOUTERBOUND(#4111,.T.);
#4113=IFCFACE((#4112));
#4114=IFCPOLYLOOP((#3680,#3688,#3667));
#4115=IFCFACEOUTERBOUND(#4114,.T.);
#4116=IFCFACE((#4115));
#4117=IFCPOLYLOOP((#3687,#3674,#3596));
#4118=IFCFACEOUTERBOUND(#4117,.T.);
#4119=IFCFACE((#4118));
#4120=IFCPOLYLOOP((#3670,#3696,#3684));
#4121=IFCFACEOUTERBOUND(#4120,.T.);
#4122=IFCFACE((#4121));
#4123=IFCPOLYLOOP((#3676,#3604,#3603));
#4124=IFCFACEOUTERBOUND(#4123,.T.);
#4125=IFCFACE((#4124));
#4126=IFCPOLYLOOP((#3598,#3597,#3688));
#4127=IFCFACEOUTERBOUND(#4126,.T.);
#4128=IFCFACE((#4127));
#4129=IFCPOLYLOOP((#3696,#3663,#3672));
#4130=IFCFACEOUTERBOUND(#4129,.T.);
#4131=IFCFACE((#4130));
#4132=IFCPOLYLOOP((#3599,#3694,#3576));
#4133=IFCFACEOUTERBOUND(#4132,.T.);
#4134=IFCFACE((#4133));
#4135=IFCPOLYLOOP((#3666,#3624,#3669));
#4136=IFCFACEOUTERBOUND(#4135,.T.);
#4137=IFCFACE((#4136));
#4138=IFCPOLYLOOP((#3679,#3590,#3589));
#4139=IFCFACEOUTERBOUND(#4138,.T.);
#4140=IFCFACE((#4139));
#4141=IFCPOLYLOOP((#3698,#3665,#3676));
#4142=IFCFACEOUTERBOUND(#4141,.T.);
#4143=IFCFACE((#4142));
#4144=IFCPOLYLOOP((#3674,#3698,#3688));
#4145=IFCFACEOUTERBOUND(#4144,.T.);
#4146=IFCFACE((#4145));
#4147=IFCPOLYLOOP((#3663,#3683,#3671));
#4148=IFCFACEOUTERBOUND(#4147,.T.);
#4149=IFCFACE((#4148));
#4150=IFCPOLYLOOP((#3685,#3675,#3664));
#4151=IFCFACEOUTERBOUND(#4150,.T.);
#4152=IFCFACE((#4151));
#4153=IFCPOLYLOOP((#3676,#3689,#3698));
#4154=IFCFACEOUTERBOUND(#4153,.T.);
#4155=IFCFACE((#4154));
#4156=IFCPOLYLOOP((#3686,#3676,#3665));
#4157=IFCFACEOUTERBOUND(#4156,.T.);
#4158=IFCFACE((#4157));
#4159=IFCPOLYLOOP((#3674,#3687,#3665));
#4160=IFCFACEOUTERBOUND(#4159,.T.);
#4161=IFCFACE((#4160));
#4162=IFCPOLYLOOP((#3682,#3678,#3609));
#4163=IFCFACEOUTERBOUND(#4162,.T.);
#4164=IFCFACE((#4163));
#4165=IFCPOLYLOOP((#3611,#3691,#3612));
#4166=IFCFACEOUTERBOUND(#4165,.T.);
#4167=IFCFACE((#4166));
#4168=IFCPOLYLOOP((#3671,#3699,#3663));
#4169=IFCFACEOUTERBOUND(#4168,.T.);
#4170=IFCFACE((#4169));
#4171=IFCPOLYLOOP((#3692,#3693,#3631));
#4172=IFCFACEOUTERBOUND(#4171,.T.);
#4173=IFCFACE((#4172));
#4174=IFCPOLYLOOP((#3680,#3598,#3688));
#4175=IFCFACEOUTERBOUND(#4174,.T.);
#4176=IFCFACE((#4175));
#4177=IFCPOLYLOOP((#3694,#3669,#3624));
#4178=IFCFACEOUTERBOUND(#4177,.T.);
#4179=IFCFACE((#4178));
#4180=IFCPOLYLOOP((#3695,#3681,#3601));
#4181=IFCFACEOUTERBOUND(#4180,.T.);
#4182=IFCFACE((#4181));
#4183=IFCPOLYLOOP((#3667,#3681,#3669));
#4184=IFCFACEOUTERBOUND(#4183,.T.);
#4185=IFCFACE((#4184));
#4186=IFCPOLYLOOP((#3672,#3682,#3608));
#4187=IFCFACEOUTERBOUND(#4186,.T.);
#4188=IFCFACE((#4187));
#4189=IFCPOLYLOOP((#3682,#3663,#3699));
#4190=IFCFACEOUTERBOUND(#4189,.T.);
#4191=IFCFACE((#4190));
#4192=IFCPOLYLOOP((#3671,#3683,#3591));
#4193=IFCFACEOUTERBOUND(#4192,.T.);
#4194=IFCFACE((#4193));
#4195=IFCPOLYLOOP((#3670,#3683,#3663));
#4196=IFCFACEOUTERBOUND(#4195,.T.);
#4197=IFCFACE((#4196));
#4198=IFCPOLYLOOP((#3670,#3684,#3593));
#4199=IFCFACEOUTERBOUND(#4198,.T.);
#4200=IFCFACE((#4199));
#4201=IFCPOLYLOOP((#3673,#3684,#3664));
#4202=IFCFACEOUTERBOUND(#4201,.T.);
#4203=IFCFACE((#4202));
#4204=IFCPOLYLOOP((#3675,#3685,#3606));
#4205=IFCFACEOUTERBOUND(#4204,.T.);
#4206=IFCFACE((#4205));
#4207=IFCPOLYLOOP((#3685,#3664,#3684,#3696));
#4208=IFCFACEOUTERBOUND(#4207,.T.);
#4209=IFCFACE((#4208));
#4210=IFCPOLYLOOP((#3676,#3686,#3604));
#4211=IFCFACEOUTERBOUND(#4210,.T.);
#4212=IFCFACE((#4211));
#4213=IFCPOLYLOOP((#3686,#3665,#3687,#3697));
#4214=IFCFACEOUTERBOUND(#4213,.T.);
#4215=IFCFACE((#4214));
#4216=IFCPOLYLOOP((#3673,#3687,#3595));
#4217=IFCFACEOUTERBOUND(#4216,.T.);
#4218=IFCFACE((#4217));
#4219=IFCPOLYLOOP((#3674,#3688,#3597));
#4220=IFCFACEOUTERBOUND(#4219,.T.);
#4221=IFCFACE((#4220));
#4222=IFCPOLYLOOP((#3681,#3689,#3602));
#4223=IFCFACEOUTERBOUND(#4222,.T.);
#4224=IFCFACE((#4223));
#4225=IFCPOLYLOOP((#3689,#3667,#3688,#3698));
#4226=IFCFACEOUTERBOUND(#4225,.T.);
#4227=IFCFACE((#4226));
#4228=IFCPOLYLOOP((#3678,#3690,#3610));
#4229=IFCFACEOUTERBOUND(#4228,.T.);
#4230=IFCFACE((#4229));
#4231=IFCPOLYLOOP((#3691,#3690,#3668));
#4232=IFCFACEOUTERBOUND(#4231,.T.);
#4233=IFCFACE((#4232));
#4234=IFCPOLYLOOP((#3691,#3668,#3692));
#4235=IFCFACEOUTERBOUND(#4234,.T.);
#4236=IFCFACE((#4235));
#4237=IFCPOLYLOOP((#3691,#3677,#3612));
#4238=IFCFACEOUTERBOUND(#4237,.T.);
#4239=IFCFACE((#4238));
#4240=IFCPOLYLOOP((#3668,#3679,#3692));
#4241=IFCFACEOUTERBOUND(#4240,.T.);
#4242=IFCFACE((#4241));
#4243=IFCPOLYLOOP((#3693,#3692,#3679));
#4244=IFCFACEOUTERBOUND(#4243,.T.);
#4245=IFCFACE((#4244));
#4246=IFCPOLYLOOP((#3679,#3589,#3693));
#4247=IFCFACEOUTERBOUND(#4246,.T.);
#4248=IFCFACE((#4247));
#4249=IFCPOLYLOOP((#3588,#3693,#3589));
#4250=IFCFACEOUTERBOUND(#4249,.T.);
#4251=IFCFACE((#4250));
#4252=IFCPOLYLOOP((#3669,#3694,#3680));
#4253=IFCFACEOUTERBOUND(#4252,.T.);
#4254=IFCFACE((#4253));
#4255=IFCPOLYLOOP((#3600,#3695,#3601));
#4256=IFCFACEOUTERBOUND(#4255,.T.);
#4257=IFCFACE((#4256));
#4258=IFCPOLYLOOP((#3669,#3695,#3666));
#4259=IFCFACEOUTERBOUND(#4258,.T.);
#4260=IFCFACE((#4259));
#4261=IFCPOLYLOOP((#3663,#3696,#3670));
#4262=IFCFACEOUTERBOUND(#4261,.T.);
#4263=IFCFACE((#4262));
#4264=IFCPOLYLOOP((#3664,#3697,#3673));
#4265=IFCFACEOUTERBOUND(#4264,.T.);
#4266=IFCFACE((#4265));
#4267=IFCPOLYLOOP((#3665,#3698,#3674));
#4268=IFCFACEOUTERBOUND(#4267,.T.);
#4269=IFCFACE((#4268));
#4270=IFCPOLYLOOP((#3668,#3699,#3671));
#4271=IFCFACEOUTERBOUND(#4270,.T.);
#4272=IFCFACE((#4271));
#4273=IFCPOLYLOOP((#3682,#3699,#3678));
#4274=IFCFACEOUTERBOUND(#4273,.T.);
#4275=IFCFACE((#4274));
#4276=IFCCARTESIANPOINT((0.3799999999999974,-0.,0.32500000000003409));
#4277=IFCCARTESIANPOINT((0.3799999999999974,-0.0038822856765671791,0.3244888873943701));
#4278=IFCCARTESIANPOINT((0.3799999999999974,-0.0075000000000293512,0.32299038105680067));
#4279=IFCCARTESIANPOINT((0.3799999999999974,-0.010606601717827558,0.32060660171783228));
#4280=IFCCARTESIANPOINT((0.3799999999999974,-0.012990381056795921,0.31750000000003403));
#4281=IFCCARTESIANPOINT((0.3799999999999974,-0.014488887394365345,0.31388228567657184));
#4282=IFCCARTESIANPOINT((0.3799999999999974,-0.015000000000029309,0.31000000000003403));
#4283=IFCCARTESIANPOINT((0.3799999999999974,-0.014488887394365324,0.30611771432349622));
#4284=IFCCARTESIANPOINT((0.3799999999999974,-0.012990381056795871,0.30250000000003407));
#4285=IFCCARTESIANPOINT((0.3799999999999974,-0.010606601717827501,0.29939339828223588));
#4286=IFCCARTESIANPOINT((0.3799999999999974,-0.0075000000000292845,0.29700961894326749));
#4287=IFCCARTESIANPOINT((0.3799999999999974,-0.0038822856765670984,0.29551111260569807));
#4288=IFCCARTESIANPOINT((0.3799999999999974,-0.,0.29500000000003407));
#4289=IFCCARTESIANPOINT((0.3799999999999974,0.0038822856765086977,0.29551111260569812));
#4290=IFCCARTESIANPOINT((0.3799999999999974,0.0074999999999708685,0.29700961894326761));
#4291=IFCCARTESIANPOINT((0.3799999999999974,0.010606601717769044,0.29939339828223605));
#4292=IFCCARTESIANPOINT((0.3799999999999974,0.012990381056737372,0.3025000000000343));
#4293=IFCCARTESIANPOINT((0.3799999999999974,0.014488887394306768,0.30611771432349649));
#4294=IFCCARTESIANPOINT((0.3799999999999974,0.01499999999997069,0.3100000000000343));
#4295=IFCCARTESIANPOINT((0.3799999999999974,0.014488887394306661,0.31388228567657211));
#4296=IFCCARTESIANPOINT((0.3799999999999974,0.012990381056737195,0.3175000000000342));
#4297=IFCCARTESIANPOINT((0.3799999999999974,0.010606601717768796,0.3206066017178324));
#4298=IFCCARTESIANPOINT((0.3799999999999974,0.0074999999999705563,0.32299038105680072));
#4299=IFCCARTESIANPOINT((0.3799999999999974,0.0038822856765083512,0.32448888739437015));
#4300=IFCCARTESIANPOINT((-0.38000000000000239,-0.,0.32500000000003665));
#4301=IFCCARTESIANPOINT((-0.38000000000000239,0.0038822856765089947,0.32448888739437254));
#4302=IFCCARTESIANPOINT((-0.38000000000000239,0.0074999999999716708,0.32299038105680261));
#4303=IFCCARTESIANPOINT((-0.38000000000000239,0.010606601717770081,0.32060660171783367));
#4304=IFCCARTESIANPOINT((-0.38000000000000239,0.012990381056738307,0.31750000000003481));
#4305=IFCCARTESIANPOINT((-0.38000000000000239,0.014488887394307304,0.31388228567657223));
#4306=IFCCARTESIANPOINT((-0.38000000000000239,0.01499999999997069,0.3100000000000343));
#4307=IFCCARTESIANPOINT((-0.38000000000000239,0.014488887394306127,0.3061177143234966));
#4308=IFCCARTESIANPOINT((-0.38000000000000239,0.012990381056736259,0.30250000000003491));
#4309=IFCCARTESIANPOINT((-0.38000000000000239,0.010606601717767757,0.29939339828223727));
#4310=IFCCARTESIANPOINT((-0.38000000000000239,0.0074999999999697557,0.29700961894326949));
#4311=IFCCARTESIANPOINT((-0.38000000000000239,0.0038822856765080545,0.29551111260570045));
#4312=IFCCARTESIANPOINT((-0.38000000000000239,-0.,0.29500000000003662));
#4313=IFCCARTESIANPOINT((-0.38000000000000239,-0.0038822856765664548,0.29551111260570045));
#4314=IFCCARTESIANPOINT((-0.38000000000000239,-0.0075000000000281777,0.29700961894326944));
#4315=IFCCARTESIANPOINT((-0.38000000000000239,-0.010606601717826208,0.2993933982822371));
#4316=IFCCARTESIANPOINT((-0.38000000000000239,-0.012990381056794752,0.30250000000003463));
#4317=IFCCARTESIANPOINT((-0.38000000000000239,-0.014488887394364684,0.30611771432349644));
#4318=IFCCARTESIANPOINT((-0.38000000000000239,-0.015000000000029309,0.31000000000003403));
#4319=IFCCARTESIANPOINT((-0.38000000000000239,-0.014488887394365987,0.31388228567657206));
#4320=IFCCARTESIANPOINT((-0.38000000000000239,-0.012990381056797035,0.31750000000003464));
#4321=IFCCARTESIANPOINT((-0.38000000000000239,-0.010606601717828843,0.32060660171783356));
#4322=IFCCARTESIANPOINT((-0.38000000000000239,-0.0075000000000304701,0.32299038105680256));
#4323=IFCCARTESIANPOINT((-0.38000000000000239,-0.0038822856765678222,0.32448888739437243));
#4324=IFCCARTESIANPOINT((0.10953284933023036,-0.,0.32500000000003504));
#4325=IFCCARTESIANPOINT((-0.,-0.011900300108194924,0.31913142143021767));
#4326=IFCCARTESIANPOINT((0.,-0.014871672920624664,0.31195789288342579));
#4327=IFCCARTESIANPOINT((-0.,-0.013858192986219738,0.30425974851098869));
#4328=IFCCARTESIANPOINT((-0.10953504413069122,-0.,0.29500000000003573));
#4329=IFCCARTESIANPOINT((0.,-0.0091314214352065694,0.29809969989570251));
#4330=IFCCARTESIANPOINT((-0.046574747754113723,-0.0057402514923708204,0.32385819298486118));
#4331=IFCCARTESIANPOINT((0.10953504413068622,-0.,0.29500000000003501));
#4332=IFCCARTESIANPOINT((-0.,-0.004615504488236645,0.29572775006110358));
#4333=IFCCARTESIANPOINT((0.14716979947052083,-0.013858192987759728,0.31574025148536367));
#4334=IFCCARTESIANPOINT((0.14716979902355884,-0.009131421435329027,0.32190030010427384));
#4335=IFCCARTESIANPOINT((-0.14716979942784175,-0.013858192989061565,0.31574025148222173));
#4336=IFCCARTESIANPOINT((0.14716979933581947,-0.014871672920620254,0.30804210711661095));
#4337=IFCCARTESIANPOINT((0.14716979943998995,-0.011900300104337336,0.30086857856482524));
#4338=IFCCARTESIANPOINT((-0.14716979932573956,-0.014871672920270088,0.30804210711395213));
#4339=IFCCARTESIANPOINT((-0.14716979941308131,-0.01190030010301832,0.30086857856310723));
#4340=IFCCARTESIANPOINT((-0.13523357533488603,-0.,0.32500000000003576));
#4341=IFCCARTESIANPOINT((-0.1644744056049377,-0.0091314214386024276,0.32190030010176307));
#4342=IFCCARTESIANPOINT((0.19368212821134487,-0.0057402514857723425,0.32385819298759355));
#4343=IFCCARTESIANPOINT((0.19895435707988057,-0.0057402514854183653,0.29614180701232923));
#4344=IFCCARTESIANPOINT((-0.19895435715943816,-0.0057402514841376354,0.29614180701180004));
#4345=IFCCARTESIANPOINT((-0.20427673360824433,-0.011900300106302421,0.31913142143268475));
#4346=IFCCARTESIANPOINT((0.20427673354132206,-0.011900300104527995,0.31913142143499584));
#4347=IFCCARTESIANPOINT((0.20427673358029017,-0.014871672920657816,0.31195789288317327));
#4348=IFCCARTESIANPOINT((-0.20427673355335102,-0.014871672920953899,0.31195789288092562));
#4349=IFCCARTESIANPOINT((-0.20427673358005979,-0.013858192986955621,0.30425974851276599));
#4350=IFCCARTESIANPOINT((0.20427673354108095,-0.013858192987649178,0.30425974851443899));
#4351=IFCCARTESIANPOINT((0.20427673356508597,-0.0091314214350771555,0.29809969989560248));
#4352=IFCCARTESIANPOINT((-0.20427673354599077,-0.009131421433903655,0.29809969989470342));
#4353=IFCCARTESIANPOINT((-0.22955836332708973,-0.0057402514888285315,0.32385819298632906));
#4354=IFCCARTESIANPOINT((-0.13806655551645958,-0.0031733056375779283,0.32466049560321042));
#4355=IFCCARTESIANPOINT((0.036332618047318001,-0.0029711628560125489,0.32470279535613084));
#4356=IFCCARTESIANPOINT((0.20719915783830867,-0.0026491004652375275,0.32476422252359594));
#4357=IFCCARTESIANPOINT((0.21890085988367153,-0.0025835427477059135,0.2952241647657432));
#4358=IFCCARTESIANPOINT((-0.21890085992038091,-0.0025835427470862708,0.29522416476563634));
#4359=IFCCARTESIANPOINT((0.,-0.014204558019383242,0.3148198061657238));
#4360=IFCCARTESIANPOINT((0.,-0.014711411176390375,0.30707179556727476));
#4361=IFCCARTESIANPOINT((0.,-0.011276353590974618,0.30010839498911956));
#4362=IFCCARTESIANPOINT((-0.0086523032367861619,-0.0098047006398438944,0.32135199741738973));
#4363=IFCCARTESIANPOINT((-1.2291077259973805E-009,0.011900300138302906,0.30086857860916688));
#4364=IFCCARTESIANPOINT((-0.,0.014871672920492466,0.30804210711608609));
#4365=IFCCARTESIANPOINT((-0.,0.013858192979617611,0.31574025150487944));
#4366=IFCCARTESIANPOINT((-0.10953359434734578,-0.,0.3250000000000357));
#4367=IFCCARTESIANPOINT((0.,0.0091314214353116572,0.32190030010424264));
#4368=IFCCARTESIANPOINT((-0.046574753838410532,0.0057402515279468677,0.29614180702997023));
#4369=IFCCARTESIANPOINT((-0.,0.0046155044895884048,0.32427224993851106));
#4370=IFCCARTESIANPOINT((0.14716980035786406,0.013858192988525943,0.3042597485166974));
#4371=IFCCARTESIANPOINT((0.14716979547189032,0.0091314214430898485,0.29809969990179602));
#4372=IFCCARTESIANPOINT((-0.14716980035825708,0.013858192998240959,0.30425974854015247));
#4373=IFCCARTESIANPOINT((0.14716979917323603,0.014871672920446062,0.31195789288433667));
#4374=IFCCARTESIANPOINT((0.14716979973331637,0.011900300103995926,0.31913142143561307));
#4375=IFCCARTESIANPOINT((-0.14716979932606306,0.014871672918356896,0.31195789290020642));
#4376=IFCCARTESIANPOINT((-0.1471697996089307,0.011900300097687923,0.31913142144383483));
#4377=IFCCARTESIANPOINT((-0.13523313397165931,-0.,0.29500000000003579));
#4378=IFCCARTESIANPOINT((-0.16447440799254115,0.009131421462971176,0.29809969991705254));
#4379=IFCCARTESIANPOINT((0.19368212461384782,0.0057402515282239247,0.29614180703008419));
#4380=IFCCARTESIANPOINT((0.19895435702221495,0.0057402514850616948,0.32385819298786361));
#4381=IFCCARTESIANPOINT((-0.19895435735229111,0.005740251479981558,0.32385819298996915));
#4382=IFCCARTESIANPOINT((-0.20427673442503821,0.011900300120164473,0.30086857858552912));
#4383=IFCCARTESIANPOINT((0.20427673298902005,0.01190030010723794,0.30086857856868154));
#4384=IFCCARTESIANPOINT((0.20427673365408125,0.014871672920798072,0.30804210711840668));
#4385=IFCCARTESIANPOINT((-0.20427673368938037,0.014871672922744611,0.30804210713319347));
#4386=IFCCARTESIANPOINT((-0.20427673377973135,0.013858192983660401,0.31574025149511997));
#4387=IFCCARTESIANPOINT((0.20427673348763045,0.013858192987312182,0.31574025148630247));
#4388=IFCCARTESIANPOINT((0.20427673363287749,0.009131421434691275,0.32190030010471798));
#4389=IFCCARTESIANPOINT((-0.20427673358442394,0.0091314214296235475,0.32190030010860793));
#4390=IFCCARTESIANPOINT((-0.22955836651994499,0.0057402515019236971,0.29614180701919168));
#4391=IFCCARTESIANPOINT((-0.13806656045591745,0.0031733056576804552,0.29533950440122514));
#4392=IFCCARTESIANPOINT((0.036332609841720084,0.0029711629038133018,0.29529720465361115));
#4393=IFCCARTESIANPOINT((0.20719914496876227,0.0026491005174729232,0.29523577748585639));
#4394=IFCCARTESIANPOINT((0.21890085964926381,0.0025835427466595097,0.32477583523449877));
#4395=IFCCARTESIANPOINT((-0.21890085982550098,0.0025835427440040718,0.32477583523496456));
#4396=IFCCARTESIANPOINT((0.,0.014204558019005336,0.30518019383340594));
#4397=IFCCARTESIANPOINT((0.,0.014711411172118931,0.3129282044539613));
#4398=IFCCARTESIANPOINT((0.,0.011276353589665434,0.31989160501237679));
#4399=IFCCARTESIANPOINT((-0.0086523058671538668,0.0098047006850424043,0.29864800262176955));
#4400=IFCPOLYLOOP((#4292,#4293,#4294,#4295,#4296,#4297,#4298,#4299,#4276,#4277,#4278,#4279,#4280,#4281,#4282,#4283,#4284,#4285,#4286,#4287,#4288,#4289,#4290,#4291));
#4401=IFCFACEOUTERBOUND(#4400,.T.);
#4402=IFCFACE((#4401));
#4403=IFCPOLYLOOP((#4306,#4307,#4308,#4309,#4310,#4311,#4312,#4313,#4314,#4315,#4316,#4317,#4318,#4319,#4320,#4321,#4322,#4323,#4300,#4301,#4302,#4303,#4304,#4305));
#4404=IFCFACEOUTERBOUND(#4403,.T.);
#4405=IFCFACE((#4404));
#4406=IFCPOLYLOOP((#4323,#4322,#4353));
#4407=IFCFACEOUTERBOUND(#4406,.T.);
#4408=IFCFACE((#4407));
#4409=IFCPOLYLOOP((#4337,#4361,#4351));
#4410=IFCFACEOUTERBOUND(#4409,.T.);
#4411=IFCFACE((#4410));
#4412=IFCPOLYLOOP((#4361,#4327,#4339));
#4413=IFCFACEOUTERBOUND(#4412,.T.);
#4414=IFCFACE((#4413));
#4415=IFCPOLYLOOP((#4355,#4324,#4366,#4340));
#4416=IFCFACEOUTERBOUND(#4415,.T.);
#4417=IFCFACE((#4416));
#4418=IFCPOLYLOOP((#4345,#4321,#4320));
#4419=IFCFACEOUTERBOUND(#4418,.T.);
#4420=IFCFACE((#4419));
#4421=IFCPOLYLOOP((#4360,#4326,#4338));
#4422=IFCFACEOUTERBOUND(#4421,.T.);
#4423=IFCFACE((#4422));
#4424=IFCPOLYLOOP((#4345,#4335,#4325));
#4425=IFCFACEOUTERBOUND(#4424,.T.);
#4426=IFCFACE((#4425));
#4427=IFCPOLYLOOP((#4333,#4346,#4325));
#4428=IFCFACEOUTERBOUND(#4427,.T.);
#4429=IFCFACE((#4428));
#4430=IFCPOLYLOOP((#4353,#4341,#4330));
#4431=IFCFACEOUTERBOUND(#4430,.T.);
#4432=IFCFACE((#4431));
#4433=IFCPOLYLOOP((#4330,#4334,#4342));
#4434=IFCFACEOUTERBOUND(#4433,.T.);
#4435=IFCFACE((#4434));
#4436=IFCPOLYLOOP((#4336,#4360,#4350));
#4437=IFCFACEOUTERBOUND(#4436,.T.);
#4438=IFCFACE((#4437));
#4439=IFCPOLYLOOP((#4335,#4320,#4319));
#4440=IFCFACEOUTERBOUND(#4439,.T.);
#4441=IFCFACE((#4440));
#4442=IFCPOLYLOOP((#4340,#4354,#4355));
#4443=IFCFACEOUTERBOUND(#4442,.T.);
#4444=IFCFACE((#4443));
#4445=IFCPOLYLOOP((#4276,#4324,#4356));
#4446=IFCFACEOUTERBOUND(#4445,.T.);
#4447=IFCFACE((#4446));
#4448=IFCPOLYLOOP((#4348,#4335,#4319));
#4449=IFCFACEOUTERBOUND(#4448,.T.);
#4450=IFCFACE((#4449));
#4451=IFCPOLYLOOP((#4353,#4354,#4323));
#4452=IFCFACEOUTERBOUND(#4451,.T.);
#4453=IFCFACE((#4452));
#4454=IFCPOLYLOOP((#4333,#4281,#4280));
#4455=IFCFACEOUTERBOUND(#4454,.T.);
#4456=IFCFACE((#4455));
#4457=IFCPOLYLOOP((#4278,#4342,#4334));
#4458=IFCFACEOUTERBOUND(#4457,.T.);
#4459=IFCFACE((#4458));
#4460=IFCPOLYLOOP((#4352,#4339,#4315));
#4461=IFCFACEOUTERBOUND(#4460,.T.);
#4462=IFCFACE((#4461));
#4463=IFCPOLYLOOP((#4334,#4279,#4278));
#4464=IFCFACEOUTERBOUND(#4463,.T.);
#4465=IFCFACE((#4464));
#4466=IFCPOLYLOOP((#4333,#4280,#4346));
#4467=IFCFACEOUTERBOUND(#4466,.T.);
#4468=IFCFACE((#4467));
#4469=IFCPOLYLOOP((#4318,#4348,#4319));
#4470=IFCFACEOUTERBOUND(#4469,.T.);
#4471=IFCFACE((#4470));
#4472=IFCPOLYLOOP((#4347,#4282,#4281));
#4473=IFCFACEOUTERBOUND(#4472,.T.);
#4474=IFCFACE((#4473));
#4475=IFCPOLYLOOP((#4279,#4346,#4280));
#4476=IFCFACEOUTERBOUND(#4475,.T.);
#4477=IFCFACE((#4476));
#4478=IFCPOLYLOOP((#4349,#4338,#4317));
#4479=IFCFACEOUTERBOUND(#4478,.T.);
#4480=IFCFACE((#4479));
#4481=IFCPOLYLOOP((#4338,#4349,#4360));
#4482=IFCFACEOUTERBOUND(#4481,.T.);
#4483=IFCFACE((#4482));
#4484=IFCPOLYLOOP((#4349,#4317,#4316));
#4485=IFCFACEOUTERBOUND(#4484,.T.);
#4486=IFCFACE((#4485));
#4487=IFCPOLYLOOP((#4342,#4278,#4277));
#4488=IFCFACEOUTERBOUND(#4487,.T.);
#4489=IFCFACE((#4488));
#4490=IFCPOLYLOOP((#4333,#4359,#4347));
#4491=IFCFACEOUTERBOUND(#4490,.T.);
#4492=IFCFACE((#4491));
#4493=IFCPOLYLOOP((#4337,#4285,#4284));
#4494=IFCFACEOUTERBOUND(#4493,.T.);
#4495=IFCFACE((#4494));
#4496=IFCPOLYLOOP((#4358,#4332,#4344));
#4497=IFCFACEOUTERBOUND(#4496,.T.);
#4498=IFCFACE((#4497));
#4499=IFCPOLYLOOP((#4352,#4344,#4329));
#4500=IFCFACEOUTERBOUND(#4499,.T.);
#4501=IFCFACE((#4500));
#4502=IFCPOLYLOOP((#4343,#4351,#4329));
#4503=IFCFACEOUTERBOUND(#4502,.T.);
#4504=IFCFACE((#4503));
#4505=IFCPOLYLOOP((#4328,#4331,#4332));
#4506=IFCFACEOUTERBOUND(#4505,.T.);
#4507=IFCFACE((#4506));
#4508=IFCPOLYLOOP((#4313,#4344,#4314));
#4509=IFCFACEOUTERBOUND(#4508,.T.);
#4510=IFCFACE((#4509));
#4511=IFCPOLYLOOP((#4359,#4325,#4335));
#4512=IFCFACEOUTERBOUND(#4511,.T.);
#4513=IFCFACE((#4512));
#4514=IFCPOLYLOOP((#4343,#4357,#4287));
#4515=IFCFACEOUTERBOUND(#4514,.T.);
#4516=IFCFACE((#4515));
#4517=IFCPOLYLOOP((#4317,#4338,#4318));
#4518=IFCFACEOUTERBOUND(#4517,.T.);
#4519=IFCFACE((#4518));
#4520=IFCPOLYLOOP((#4282,#4336,#4283));
#4521=IFCFACEOUTERBOUND(#4520,.T.);
#4522=IFCFACE((#4521));
#4523=IFCPOLYLOOP((#4287,#4286,#4343));
#4524=IFCFACEOUTERBOUND(#4523,.T.);
#4525=IFCFACE((#4524));
#4526=IFCPOLYLOOP((#4347,#4336,#4282));
#4527=IFCFACEOUTERBOUND(#4526,.T.);
#4528=IFCFACE((#4527));
#4529=IFCPOLYLOOP((#4314,#4352,#4315));
#4530=IFCFACEOUTERBOUND(#4529,.T.);
#4531=IFCFACE((#4530));
#4532=IFCPOLYLOOP((#4350,#4337,#4284));
#4533=IFCFACEOUTERBOUND(#4532,.T.);
#4534=IFCFACE((#4533));
#4535=IFCPOLYLOOP((#4325,#4346,#4334));
#4536=IFCFACEOUTERBOUND(#4535,.T.);
#4537=IFCFACE((#4536));
#4538=IFCPOLYLOOP((#4339,#4316,#4315));
#4539=IFCFACEOUTERBOUND(#4538,.T.);
#4540=IFCFACE((#4539));
#4541=IFCPOLYLOOP((#4286,#4285,#4351));
#4542=IFCFACEOUTERBOUND(#4541,.T.);
#4543=IFCFACE((#4542));
#4544=IFCPOLYLOOP((#4341,#4322,#4321));
#4545=IFCFACEOUTERBOUND(#4544,.T.);
#4546=IFCFACE((#4545));
#4547=IFCPOLYLOOP((#4287,#4357,#4288));
#4548=IFCFACEOUTERBOUND(#4547,.T.);
#4549=IFCFACE((#4548));
#4550=IFCPOLYLOOP((#4358,#4312,#4377,#4328));
#4551=IFCFACEOUTERBOUND(#4550,.T.);
#4552=IFCFACE((#4551));
#4553=IFCPOLYLOOP((#4288,#4357,#4331));
#4554=IFCFACEOUTERBOUND(#4553,.T.);
#4555=IFCFACE((#4554));
#4556=IFCPOLYLOOP((#4343,#4329,#4332));
#4557=IFCFACEOUTERBOUND(#4556,.T.);
#4558=IFCFACE((#4557));
#4559=IFCPOLYLOOP((#4362,#4330,#4341));
#4560=IFCFACEOUTERBOUND(#4559,.T.);
#4561=IFCFACE((#4560));
#4562=IFCPOLYLOOP((#4335,#4348,#4359));
#4563=IFCFACEOUTERBOUND(#4562,.T.);
#4564=IFCFACE((#4563));
#4565=IFCPOLYLOOP((#4283,#4350,#4284));
#4566=IFCFACEOUTERBOUND(#4565,.T.);
#4567=IFCFACE((#4566));
#4568=IFCPOLYLOOP((#4348,#4338,#4326));
#4569=IFCFACEOUTERBOUND(#4568,.T.);
#4570=IFCFACE((#4569));
#4571=IFCPOLYLOOP((#4339,#4352,#4361));
#4572=IFCFACEOUTERBOUND(#4571,.T.);
#4573=IFCFACE((#4572));
#4574=IFCPOLYLOOP((#4349,#4339,#4327));
#4575=IFCFACEOUTERBOUND(#4574,.T.);
#4576=IFCFACE((#4575));
#4577=IFCPOLYLOOP((#4337,#4350,#4327));
#4578=IFCFACEOUTERBOUND(#4577,.T.);
#4579=IFCFACE((#4578));
#4580=IFCPOLYLOOP((#4345,#4341,#4321));
#4581=IFCFACEOUTERBOUND(#4580,.T.);
#4582=IFCFACE((#4581));
#4583=IFCPOLYLOOP((#4323,#4354,#4300));
#4584=IFCFACEOUTERBOUND(#4583,.T.);
#4585=IFCFACE((#4584));
#4586=IFCPOLYLOOP((#4334,#4362,#4325));
#4587=IFCFACEOUTERBOUND(#4586,.T.);
#4588=IFCFACE((#4587));
#4589=IFCPOLYLOOP((#4355,#4356,#4324));
#4590=IFCFACEOUTERBOUND(#4589,.T.);
#4591=IFCFACE((#4590));
#4592=IFCPOLYLOOP((#4343,#4286,#4351));
#4593=IFCFACEOUTERBOUND(#4592,.T.);
#4594=IFCFACE((#4593));
#4595=IFCPOLYLOOP((#4357,#4332,#4331));
#4596=IFCFACEOUTERBOUND(#4595,.T.);
#4597=IFCFACE((#4596));
#4598=IFCPOLYLOOP((#4358,#4344,#4313));
#4599=IFCFACEOUTERBOUND(#4598,.T.);
#4600=IFCFACE((#4599));
#4601=IFCPOLYLOOP((#4329,#4344,#4332));
#4602=IFCFACEOUTERBOUND(#4601,.T.);
#4603=IFCFACE((#4602));
#4604=IFCPOLYLOOP((#4335,#4345,#4320));
#4605=IFCFACEOUTERBOUND(#4604,.T.);
#4606=IFCFACE((#4605));
#4607=IFCPOLYLOOP((#4345,#4325,#4362));
#4608=IFCFACEOUTERBOUND(#4607,.T.);
#4609=IFCFACE((#4608));
#4610=IFCPOLYLOOP((#4334,#4346,#4279));
#4611=IFCFACEOUTERBOUND(#4610,.T.);
#4612=IFCFACE((#4611));
#4613=IFCPOLYLOOP((#4333,#4347,#4281));
#4614=IFCFACEOUTERBOUND(#4613,.T.);
#4615=IFCFACE((#4614));
#4616=IFCPOLYLOOP((#4336,#4347,#4326));
#4617=IFCFACEOUTERBOUND(#4616,.T.);
#4618=IFCFACE((#4617));
#4619=IFCPOLYLOOP((#4338,#4348,#4318));
#4620=IFCFACEOUTERBOUND(#4619,.T.);
#4621=IFCFACE((#4620));
#4622=IFCPOLYLOOP((#4348,#4326,#4347,#4359));
#4623=IFCFACEOUTERBOUND(#4622,.T.);
#4624=IFCFACE((#4623));
#4625=IFCPOLYLOOP((#4339,#4349,#4316));
#4626=IFCFACEOUTERBOUND(#4625,.T.);
#4627=IFCFACE((#4626));
#4628=IFCPOLYLOOP((#4349,#4327,#4350,#4360));
#4629=IFCFACEOUTERBOUND(#4628,.T.);
#4630=IFCFACE((#4629));
#4631=IFCPOLYLOOP((#4336,#4350,#4283));
#4632=IFCFACEOUTERBOUND(#4631,.T.);
#4633=IFCFACE((#4632));
#4634=IFCPOLYLOOP((#4337,#4351,#4285));
#4635=IFCFACEOUTERBOUND(#4634,.T.);
#4636=IFCFACE((#4635));
#4637=IFCPOLYLOOP((#4344,#4352,#4314));
#4638=IFCFACEOUTERBOUND(#4637,.T.);
#4639=IFCFACE((#4638));
#4640=IFCPOLYLOOP((#4352,#4329,#4351,#4361));
#4641=IFCFACEOUTERBOUND(#4640,.T.);
#4642=IFCFACE((#4641));
#4643=IFCPOLYLOOP((#4341,#4353,#4322));
#4644=IFCFACEOUTERBOUND(#4643,.T.);
#4645=IFCFACE((#4644));
#4646=IFCPOLYLOOP((#4354,#4353,#4330));
#4647=IFCFACEOUTERBOUND(#4646,.T.);
#4648=IFCFACE((#4647));
#4649=IFCPOLYLOOP((#4354,#4330,#4355));
#4650=IFCFACEOUTERBOUND(#4649,.T.);
#4651=IFCFACE((#4650));
#4652=IFCPOLYLOOP((#4354,#4340,#4300));
#4653=IFCFACEOUTERBOUND(#4652,.T.);
#4654=IFCFACE((#4653));
#4655=IFCPOLYLOOP((#4330,#4342,#4355));
#4656=IFCFACEOUTERBOUND(#4655,.T.);
#4657=IFCFACE((#4656));
#4658=IFCPOLYLOOP((#4356,#4355,#4342));
#4659=IFCFACEOUTERBOUND(#4658,.T.);
#4660=IFCFACE((#4659));
#4661=IFCPOLYLOOP((#4342,#4277,#4356));
#4662=IFCFACEOUTERBOUND(#4661,.T.);
#4663=IFCFACE((#4662));
#4664=IFCPOLYLOOP((#4276,#4356,#4277));
#4665=IFCFACEOUTERBOUND(#4664,.T.);
#4666=IFCFACE((#4665));
#4667=IFCPOLYLOOP((#4332,#4357,#4343));
#4668=IFCFACEOUTERBOUND(#4667,.T.);
#4669=IFCFACE((#4668));
#4670=IFCPOLYLOOP((#4312,#4358,#4313));
#4671=IFCFACEOUTERBOUND(#4670,.T.);
#4672=IFCFACE((#4671));
#4673=IFCPOLYLOOP((#4332,#4358,#4328));
#4674=IFCFACEOUTERBOUND(#4673,.T.);
#4675=IFCFACE((#4674));
#4676=IFCPOLYLOOP((#4325,#4359,#4333));
#4677=IFCFACEOUTERBOUND(#4676,.T.);
#4678=IFCFACE((#4677));
#4679=IFCPOLYLOOP((#4326,#4360,#4336));
#4680=IFCFACEOUTERBOUND(#4679,.T.);
#4681=IFCFACE((#4680));
#4682=IFCPOLYLOOP((#4327,#4361,#4337));
#4683=IFCFACEOUTERBOUND(#4682,.T.);
#4684=IFCFACE((#4683));
#4685=IFCPOLYLOOP((#4330,#4362,#4334));
#4686=IFCFACEOUTERBOUND(#4685,.T.);
#4687=IFCFACE((#4686));
#4688=IFCPOLYLOOP((#4345,#4362,#4341));
#4689=IFCFACEOUTERBOUND(#4688,.T.);
#4690=IFCFACE((#4689));
#4691=IFCPOLYLOOP((#4390,#4378,#4368));
#4692=IFCFACEOUTERBOUND(#4691,.T.);
#4693=IFCFACE((#4692));
#4694=IFCPOLYLOOP((#4368,#4371,#4379));
#4695=IFCFACEOUTERBOUND(#4694,.T.);
#4696=IFCFACE((#4695));
#4697=IFCPOLYLOOP((#4288,#4331,#4393));
#4698=IFCFACEOUTERBOUND(#4697,.T.);
#4699=IFCFACE((#4698));
#4700=IFCPOLYLOOP((#4391,#4311,#4390));
#4701=IFCFACEOUTERBOUND(#4700,.T.);
#4702=IFCFACE((#4701));
#4703=IFCPOLYLOOP((#4310,#4390,#4311));
#4704=IFCFACEOUTERBOUND(#4703,.T.);
#4705=IFCFACE((#4704));
#4706=IFCPOLYLOOP((#4382,#4309,#4308));
#4707=IFCFACEOUTERBOUND(#4706,.T.);
#4708=IFCFACE((#4707));
#4709=IFCPOLYLOOP((#4291,#4383,#4292));
#4710=IFCFACEOUTERBOUND(#4709,.T.);
#4711=IFCFACE((#4710));
#4712=IFCPOLYLOOP((#4306,#4385,#4307));
#4713=IFCFACEOUTERBOUND(#4712,.T.);
#4714=IFCFACE((#4713));
#4715=IFCPOLYLOOP((#4371,#4290,#4379));
#4716=IFCFACEOUTERBOUND(#4715,.T.);
#4717=IFCFACE((#4716));
#4718=IFCPOLYLOOP((#4375,#4386,#4397));
#4719=IFCFACEOUTERBOUND(#4718,.T.);
#4720=IFCFACE((#4719));
#4721=IFCPOLYLOOP((#4307,#4372,#4308));
#4722=IFCFACEOUTERBOUND(#4721,.T.);
#4723=IFCFACE((#4722));
#4724=IFCPOLYLOOP((#4370,#4293,#4292));
#4725=IFCFACEOUTERBOUND(#4724,.T.);
#4726=IFCFACE((#4725));
#4727=IFCPOLYLOOP((#4385,#4372,#4307));
#4728=IFCFACEOUTERBOUND(#4727,.T.);
#4729=IFCFACE((#4728));
#4730=IFCPOLYLOOP((#4377,#4391,#4392));
#4731=IFCFACEOUTERBOUND(#4730,.T.);
#4732=IFCFACE((#4731));
#4733=IFCPOLYLOOP((#4295,#4387,#4296));
#4734=IFCFACEOUTERBOUND(#4733,.T.);
#4735=IFCFACE((#4734));
#4736=IFCPOLYLOOP((#4395,#4300,#4340,#4366));
#4737=IFCFACEOUTERBOUND(#4736,.T.);
#4738=IFCFACE((#4737));
#4739=IFCPOLYLOOP((#4276,#4394,#4324));
#4740=IFCFACEOUTERBOUND(#4739,.T.);
#4741=IFCFACE((#4740));
#4742=IFCPOLYLOOP((#4392,#4331,#4328,#4377));
#4743=IFCFACEOUTERBOUND(#4742,.T.);
#4744=IFCFACE((#4743));
#4745=IFCPOLYLOOP((#4378,#4310,#4309));
#4746=IFCFACEOUTERBOUND(#4745,.T.);
#4747=IFCFACE((#4746));
#4748=IFCPOLYLOOP((#4371,#4291,#4290));
#4749=IFCFACEOUTERBOUND(#4748,.T.);
#4750=IFCFACE((#4749));
#4751=IFCPOLYLOOP((#4370,#4292,#4383));
#4752=IFCFACEOUTERBOUND(#4751,.T.);
#4753=IFCFACE((#4752));
#4754=IFCPOLYLOOP((#4302,#4389,#4303));
#4755=IFCFACEOUTERBOUND(#4754,.T.);
#4756=IFCFACE((#4755));
#4757=IFCPOLYLOOP((#4384,#4294,#4293));
#4758=IFCFACEOUTERBOUND(#4757,.T.);
#4759=IFCFACE((#4758));
#4760=IFCPOLYLOOP((#4299,#4298,#4380));
#4761=IFCFACEOUTERBOUND(#4760,.T.);
#4762=IFCFACE((#4761));
#4763=IFCPOLYLOOP((#4386,#4375,#4305));
#4764=IFCFACEOUTERBOUND(#4763,.T.);
#4765=IFCFACE((#4764));
#4766=IFCPOLYLOOP((#4389,#4376,#4303));
#4767=IFCFACEOUTERBOUND(#4766,.T.);
#4768=IFCFACE((#4767));
#4769=IFCPOLYLOOP((#4386,#4305,#4304));
#4770=IFCFACEOUTERBOUND(#4769,.T.);
#4771=IFCFACE((#4770));
#4772=IFCPOLYLOOP((#4373,#4397,#4387));
#4773=IFCFACEOUTERBOUND(#4772,.T.);
#4774=IFCFACE((#4773));
#4775=IFCPOLYLOOP((#4397,#4364,#4375));
#4776=IFCFACEOUTERBOUND(#4775,.T.);
#4777=IFCFACE((#4776));
#4778=IFCPOLYLOOP((#4374,#4297,#4296));
#4779=IFCFACEOUTERBOUND(#4778,.T.);
#4780=IFCFACE((#4779));
#4781=IFCPOLYLOOP((#4395,#4369,#4381));
#4782=IFCFACEOUTERBOUND(#4781,.T.);
#4783=IFCFACE((#4782));
#4784=IFCPOLYLOOP((#4372,#4385,#4396));
#4785=IFCFACEOUTERBOUND(#4784,.T.);
#4786=IFCFACE((#4785));
#4787=IFCPOLYLOOP((#4399,#4368,#4378));
#4788=IFCFACEOUTERBOUND(#4787,.T.);
#4789=IFCFACE((#4788));
#4790=IFCPOLYLOOP((#4301,#4381,#4302));
#4791=IFCFACEOUTERBOUND(#4790,.T.);
#4792=IFCFACE((#4791));
#4793=IFCPOLYLOOP((#4382,#4372,#4363));
#4794=IFCFACEOUTERBOUND(#4793,.T.);
#4795=IFCFACE((#4794));
#4796=IFCPOLYLOOP((#4380,#4394,#4299));
#4797=IFCFACEOUTERBOUND(#4796,.T.);
#4798=IFCFACE((#4797));
#4799=IFCPOLYLOOP((#4305,#4375,#4306));
#4800=IFCFACEOUTERBOUND(#4799,.T.);
#4801=IFCFACE((#4800));
#4802=IFCPOLYLOOP((#4294,#4373,#4295));
#4803=IFCFACEOUTERBOUND(#4802,.T.);
#4804=IFCFACE((#4803));
#4805=IFCPOLYLOOP((#4380,#4367,#4369));
#4806=IFCFACEOUTERBOUND(#4805,.T.);
#4807=IFCFACE((#4806));
#4808=IFCPOLYLOOP((#4384,#4373,#4294));
#4809=IFCFACEOUTERBOUND(#4808,.T.);
#4810=IFCFACE((#4809));
#4811=IFCPOLYLOOP((#4389,#4381,#4367));
#4812=IFCFACEOUTERBOUND(#4811,.T.);
#4813=IFCFACE((#4812));
#4814=IFCPOLYLOOP((#4380,#4388,#4367));
#4815=IFCFACEOUTERBOUND(#4814,.T.);
#4816=IFCFACE((#4815));
#4817=IFCPOLYLOOP((#4387,#4374,#4296));
#4818=IFCFACEOUTERBOUND(#4817,.T.);
#4819=IFCFACE((#4818));
#4820=IFCPOLYLOOP((#4370,#4396,#4384));
#4821=IFCFACEOUTERBOUND(#4820,.T.);
#4822=IFCFACE((#4821));
#4823=IFCPOLYLOOP((#4376,#4304,#4303));
#4824=IFCFACEOUTERBOUND(#4823,.T.);
#4825=IFCFACE((#4824));
#4826=IFCPOLYLOOP((#4298,#4297,#4388));
#4827=IFCFACEOUTERBOUND(#4826,.T.);
#4828=IFCFACE((#4827));
#4829=IFCPOLYLOOP((#4396,#4363,#4372));
#4830=IFCFACEOUTERBOUND(#4829,.T.);
#4831=IFCFACE((#4830));
#4832=IFCPOLYLOOP((#4299,#4394,#4276));
#4833=IFCFACEOUTERBOUND(#4832,.T.);
#4834=IFCFACE((#4833));
#4835=IFCPOLYLOOP((#4366,#4324,#4369));
#4836=IFCFACEOUTERBOUND(#4835,.T.);
#4837=IFCFACE((#4836));
#4838=IFCPOLYLOOP((#4379,#4290,#4289));
#4839=IFCFACEOUTERBOUND(#4838,.T.);
#4840=IFCFACE((#4839));
#4841=IFCPOLYLOOP((#4398,#4365,#4376));
#4842=IFCFACEOUTERBOUND(#4841,.T.);
#4843=IFCFACE((#4842));
#4844=IFCPOLYLOOP((#4374,#4398,#4388));
#4845=IFCFACEOUTERBOUND(#4844,.T.);
#4846=IFCFACE((#4845));
#4847=IFCPOLYLOOP((#4363,#4383,#4371));
#4848=IFCFACEOUTERBOUND(#4847,.T.);
#4849=IFCFACE((#4848));
#4850=IFCPOLYLOOP((#4385,#4375,#4364));
#4851=IFCFACEOUTERBOUND(#4850,.T.);
#4852=IFCFACE((#4851));
#4853=IFCPOLYLOOP((#4376,#4389,#4398));
#4854=IFCFACEOUTERBOUND(#4853,.T.);
#4855=IFCFACE((#4854));
#4856=IFCPOLYLOOP((#4386,#4376,#4365));
#4857=IFCFACEOUTERBOUND(#4856,.T.);
#4858=IFCFACE((#4857));
#4859=IFCPOLYLOOP((#4374,#4387,#4365));
#4860=IFCFACEOUTERBOUND(#4859,.T.);
#4861=IFCFACE((#4860));
#4862=IFCPOLYLOOP((#4382,#4378,#4309));
#4863=IFCFACEOUTERBOUND(#4862,.T.);
#4864=IFCFACE((#4863));
#4865=IFCPOLYLOOP((#4311,#4391,#4312));
#4866=IFCFACEOUTERBOUND(#4865,.T.);
#4867=IFCFACE((#4866));
#4868=IFCPOLYLOOP((#4371,#4399,#4363));
#4869=IFCFACEOUTERBOUND(#4868,.T.);
#4870=IFCFACE((#4869));
#4871=IFCPOLYLOOP((#4392,#4393,#4331));
#4872=IFCFACEOUTERBOUND(#4871,.T.);
#4873=IFCFACE((#4872));
#4874=IFCPOLYLOOP((#4380,#4298,#4388));
#4875=IFCFACEOUTERBOUND(#4874,.T.);
#4876=IFCFACE((#4875));
#4877=IFCPOLYLOOP((#4394,#4369,#4324));
#4878=IFCFACEOUTERBOUND(#4877,.T.);
#4879=IFCFACE((#4878));
#4880=IFCPOLYLOOP((#4395,#4381,#4301));
#4881=IFCFACEOUTERBOUND(#4880,.T.);
#4882=IFCFACE((#4881));
#4883=IFCPOLYLOOP((#4367,#4381,#4369));
#4884=IFCFACEOUTERBOUND(#4883,.T.);
#4885=IFCFACE((#4884));
#4886=IFCPOLYLOOP((#4372,#4382,#4308));
#4887=IFCFACEOUTERBOUND(#4886,.T.);
#4888=IFCFACE((#4887));
#4889=IFCPOLYLOOP((#4382,#4363,#4399));
#4890=IFCFACEOUTERBOUND(#4889,.T.);
#4891=IFCFACE((#4890));
#4892=IFCPOLYLOOP((#4371,#4383,#4291));
#4893=IFCFACEOUTERBOUND(#4892,.T.);
#4894=IFCFACE((#4893));
#4895=IFCPOLYLOOP((#4370,#4383,#4363));
#4896=IFCFACEOUTERBOUND(#4895,.T.);
#4897=IFCFACE((#4896));
#4898=IFCPOLYLOOP((#4370,#4384,#4293));
#4899=IFCFACEOUTERBOUND(#4898,.T.);
#4900=IFCFACE((#4899));
#4901=IFCPOLYLOOP((#4373,#4384,#4364));
#4902=IFCFACEOUTERBOUND(#4901,.T.);
#4903=IFCFACE((#4902));
#4904=IFCPOLYLOOP((#4375,#4385,#4306));
#4905=IFCFACEOUTERBOUND(#4904,.T.);
#4906=IFCFACE((#4905));
#4907=IFCPOLYLOOP((#4385,#4364,#4384,#4396));
#4908=IFCFACEOUTERBOUND(#4907,.T.);
#4909=IFCFACE((#4908));
#4910=IFCPOLYLOOP((#4376,#4386,#4304));
#4911=IFCFACEOUTERBOUND(#4910,.T.);
#4912=IFCFACE((#4911));
#4913=IFCPOLYLOOP((#4386,#4365,#4387,#4397));
#4914=IFCFACEOUTERBOUND(#4913,.T.);
#4915=IFCFACE((#4914));
#4916=IFCPOLYLOOP((#4373,#4387,#4295));
#4917=IFCFACEOUTERBOUND(#4916,.T.);
#4918=IFCFACE((#4917));
#4919=IFCPOLYLOOP((#4374,#4388,#4297));
#4920=IFCFACEOUTERBOUND(#4919,.T.);
#4921=IFCFACE((#4920));
#4922=IFCPOLYLOOP((#4381,#4389,#4302));
#4923=IFCFACEOUTERBOUND(#4922,.T.);
#4924=IFCFACE((#4923));
#4925=IFCPOLYLOOP((#4389,#4367,#4388,#4398));
#4926=IFCFACEOUTERBOUND(#4925,.T.);
#4927=IFCFACE((#4926));
#4928=IFCPOLYLOOP((#4378,#4390,#4310));
#4929=IFCFACEOUTERBOUND(#4928,.T.);
#4930=IFCFACE((#4929));
#4931=IFCPOLYLOOP((#4391,#4390,#4368));
#4932=IFCFACEOUTERBOUND(#4931,.T.);
#4933=IFCFACE((#4932));
#4934=IFCPOLYLOOP((#4391,#4368,#4392));
#4935=IFCFACEOUTERBOUND(#4934,.T.);
#4936=IFCFACE((#4935));
#4937=IFCPOLYLOOP((#4391,#4377,#4312));
#4938=IFCFACEOUTERBOUND(#4937,.T.);
#4939=IFCFACE((#4938));
#4940=IFCPOLYLOOP((#4368,#4379,#4392));
#4941=IFCFACEOUTERBOUND(#4940,.T.);
#4942=IFCFACE((#4941));
#4943=IFCPOLYLOOP((#4393,#4392,#4379));
#4944=IFCFACEOUTERBOUND(#4943,.T.);
#4945=IFCFACE((#4944));
#4946=IFCPOLYLOOP((#4379,#4289,#4393));
#4947=IFCFACEOUTERBOUND(#4946,.T.);
#4948=IFCFACE((#4947));
#4949=IFCPOLYLOOP((#4288,#4393,#4289));
#4950=IFCFACEOUTERBOUND(#4949,.T.);
#4951=IFCFACE((#4950));
#4952=IFCPOLYLOOP((#4369,#4394,#4380));
#4953=IFCFACEOUTERBOUND(#4952,.T.);
#4954=IFCFACE((#4953));
#4955=IFCPOLYLOOP((#4300,#4395,#4301));
#4956=IFCFACEOUTERBOUND(#4955,.T.);
#4957=IFCFACE((#4956));
#4958=IFCPOLYLOOP((#4369,#4395,#4366));
#4959=IFCFACEOUTERBOUND(#4958,.T.);
#4960=IFCFACE((#4959));
#4961=IFCPOLYLOOP((#4363,#4396,#4370));
#4962=IFCFACEOUTERBOUND(#4961,.T.);
#4963=IFCFACE((#4962));
#4964=IFCPOLYLOOP((#4364,#4397,#4373));
#4965=IFCFACEOUTERBOUND(#4964,.T.);
#4966=IFCFACE((#4965));
#4967=IFCPOLYLOOP((#4365,#4398,#4374));
#4968=IFCFACEOUTERBOUND(#4967,.T.);
#4969=IFCFACE((#4968));
#4970=IFCPOLYLOOP((#4368,#4399,#4371));
#4971=IFCFACEOUTERBOUND(#4970,.T.);
#4972=IFCFACE((#4971));
#4973=IFCPOLYLOOP((#4382,#4399,#4378));
#4974=IFCFACEOUTERBOUND(#4973,.T.);
#4975=IFCFACE((#4974));
#4976=IFCCARTESIANPOINT((0.35460000000000674,-0.,1.8899999999999979));
#4977=IFCCARTESIANPOINT((0.35546548401226435,-0.0065740037456292226,1.8899999999999979));
#4978=IFCCARTESIANPOINT((0.358002954743882,-0.012700000000025198,1.8899999999999979));
#4979=IFCCARTESIANPOINT((0.36203948775786837,-0.017960512242163523,1.8899999999999979));
#4980=IFCCARTESIANPOINT((0.36730000000000668,-0.021997045256149973,1.8899999999999979));
#4981=IFCCARTESIANPOINT((0.37342599625440259,-0.02453451598776759,1.8899999999999979));
#4982=IFCCARTESIANPOINT((0.38000000000000661,-0.025400000000025281,1.8899999999999979));
#4983=IFCCARTESIANPOINT((0.38657400374561068,-0.024534515987767649,1.8899999999999979));
#4984=IFCCARTESIANPOINT((0.39270000000000665,-0.021997045256150091,1.8899999999999979));
#4985=IFCCARTESIANPOINT((0.39796051224214496,-0.01796051224216369,1.8899999999999979));
#4986=IFCCARTESIANPOINT((0.40199704525613145,-0.012700000000025411,1.8899999999999979));
#4987=IFCCARTESIANPOINT((0.40453451598774903,-0.0065740037456294602,1.8899999999999979));
#4988=IFCCARTESIANPOINT((0.4054000000000067,-0.,1.8899999999999979));
#4989=IFCCARTESIANPOINT((0.40453451598774909,0.0065740037455787404,1.8899999999999979));
#4990=IFCCARTESIANPOINT((0.4019970452561315,0.012699999999974707,1.8899999999999979));
#4991=IFCCARTESIANPOINT((0.39796051224214501,0.017960512242113012,1.8899999999999979));
#4992=IFCCARTESIANPOINT((0.39270000000000677,0.021997045256099447,1.8899999999999979));
#4993=IFCCARTESIANPOINT((0.38657400374561079,0.024534515987717043,1.8899999999999979));
#4994=IFCCARTESIANPOINT((0.38000000000000683,0.025399999999974717,1.8899999999999979));
#4995=IFCCARTESIANPOINT((0.37342599625440276,0.024534515987717064,1.8899999999999979));
#4996=IFCCARTESIANPOINT((0.36730000000000679,0.021997045256099485,1.8899999999999979));
#4997=IFCCARTESIANPOINT((0.36203948775786843,0.017960512242113067,1.8899999999999979));
#4998=IFCCARTESIANPOINT((0.35800295474388205,0.012699999999974775,1.8899999999999979));
#4999=IFCCARTESIANPOINT((0.35546548401226447,0.0065740037455788176,1.8899999999999979));
#5000=IFCCARTESIANPOINT((0.35460000000000674,-0.,-0.));
#5001=IFCCARTESIANPOINT((0.35546548401226447,0.0065740037455788176,-0.));
#5002=IFCCARTESIANPOINT((0.35800295474388205,0.012699999999974775,-0.));
#5003=IFCCARTESIANPOINT((0.36203948775786843,0.017960512242113067,-0.));
#5004=IFCCARTESIANPOINT((0.36730000000000679,0.021997045256099485,-0.));
#5005=IFCCARTESIANPOINT((0.37342599625440276,0.024534515987717064,-0.));
#5006=IFCCARTESIANPOINT((0.38000000000000683,0.025399999999974717,-0.));
#5007=IFCCARTESIANPOINT((0.38657400374561079,0.024534515987717043,-0.));
#5008=IFCCARTESIANPOINT((0.39270000000000677,0.021997045256099447,-0.));
#5009=IFCCARTESIANPOINT((0.39796051224214501,0.017960512242113012,-0.));
#5010=IFCCARTESIANPOINT((0.4019970452561315,0.012699999999974707,-0.));
#5011=IFCCARTESIANPOINT((0.40453451598774909,0.0065740037455787404,-0.));
#5012=IFCCARTESIANPOINT((0.4054000000000067,-0.,-0.));
#5013=IFCCARTESIANPOINT((0.40453451598774903,-0.0065740037456294602,-0.));
#5014=IFCCARTESIANPOINT((0.40199704525613145,-0.012700000000025411,-0.));
#5015=IFCCARTESIANPOINT((0.39796051224214496,-0.01796051224216369,-0.));
#5016=IFCCARTESIANPOINT((0.39270000000000665,-0.021997045256150091,-0.));
#5017=IFCCARTESIANPOINT((0.38657400374561068,-0.024534515987767649,-0.));
#5018=IFCCARTESIANPOINT((0.38000000000000661,-0.025400000000025281,-0.));
#5019=IFCCARTESIANPOINT((0.37342599625440259,-0.02453451598776759,-0.));
#5020=IFCCARTESIANPOINT((0.36730000000000668,-0.021997045256149973,-0.));
#5021=IFCCARTESIANPOINT((0.36203948775786837,-0.017960512242163523,-0.));
#5022=IFCCARTESIANPOINT((0.358002954743882,-0.012700000000025198,-0.));
#5023=IFCCARTESIANPOINT((0.35546548401226435,-0.0065740037456292226,-0.));
#5024=IFCCARTESIANPOINT((0.35460000000000674,-0.,1.8499999999999934));
#5025=IFCCARTESIANPOINT((0.35483461544210393,-0.0034443315829112693,1.8493881084328549));
#5026=IFCCARTESIANPOINT((0.3554285793904588,-0.0064346941830213155,1.8476547182032574));
#5027=IFCCARTESIANPOINT((0.35611792631777733,-0.0086490783692255106,1.8450193070600887));
#5028=IFCCARTESIANPOINT((0.35658556262077451,-0.009845004937251647,1.8417538180595685));
#5029=IFCCARTESIANPOINT((0.35658576614083892,-0.0098454889563036833,1.8382489011415892));
#5030=IFCCARTESIANPOINT((0.35611810254903387,-0.0086495649683468092,1.8349815315225715));
#5031=IFCCARTESIANPOINT((0.35542941704972525,-0.0064378920062128555,1.8323479710849451));
#5032=IFCCARTESIANPOINT((0.3548347171423209,-0.003445074555483086,1.8306121641840358));
#5033=IFCCARTESIANPOINT((0.35460000000000674,-0.,1.8299999999999934));
#5034=IFCCARTESIANPOINT((0.35460000000000674,-0.,1.3999999999999919));
#5035=IFCCARTESIANPOINT((0.35483461544210365,-0.0034443315829096148,1.3993881084328523));
#5036=IFCCARTESIANPOINT((0.35542857939045785,-0.0064346941830177255,1.3976547182032542));
#5037=IFCCARTESIANPOINT((0.3561179263177755,-0.0086490783692204504,1.3950193070600854));
#5038=IFCCARTESIANPOINT((0.35658556262077196,-0.0098450049372454818,1.391753818059567));
#5039=IFCCARTESIANPOINT((0.35658576614083637,-0.00984548895629761,1.3882489011415888));
#5040=IFCCARTESIANPOINT((0.35611810254903198,-0.0086495649683416241,1.3849815315225722));
#5041=IFCCARTESIANPOINT((0.35542941704972419,-0.0064378920062091336,1.382347971084946));
#5042=IFCCARTESIANPOINT((0.35483471714232068,-0.0034450745554812415,1.3806121641840363));
#5043=IFCCARTESIANPOINT((0.35460000000000674,-0.,1.3799999999999921));
#5044=IFCCARTESIANPOINT((0.35460000000000674,-0.,0.38999999999999241));
#5045=IFCCARTESIANPOINT((0.35483461544210315,-0.0034443315829056818,0.38938810843284893));
#5046=IFCCARTESIANPOINT((0.35542857939045575,-0.0064346941830096503,0.3876547182032497));
#5047=IFCCARTESIANPOINT((0.35611792631777134,-0.0086490783692088694,0.38501930706008197));
#5048=IFCCARTESIANPOINT((0.35658556262076618,-0.0098450049372318296,0.38175381805956576));
#5049=IFCCARTESIANPOINT((0.35658576614083065,-0.0098454889562839387,0.37824890114159104));
#5050=IFCCARTESIANPOINT((0.35611810254902782,-0.0086495649683301055,0.37498153152257674));
#5051=IFCCARTESIANPOINT((0.35542941704972214,-0.0064378920062010707,0.37234797108495149));
#5052=IFCCARTESIANPOINT((0.35483471714232012,-0.0034450745554773861,0.37061216418404042));
#5053=IFCCARTESIANPOINT((0.35460000000000674,-0.,0.36999999999999245));
#5054=IFCCARTESIANPOINT((0.35673421937807309,-0.0096370018728270702,1.8899999999999979));
#5055=IFCCARTESIANPOINT((0.3550327420061356,-0.0032870018728271347,1.8899999999999979));
#5056=IFCCARTESIANPOINT((0.35609985169516872,-0.0081055028092280636,1.8899999999999979));
#5057=IFCCARTESIANPOINT((0.35460000000000674,-0.,0.74195200495040925));
#5058=IFCCARTESIANPOINT((0.36172405905494587,-0.017639443941732964,0.38233907866324474));
#5059=IFCCARTESIANPOINT((0.36399158097604978,-0.019720307308822779,1.393105831198822));
#5060=IFCCARTESIANPOINT((0.35658208893661131,-0.0098367393696995719,0.79724179458074995));
#5061=IFCCARTESIANPOINT((0.35879364567201927,-0.013980362517351044,0.38117019463006629));
#5062=IFCCARTESIANPOINT((0.35967958152420587,-0.015239442016330561,1.3915535769390734));
#5063=IFCCARTESIANPOINT((0.35651190437113645,-0.009667955509285852,1.0927503534190108));
#5064=IFCCARTESIANPOINT((0.35646270799974905,-0.0095475591276036956,0.16771433557534954));
#5065=IFCCARTESIANPOINT((0.35646975971216449,-0.0095649250910234806,1.6149985015123178));
#5066=IFCCARTESIANPOINT((0.35646083314171834,-0.0095429357966056675,0.58948624603996991));
#5067=IFCCARTESIANPOINT((0.4054000000000067,-0.,1.1860989792301981));
#5068=IFCCARTESIANPOINT((0.39546254031187666,-0.020151174831875587,0.94500000010550789));
#5069=IFCCARTESIANPOINT((0.37668463471894892,-0.02518269947909536,0.8007932663862154));
#5070=IFCCARTESIANPOINT((0.35460000000000674,-0.,1.0280469531888752));
#5071=IFCCARTESIANPOINT((0.4054000000000067,-0.,0.70390929018651927));
#5072=IFCCARTESIANPOINT((0.38331536529702093,-0.025182699476994665,1.3200939924731123));
#5073=IFCCARTESIANPOINT((0.38972015918331765,-0.023466540125299327,0.50166381667463356));
#5074=IFCCARTESIANPOINT((0.40015117484406482,-0.015462540295985764,0.50166381615432676));
#5075=IFCCARTESIANPOINT((0.40015117484940665,-0.015462540289024116,1.3883361837649277));
#5076=IFCCARTESIANPOINT((0.35460000000000674,-0.,1.5759760174634239));
#5077=IFCCARTESIANPOINT((0.3601466686034463,-0.015843144651840668,0.67666632750837297));
#5078=IFCCARTESIANPOINT((0.37027984081960469,-0.023466540126504225,0.40334474192504544));
#5079=IFCCARTESIANPOINT((0.36173466975949042,-0.017650430907084708,1.0390584007270154));
#5080=IFCCARTESIANPOINT((0.35460000000000674,-0.,0.19402363740743331));
#5081=IFCCARTESIANPOINT((0.4054000000000067,-0.,1.538045354906737));
#5082=IFCCARTESIANPOINT((0.40540000000000681,-0.,0.35195464509325874));
#5083=IFCCARTESIANPOINT((0.37668463472740776,-0.025182699480208987,1.5566884843322366));
#5084=IFCCARTESIANPOINT((0.38972015918954406,-0.023466540122720266,1.5566884843765554));
#5085=IFCCARTESIANPOINT((0.38331536528360582,-0.025182699478760805,0.30576871175989268));
#5086=IFCCARTESIANPOINT((0.3954625402976033,-0.020151174842827899,0.30576871153145685));
#5087=IFCCARTESIANPOINT((0.40346654012796113,-0.0097201591768652194,1.5842312885201311));
#5088=IFCCARTESIANPOINT((0.4034665401260995,-0.0097201591813596278,0.30576871148196444));
#5089=IFCCARTESIANPOINT((0.36019258255813719,-0.015900509874979634,0.18619392188327161));
#5090=IFCCARTESIANPOINT((0.36989856342836624,-0.023304956107881917,1.0943428360768814));
#5091=IFCCARTESIANPOINT((0.40391159213513628,-0.0085671326337139787,1.2289654613847003));
#5092=IFCCARTESIANPOINT((0.40391159213242667,-0.0085671326412766619,0.66103453896475406));
#5093=IFCCARTESIANPOINT((0.36167374056635054,-0.017587160520425596,1.6253935044522367));
#5094=IFCCARTESIANPOINT((0.35514316972901017,-0.005224747733540239,0.70526311539819475));
#5095=IFCCARTESIANPOINT((0.35519712217875338,-0.005475148562756554,0.94037887194885394));
#5096=IFCCARTESIANPOINT((0.38331536528908167,-0.025182699478039888,1.640659410880537));
#5097=IFCCARTESIANPOINT((0.37027984082560678,-0.023466540128990358,1.6406594108498351));
#5098=IFCCARTESIANPOINT((0.39546254030124189,-0.020151174840035965,1.6406594108994401));
#5099=IFCCARTESIANPOINT((0.39450626442561831,-0.020850138906378782,1.3169788481425178));
#5100=IFCCARTESIANPOINT((0.36414528103135013,-0.019844089458222174,0.19714058270684889));
#5101=IFCCARTESIANPOINT((0.37668463471878966,-0.025182699479074387,0.24301720930633425));
#5102=IFCCARTESIANPOINT((0.37859538687169925,-0.02536113289979508,0.52190523783046905));
#5103=IFCCARTESIANPOINT((0.38450511601203297,-0.024997278446251877,0.74021445078175363));
#5104=IFCCARTESIANPOINT((0.38972015918291619,-0.023466540125465597,0.23251964053975949));
#5105=IFCCARTESIANPOINT((0.40015117484385043,-0.015462540296265148,0.23251964026716421));
#5106=IFCCARTESIANPOINT((0.40015117484629548,-0.015462540293078673,1.6574803596852421));
#5107=IFCCARTESIANPOINT((0.37173058949438337,-0.024016178919443024,1.3652855049501977));
#5108=IFCCARTESIANPOINT((0.37701752427007001,-0.025224290644567469,1.1524429289737672));
#5109=IFCCARTESIANPOINT((0.36548269188774185,-0.02084245103567766,0.61244374887994624));
#5110=IFCCARTESIANPOINT((0.35503115919984479,-0.0046601490422949841,1.1620499476409425));
#5111=IFCCARTESIANPOINT((0.3834739108377222,-0.025161318397351029,1.0286281952878971));
#5112=IFCCARTESIANPOINT((0.38915033356649309,-0.023694543583349114,1.1797944996095002));
#5113=IFCCARTESIANPOINT((0.35508801940799262,-0.0049551208848386949,0.18436626062587344));
#5114=IFCCARTESIANPOINT((0.36570001971034954,-0.020992154813560194,0.39477062494228654));
#5115=IFCCARTESIANPOINT((0.38912080716317055,-0.023705924928033882,0.91644839218125018));
#5116=IFCCARTESIANPOINT((0.40070218778535516,-0.014716637554173713,1.0606624471693324));
#5117=IFCCARTESIANPOINT((0.35507375517612522,-0.0048828597133407734,1.591283122086103));
#5118=IFCCARTESIANPOINT((0.4054000000000067,-0.,0.94500413470835887));
#5119=IFCCARTESIANPOINT((0.37115830516984322,-0.023811434911224148,0.6682801288222554));
#5120=IFCCARTESIANPOINT((0.3672129130522333,-0.021946535202422998,0.86176329136594765));
#5121=IFCCARTESIANPOINT((0.39285211498006872,-0.021908517534063671,0.7189443414047576));
#5122=IFCCARTESIANPOINT((0.39789000579313272,-0.018030742988652194,0.72085103574917575));
#5123=IFCCARTESIANPOINT((0.40147188975522768,-0.013569006976942889,0.71568256164611477));
#5124=IFCCARTESIANPOINT((0.40339566031946195,-0.0098895438831713076,0.92044948147956751));
#5125=IFCCARTESIANPOINT((0.39551947422882494,-0.02010735983818027,0.53320902449590069));
#5126=IFCCARTESIANPOINT((0.40492260294370475,-0.0049014143378235302,0.83181787811552899));
#5127=IFCCARTESIANPOINT((0.40493632554087039,-0.0048311146250441372,1.061845531498032));
#5128=IFCCARTESIANPOINT((0.36853047612002643,-0.022662965868740746,0.20527744363017542));
#5129=IFCCARTESIANPOINT((0.37201426047306474,-0.024111987977125725,0.8969047669352378));
#5130=IFCCARTESIANPOINT((0.3657010056262488,-0.020992826391420003,1.5928704613281428));
#5131=IFCCARTESIANPOINT((0.36775825118478916,-0.02225532713635649,1.43125941270783));
#5132=IFCCARTESIANPOINT((0.3632038485567865,-0.019053852542133674,0.79082189025792982));
#5133=IFCCARTESIANPOINT((0.36021723377642617,-0.015931169465672183,0.8698998153275459));
#5134=IFCCARTESIANPOINT((0.35869541196964255,-0.013830203500207921,1.0388248960036723));
#5135=IFCCARTESIANPOINT((0.40497008570028309,-0.0046534739841423995,1.6714721007181355));
#5136=IFCCARTESIANPOINT((0.40483598280185173,-0.0053229651761710055,1.4296931330576699));
#5137=IFCCARTESIANPOINT((0.40497008570012005,-0.0046534739850173836,0.21852789935897854));
#5138=IFCCARTESIANPOINT((0.40483925338755733,-0.0053076822765992784,0.46054511292763634));
#5139=IFCCARTESIANPOINT((0.36525295597657803,-0.020680538981663464,1.1712360059165081));
#5140=IFCCARTESIANPOINT((0.35866659835592296,-0.013785716314102057,1.6887736563527069));
#5141=IFCCARTESIANPOINT((0.38394089198231168,-0.025092416591174983,0.52285377888011131));
#5142=IFCCARTESIANPOINT((0.37824837137082773,-0.025339530326087767,1.3565023843366399));
#5143=IFCCARTESIANPOINT((0.39341315528430881,-0.021569591218200915,1.1209272920820643));
#5144=IFCCARTESIANPOINT((0.39759805905392093,-0.018315794209803622,1.1672909003054581));
#5145=IFCCARTESIANPOINT((0.39049115039655041,-0.023132137025321953,1.3651362034338494));
#5146=IFCCARTESIANPOINT((0.38882113637429605,-0.023819058610016364,0.73418518856954817));
#5147=IFCCARTESIANPOINT((0.35483471714232129,0.0034450745554352553,0.37061216418403259));
#5148=IFCCARTESIANPOINT((0.35542941704972664,0.0064378920061678724,0.372347971084941));
#5149=IFCCARTESIANPOINT((0.35611810254903675,0.0086495649683042807,0.37498153152256802));
#5150=IFCCARTESIANPOINT((0.35658576614084292,0.0098454889562625859,0.37824890114158755));
#5151=IFCCARTESIANPOINT((0.35658556262077845,0.009845004937210541,0.38175381805956887));
#5152=IFCCARTESIANPOINT((0.35611792631778033,0.0086490783691830758,0.38501930706009063));
#5153=IFCCARTESIANPOINT((0.35542857939046035,0.0064346941829765865,0.38765471820326003));
#5154=IFCCARTESIANPOINT((0.35483461544210426,0.0034443315828635618,0.38938810843285687));
#5155=IFCCARTESIANPOINT((0.35483471714232073,0.0034450745554314103,1.3806121641840359));
#5156=IFCCARTESIANPOINT((0.35542941704972453,0.0064378920061598866,1.3823479710849453));
#5157=IFCCARTESIANPOINT((0.35611810254903264,0.0086495649682928055,1.3849815315225718));
#5158=IFCCARTESIANPOINT((0.35658576614083715,0.0098454889562489233,1.3882489011415888));
#5159=IFCCARTESIANPOINT((0.35658556262077268,0.0098450049371968055,1.391753818059567));
#5160=IFCCARTESIANPOINT((0.35611792631777606,0.0086490783691713993,1.395019307060086));
#5161=IFCCARTESIANPOINT((0.35542857939045819,0.0064346941829684897,1.3976547182032546));
#5162=IFCCARTESIANPOINT((0.35483461544210376,0.0034443315828595607,1.3993881084328526));
#5163=IFCCARTESIANPOINT((0.35483471714232045,0.0034450745554295667,1.8306121641840387));
#5164=IFCCARTESIANPOINT((0.35542941704972358,0.0064378920061562307,1.8323479710849488));
#5165=IFCCARTESIANPOINT((0.35611810254903076,0.0086495649682875458,1.834981531522575));
#5166=IFCCARTESIANPOINT((0.35658576614083459,0.0098454889562427893,1.8382489011415908));
#5167=IFCCARTESIANPOINT((0.35658556262077012,0.0098450049371906715,1.8417538180595678));
#5168=IFCCARTESIANPOINT((0.35611792631777417,0.0086490783691662021,1.8450193070600855));
#5169=IFCCARTESIANPOINT((0.35542857939045724,0.0064346941829647253,1.8476547182032534));
#5170=IFCCARTESIANPOINT((0.35483461544210354,0.0034443315828578958,1.8493881084328523));
#5171=IFCCARTESIANPOINT((0.3550327420061356,0.0032870018727768034,1.8899999999999979));
#5172=IFCCARTESIANPOINT((0.35673421937807326,0.0096370018727768049,1.8899999999999979));
#5173=IFCCARTESIANPOINT((0.35609985169516889,0.0081055028091778121,1.8899999999999981));
#5174=IFCCARTESIANPOINT((0.36172405904914845,0.017639443935675785,0.3823390788367319));
#5175=IFCCARTESIANPOINT((0.3639915809402246,0.019720307279690312,1.3931058331125683));
#5176=IFCCARTESIANPOINT((0.35879364566972782,0.013980362513824706,0.38117019471498159));
#5177=IFCCARTESIANPOINT((0.35967958151000445,0.015239441997343674,1.3915535778823633));
#5178=IFCCARTESIANPOINT((0.35660650091639162,0.0098946551543951516,0.93227810776298015));
#5179=IFCCARTESIANPOINT((0.35649986685177859,0.0096386587248985106,0.6570566936853669));
#5180=IFCCARTESIANPOINT((0.35647002956928459,0.0095655889274449141,1.6150019510787028));
#5181=IFCCARTESIANPOINT((0.3564627079992716,0.00954755912637603,0.16771433551821047));
#5182=IFCCARTESIANPOINT((0.35647279831976847,0.0095723968313536148,1.1602008338715752));
#5183=IFCCARTESIANPOINT((0.39546254026840089,0.020151174865185147,0.94500000286282604));
#5184=IFCCARTESIANPOINT((0.37668463470798236,0.025182699477601024,0.80079326885626112));
#5185=IFCCARTESIANPOINT((0.38331536522158044,0.025182699486876021,1.3200939953007198));
#5186=IFCCARTESIANPOINT((0.38972015915855862,0.023466540135504289,0.50166381730993548));
#5187=IFCCARTESIANPOINT((0.4001511747928404,0.015462540362692177,0.50166382047784475));
#5188=IFCCARTESIANPOINT((0.40015117481591145,0.015462540332625372,1.3883361868098989));
#5189=IFCCARTESIANPOINT((0.37027984081038889,0.023466540122636336,0.40334474286888111));
#5190=IFCCARTESIANPOINT((0.36173646239658824,0.01765228580687574,1.0218390354439464));
#5191=IFCCARTESIANPOINT((0.36014819998547892,0.015845063464132697,0.66027879115561272));
#5192=IFCCARTESIANPOINT((0.37668463468543861,0.025182699474633082,1.5566884857095487));
#5193=IFCCARTESIANPOINT((0.38972015914817687,0.023466540139804544,1.5566884859012986));
#5194=IFCCARTESIANPOINT((0.38331536526885213,0.02518269948065259,0.30576871200119143));
#5195=IFCCARTESIANPOINT((0.39546254026853261,0.020151174865084109,0.30576871240304326));
#5196=IFCCARTESIANPOINT((0.40346654006451366,0.00972015932999056,0.30576871576909936));
#5197=IFCCARTESIANPOINT((0.4034665401201572,0.0097201591956550207,1.5842312903368194));
#5198=IFCCARTESIANPOINT((0.40415361376145253,0.0078589402760486857,0.70325974665234492));
#5199=IFCCARTESIANPOINT((0.40415361375549935,0.0078589402943450137,1.1867402659775825));
#5200=IFCCARTESIANPOINT((0.36019258255479708,0.015900509870768267,0.1861939219072766));
#5201=IFCCARTESIANPOINT((0.37448584266671325,0.024794234589969325,1.1787408770157173));
#5202=IFCCARTESIANPOINT((0.36167374054305773,0.017587160496103343,1.6253935052666424));
#5203=IFCCARTESIANPOINT((0.37027984079779264,0.023466540117418819,1.6406594114004056));
#5204=IFCCARTESIANPOINT((0.38331536525629373,0.025182699482305934,1.6406594116304356));
#5205=IFCCARTESIANPOINT((0.39546254027634581,0.020151174859088791,1.6406594118753723));
#5206=IFCCARTESIANPOINT((0.3945062643576876,0.020850138953590277,1.3169788494555041));
#5207=IFCCARTESIANPOINT((0.36414528102072213,0.019844089449680219,0.197140582857707));
#5208=IFCCARTESIANPOINT((0.36548602786030271,0.020844774230651716,0.60909062277022463));
#5209=IFCCARTESIANPOINT((0.37668463470944646,0.025182699477793769,0.24301720976005928));
#5210=IFCCARTESIANPOINT((0.37859538686933064,0.025361132899613337,0.52190523949726875));
#5211=IFCCARTESIANPOINT((0.38450511602787463,0.02499727844334626,0.74021445456628809));
#5212=IFCCARTESIANPOINT((0.38972015916592639,0.02346654013245247,0.23251964067053496));
#5213=IFCCARTESIANPOINT((0.40015117480689433,0.015462540344376679,0.23251964216982013));
#5214=IFCCARTESIANPOINT((0.40015117483159407,0.015462540312187427,1.6574803611827353));
#5215=IFCCARTESIANPOINT((0.35516977755844586,0.0053497713504724502,1.0345383987138252));
#5216=IFCCARTESIANPOINT((0.35518446357861388,0.005417485774623588,0.8036045240217321));
#5217=IFCCARTESIANPOINT((0.3817711532411191,0.025338173102953103,1.0227183634494479));
#5218=IFCCARTESIANPOINT((0.38914060577920245,0.02369829795551014,1.1123978467911193));
#5219=IFCCARTESIANPOINT((0.35856159897119888,0.013621856016245404,1.0574036973556191));
#5220=IFCCARTESIANPOINT((0.35883389858868792,0.014041230396409593,0.84893415185420296));
#5221=IFCCARTESIANPOINT((0.36182355673403044,0.017741953392956689,0.82636122049833149));
#5222=IFCCARTESIANPOINT((0.36844116540545058,0.022617545021830904,0.93294130276035792));
#5223=IFCCARTESIANPOINT((0.35508801940796397,0.0049551208846435974,0.18436626065982789));
#5224=IFCCARTESIANPOINT((0.36570001970285421,0.020992154808403749,0.39477062535394919));
#5225=IFCCARTESIANPOINT((0.36047325456793194,0.016243959271991716,1.2023325356752954));
#5226=IFCCARTESIANPOINT((0.36410585232626513,0.019812523052965568,1.1844786244710552));
#5227=IFCCARTESIANPOINT((0.36904044279844622,0.022913928208505956,1.2957110850910454));
#5228=IFCCARTESIANPOINT((0.35460000000000674,-0.,0.56597605175251875));
#5229=IFCCARTESIANPOINT((0.35507381984515035,0.0048831898270902084,1.5912940609683977));
#5230=IFCCARTESIANPOINT((0.35509490717954217,0.0049896243950612691,0.59724924959023096));
#5231=IFCCARTESIANPOINT((0.37114885105858542,0.023807922261624859,0.66856058464849943));
#5232=IFCCARTESIANPOINT((0.39546254025199262,0.020151174877775666,0.59129833200967241));
#5233=IFCCARTESIANPOINT((0.39111258097162499,0.022840108234158461,0.76814916652613741));
#5234=IFCCARTESIANPOINT((0.39918570275669252,0.016645384036761007,0.76814916894944274));
#5235=IFCCARTESIANPOINT((0.40040158788397134,0.015130605137009652,1.0734163508756684));
#5236=IFCCARTESIANPOINT((0.36853047610739048,0.022662965862295232,0.20527744416763));
#5237=IFCCARTESIANPOINT((0.36570100559422974,0.02099282636956008,1.5928704632456672));
#5238=IFCCARTESIANPOINT((0.37347750177213351,0.024548258937573342,1.3888791023409557));
#5239=IFCCARTESIANPOINT((0.37821791699953922,0.025337406737433951,1.3190610665660092));
#5240=IFCCARTESIANPOINT((0.40199238795059711,0.012708063276128431,0.6737563368327566));
#5241=IFCCARTESIANPOINT((0.40288343889508771,0.011023076899601929,0.91406088667741359));
#5242=IFCCARTESIANPOINT((0.40343166702507532,0.009803926786028953,0.51350059172396345));
#5243=IFCCARTESIANPOINT((0.4054000000000067,-0.,0.64847636359607164));
#5244=IFCCARTESIANPOINT((0.40498368953152392,0.0045798752594942106,0.52799373732438781));
#5245=IFCCARTESIANPOINT((0.4047675226181196,0.0056329231630640689,0.91670010623532672));
#5246=IFCCARTESIANPOINT((0.40497008567529436,0.0046534741181790754,0.21852789915597298));
#5247=IFCCARTESIANPOINT((0.40497008570028004,0.0046534739841083295,1.6714721018744603));
#5248=IFCCARTESIANPOINT((0.40540000000000664,-0.,1.2415236364039237));
#5249=IFCCARTESIANPOINT((0.40483749509418149,0.0053159041984010081,1.4289647474597273));
#5250=IFCCARTESIANPOINT((0.40332315090757437,0.010059355433740173,1.3741965725304321));
#5251=IFCCARTESIANPOINT((0.35870543557333051,0.013845632014373161,1.579494739128567));
#5252=IFCCARTESIANPOINT((0.38456475526769501,0.024986456518379094,0.5199384445935753));
#5253=IFCCARTESIANPOINT((0.37685654027927279,0.025204734892135816,1.0024385806333731));
#5254=IFCCARTESIANPOINT((0.38865440568530857,0.023880143681163393,1.3364840273510574));
#5255=IFCCARTESIANPOINT((0.39353524176914106,0.021493190322750929,1.1216895841763055));
#5256=IFCCARTESIANPOINT((0.39744088285160023,0.018465524778788659,1.1760433630541831));
#5257=IFCCARTESIANPOINT((0.38642911954969578,0.024572879803038211,0.93577714588515215));
#5258=IFCCARTESIANPOINT((0.37025148555165432,0.023454774909367124,1.1092390649575921));
#5259=IFCCARTESIANPOINT((0.30500000000022792,-0.,1.8299999999999943));
#5260=IFCCARTESIANPOINT((0.30500000000022792,-0.0025881904510555052,1.8303407417371034));
#5261=IFCCARTESIANPOINT((0.30500000000022798,-0.0050000000000303291,1.8313397459621499));
#5262=IFCCARTESIANPOINT((0.30500000000022798,-0.0070710678118958217,1.8329289321881286));
#5263=IFCCARTESIANPOINT((0.30500000000022803,-0.0086602540378747945,1.8349999999999942));
#5264=IFCCARTESIANPOINT((0.30500000000022803,-0.009659258262921161,1.8374118095489689));
#5265=IFCCARTESIANPOINT((0.30500000000022814,-0.010000000000030556,1.8399999999999941));
#5266=IFCCARTESIANPOINT((0.3050000000002282,-0.0096592582629212703,1.8425881904510195));
#5267=IFCCARTESIANPOINT((0.3050000000002282,-0.0086602540378750235,1.8449999999999942));
#5268=IFCCARTESIANPOINT((0.30500000000022826,-0.0070710678118961791,1.8470710678118596));
#5269=IFCCARTESIANPOINT((0.30500000000022826,-0.0050000000000308027,1.8486602540378385));
#5270=IFCCARTESIANPOINT((0.30500000000022831,-0.0025881904510560343,1.8496592582628848));
#5271=IFCCARTESIANPOINT((0.30500000000022831,-0.,1.8499999999999941));
#5272=IFCCARTESIANPOINT((0.30500000000022831,0.0025881904509944269,1.8496592582628852));
#5273=IFCCARTESIANPOINT((0.30500000000022826,0.0049999999999692409,1.8486602540378387));
#5274=IFCCARTESIANPOINT((0.30500000000022826,0.0070710678118347265,1.84707106781186));
#5275=IFCCARTESIANPOINT((0.3050000000002282,0.0086602540378136854,1.8449999999999944));
#5276=IFCCARTESIANPOINT((0.3050000000002282,0.0096592582628600536,1.8425881904510197));
#5277=IFCCARTESIANPOINT((0.30500000000022814,0.0099999999999694448,1.8399999999999945));
#5278=IFCCARTESIANPOINT((0.30500000000022803,0.0096592582628601611,1.8374118095489691));
#5279=IFCCARTESIANPOINT((0.30500000000022803,0.0086602540378139057,1.8349999999999944));
#5280=IFCCARTESIANPOINT((0.30500000000022798,0.0070710678118350526,1.8329289321881288));
#5281=IFCCARTESIANPOINT((0.30500000000022798,0.0049999999999696702,1.8313397459621501));
#5282=IFCCARTESIANPOINT((0.30500000000022792,0.0025881904509948896,1.8303407417371038));
#5283=IFCCARTESIANPOINT((0.3050000000001305,-0.,1.3799999999999932));
#5284=IFCCARTESIANPOINT((0.3050000000001305,-0.0025881904510492828,1.3803407417371023));
#5285=IFCCARTESIANPOINT((0.3050000000001305,-0.0050000000000241067,1.3813397459621486));
#5286=IFCCARTESIANPOINT((0.30500000000013061,-0.0070710678118896001,1.3829289321881275));
#5287=IFCCARTESIANPOINT((0.30500000000013061,-0.008660254037868572,1.3849999999999929));
#5288=IFCCARTESIANPOINT((0.30500000000013067,-0.0096592582629149385,1.3874118095489678));
#5289=IFCCARTESIANPOINT((0.30500000000013072,-0.010000000000024333,1.389999999999993));
#5290=IFCCARTESIANPOINT((0.30500000000013078,-0.0096592582629150495,1.3925881904510184));
#5291=IFCCARTESIANPOINT((0.30500000000013089,-0.008660254037868801,1.3949999999999931));
#5292=IFCCARTESIANPOINT((0.30500000000013089,-0.0070710678118899575,1.3970710678118585));
#5293=IFCCARTESIANPOINT((0.30500000000013094,-0.0050000000000245803,1.3986602540378374));
#5294=IFCCARTESIANPOINT((0.30500000000013094,-0.0025881904510498114,1.3996592582628837));
#5295=IFCCARTESIANPOINT((0.30500000000013094,-0.,1.399999999999993));
#5296=IFCCARTESIANPOINT((0.30500000000013094,0.0025881904510006498,1.399659258262884));
#5297=IFCCARTESIANPOINT((0.30500000000013094,0.0049999999999754633,1.3986602540378377));
#5298=IFCCARTESIANPOINT((0.30500000000013089,0.007071067811840949,1.3970710678118587));
#5299=IFCCARTESIANPOINT((0.30500000000013089,0.0086602540378199061,1.3949999999999934));
#5300=IFCCARTESIANPOINT((0.30500000000013078,0.009659258262866276,1.3925881904510187));
#5301=IFCCARTESIANPOINT((0.30500000000013072,0.0099999999999756672,1.3899999999999935));
#5302=IFCCARTESIANPOINT((0.30500000000013067,0.0096592582628663836,1.387411809548968));
#5303=IFCCARTESIANPOINT((0.30500000000013061,0.0086602540378201281,1.3849999999999931));
#5304=IFCCARTESIANPOINT((0.30500000000013061,0.0070710678118412751,1.3829289321881277));
#5305=IFCCARTESIANPOINT((0.3050000000001305,0.0049999999999758927,1.381339745962149));
#5306=IFCCARTESIANPOINT((0.3050000000001305,0.0025881904510011125,1.3803407417371025));
#5307=IFCCARTESIANPOINT((0.30499999999988087,-0.,0.36999999999999361));
#5308=IFCCARTESIANPOINT((0.30499999999988087,-0.0025881904510353503,0.37034074173710285));
#5309=IFCCARTESIANPOINT((0.30499999999988087,-0.0050000000000101682,0.37133974596214908));
#5310=IFCCARTESIANPOINT((0.30499999999988092,-0.0070710678118756686,0.37292893218812795));
#5311=IFCCARTESIANPOINT((0.30499999999988092,-0.0086602540378546318,0.37499999999999339));
#5312=IFCCARTESIANPOINT((0.30499999999988098,-0.0096592582629009931,0.37741180954896819));
#5313=IFCCARTESIANPOINT((0.30499999999988103,-0.010000000000010369,0.37999999999999334));
#5314=IFCCARTESIANPOINT((0.30499999999988114,-0.0096592582629011145,0.38258819045101855));
#5315=IFCCARTESIANPOINT((0.3049999999998812,-0.008660254037854892,0.38499999999999335));
#5316=IFCCARTESIANPOINT((0.3049999999998812,-0.0070710678118760233,0.3870710678118589));
#5317=IFCCARTESIANPOINT((0.30499999999988125,-0.0050000000000105837,0.38866025403783788));
#5318=IFCCARTESIANPOINT((0.30499999999988125,-0.0025881904510358278,0.38965925826288422));
#5319=IFCCARTESIANPOINT((0.30499999999988125,-0.,0.38999999999999363));
#5320=IFCCARTESIANPOINT((0.30499999999988125,0.0025881904510147106,0.38965925826288433));
#5321=IFCCARTESIANPOINT((0.30499999999988125,0.0049999999999895128,0.38866025403783805));
#5322=IFCCARTESIANPOINT((0.3049999999998812,0.0070710678118549915,0.38707106781185924));
#5323=IFCCARTESIANPOINT((0.3049999999998812,0.0086602540378339383,0.38499999999999374));
#5324=IFCCARTESIANPOINT((0.30499999999988114,0.0096592582628802735,0.38258819045101899));
#5325=IFCCARTESIANPOINT((0.30499999999988103,0.0099999999999896335,0.37999999999999373));
#5326=IFCCARTESIANPOINT((0.30499999999988098,0.0096592582628803637,0.37741180954896858));
#5327=IFCCARTESIANPOINT((0.30499999999988092,0.0086602540378340927,0.37499999999999373));
#5328=IFCCARTESIANPOINT((0.30499999999988092,0.0070710678118552344,0.37292893218812828));
#5329=IFCCARTESIANPOINT((0.30499999999988087,0.0049999999999897722,0.3713397459621493));
#5330=IFCCARTESIANPOINT((0.30499999999988087,0.0025881904510150033,0.37034074173710296));
#5331=IFCPOLYLOOP((#4984,#4985,#4986,#4987,#4988,#4989,#4990,#4991,#4992,#4993,#4994,#4995,#4996,#4997,#4998,#5172,#5173,#4999,#5171,#4976,#5055,#4977,#5056,#5054,#4978,#4979,#4980,#4981,#4982,#4983));
#5332=IFCFACEOUTERBOUND(#5331,.T.);
#5333=IFCFACE((#5332));
#5334=IFCPOLYLOOP((#5009,#5010,#5011,#5012,#5013,#5014,#5015,#5016,#5017,#5018,#5019,#5020,#5021,#5022,#5023,#5000,#5001,#5002,#5003,#5004,#5005,#5006,#5007,#5008));
#5335=IFCFACEOUTERBOUND(#5334,.T.);
#5336=IFCFACE((#5335));
#5337=IFCPOLYLOOP((#5023,#5064,#5113));
#5338=IFCFACEOUTERBOUND(#5337,.T.);
#5339=IFCFACE((#5338));
#5340=IFCPOLYLOOP((#5087,#5075,#5091));
#5341=IFCFACEOUTERBOUND(#5340,.T.);
#5342=IFCFACE((#5341));
#5343=IFCPOLYLOOP((#5113,#5000,#5023));
#5344=IFCFACEOUTERBOUND(#5343,.T.);
#5345=IFCFACE((#5344));
#5346=IFCPOLYLOOP((#5062,#5065,#5038));
#5347=IFCFACEOUTERBOUND(#5346,.T.);
#5348=IFCFACE((#5347));
#5349=IFCPOLYLOOP((#5017,#5104,#5085));
#5350=IFCFACEOUTERBOUND(#5349,.T.);
#5351=IFCFACE((#5350));
#5352=IFCPOLYLOOP((#5046,#5047,#5066));
#5353=IFCFACEOUTERBOUND(#5352,.T.);
#5354=IFCFACE((#5353));
#5355=IFCPOLYLOOP((#5045,#5057,#5228,#5044));
#5356=IFCFACEOUTERBOUND(#5355,.T.);
#5357=IFCFACE((#5356));
#5358=IFCPOLYLOOP((#5035,#5076,#5034));
#5359=IFCFACEOUTERBOUND(#5358,.T.);
#5360=IFCFACE((#5359));
#5361=IFCPOLYLOOP((#5048,#5066,#5047));
#5362=IFCFACEOUTERBOUND(#5361,.T.);
#5363=IFCFACE((#5362));
#5364=IFCPOLYLOOP((#5066,#5060,#5094));
#5365=IFCFACEOUTERBOUND(#5364,.T.);
#5366=IFCFACE((#5365));
#5367=IFCPOLYLOOP((#5029,#5030,#5065));
#5368=IFCFACEOUTERBOUND(#5367,.T.);
#5369=IFCFACE((#5368));
#5370=IFCPOLYLOOP((#5132,#5133,#5077));
#5371=IFCFACEOUTERBOUND(#5370,.T.);
#5372=IFCFACE((#5371));
#5373=IFCPOLYLOOP((#5015,#5014,#5105));
#5374=IFCFACEOUTERBOUND(#5373,.T.);
#5375=IFCFACE((#5374));
#5376=IFCPOLYLOOP((#5052,#5113,#5051));
#5377=IFCFACEOUTERBOUND(#5376,.T.);
#5378=IFCFACE((#5377));
#5379=IFCPOLYLOOP((#5106,#5087,#4986));
#5380=IFCFACEOUTERBOUND(#5379,.T.);
#5381=IFCFACE((#5380));
#5382=IFCPOLYLOOP((#5064,#5050,#5051));
#5383=IFCFACEOUTERBOUND(#5382,.T.);
#5384=IFCFACE((#5383));
#5385=IFCPOLYLOOP((#5060,#5133,#5134));
#5386=IFCFACEOUTERBOUND(#5385,.T.);
#5387=IFCFACE((#5386));
#5388=IFCPOLYLOOP((#5095,#5110,#5070));
#5389=IFCFACEOUTERBOUND(#5388,.T.);
#5390=IFCFACE((#5389));
#5391=IFCPOLYLOOP((#5045,#5046,#5094));
#5392=IFCFACEOUTERBOUND(#5391,.T.);
#5393=IFCFACE((#5392));
#5394=IFCPOLYLOOP((#5043,#5070,#5110));
#5395=IFCFACEOUTERBOUND(#5394,.T.);
#5396=IFCFACE((#5395));
#5397=IFCPOLYLOOP((#5048,#5049,#5061));
#5398=IFCFACEOUTERBOUND(#5397,.T.);
#5399=IFCFACE((#5398));
#5400=IFCPOLYLOOP((#5040,#5063,#5039));
#5401=IFCFACEOUTERBOUND(#5400,.T.);
#5402=IFCFACE((#5401));
#5403=IFCPOLYLOOP((#5062,#5059,#5093));
#5404=IFCFACEOUTERBOUND(#5403,.T.);
#5405=IFCFACE((#5404));
#5406=IFCPOLYLOOP((#5083,#4981,#5097));
#5407=IFCFACEOUTERBOUND(#5406,.T.);
#5408=IFCFACE((#5407));
#5409=IFCPOLYLOOP((#5062,#5039,#5063));
#5410=IFCFACEOUTERBOUND(#5409,.T.);
#5411=IFCFACE((#5410));
#5412=IFCPOLYLOOP((#5104,#5086,#5073));
#5413=IFCFACEOUTERBOUND(#5412,.T.);
#5414=IFCFACE((#5413));
#5415=IFCPOLYLOOP((#5114,#5100,#5128));
#5416=IFCFACEOUTERBOUND(#5415,.T.);
#5417=IFCFACE((#5416));
#5418=IFCPOLYLOOP((#5076,#5035,#5117));
#5419=IFCFACEOUTERBOUND(#5418,.T.);
#5420=IFCFACE((#5419));
#5421=IFCPOLYLOOP((#5092,#5074,#5088));
#5422=IFCFACEOUTERBOUND(#5421,.T.);
#5423=IFCFACE((#5422));
#5424=IFCPOLYLOOP((#5060,#5095,#5094));
#5425=IFCFACEOUTERBOUND(#5424,.T.);
#5426=IFCFACE((#5425));
#5427=IFCPOLYLOOP((#5072,#5108,#5111));
#5428=IFCFACEOUTERBOUND(#5427,.T.);
#5429=IFCFACE((#5428));
#5430=IFCPOLYLOOP((#5024,#5025,#5055));
#5431=IFCFACEOUTERBOUND(#5430,.T.);
#5432=IFCFACE((#5431));
#5433=IFCPOLYLOOP((#5064,#5022,#5089));
#5434=IFCFACEOUTERBOUND(#5433,.T.);
#5435=IFCFACE((#5434));
#5436=IFCPOLYLOOP((#5135,#5087,#5136));
#5437=IFCFACEOUTERBOUND(#5436,.T.);
#5438=IFCFACE((#5437));
#5439=IFCPOLYLOOP((#5061,#5066,#5048));
#5440=IFCFACEOUTERBOUND(#5439,.T.);
#5441=IFCFACE((#5440));
#5442=IFCPOLYLOOP((#5024,#5055,#4976));
#5443=IFCFACEOUTERBOUND(#5442,.T.);
#5444=IFCFACE((#5443));
#5445=IFCPOLYLOOP((#5032,#5076,#5117));
#5446=IFCFACEOUTERBOUND(#5445,.T.);
#5447=IFCFACE((#5446));
#5448=IFCPOLYLOOP((#5074,#5105,#5088));
#5449=IFCFACEOUTERBOUND(#5448,.T.);
#5450=IFCFACE((#5449));
#5451=IFCPOLYLOOP((#5087,#5106,#5075));
#5452=IFCFACEOUTERBOUND(#5451,.T.);
#5453=IFCFACE((#5452));
#5454=IFCPOLYLOOP((#5037,#5065,#5036));
#5455=IFCFACEOUTERBOUND(#5454,.T.);
#5456=IFCFACE((#5455));
#5457=IFCPOLYLOOP((#5023,#5022,#5064));
#5458=IFCFACEOUTERBOUND(#5457,.T.);
#5459=IFCFACE((#5458));
#5460=IFCPOLYLOOP((#5100,#5114,#5058));
#5461=IFCFACEOUTERBOUND(#5460,.T.);
#5462=IFCFACE((#5461));
#5463=IFCPOLYLOOP((#5110,#5040,#5041));
#5464=IFCFACEOUTERBOUND(#5463,.T.);
#5465=IFCFACE((#5464));
#5466=IFCPOLYLOOP((#5026,#4977,#5025));
#5467=IFCFACEOUTERBOUND(#5466,.T.);
#5468=IFCFACE((#5467));
#5469=IFCPOLYLOOP((#5026,#5027,#5056));
#5470=IFCFACEOUTERBOUND(#5469,.T.);
#5471=IFCFACE((#5470));
#5472=IFCPOLYLOOP((#5060,#5066,#5077));
#5473=IFCFACEOUTERBOUND(#5472,.T.);
#5474=IFCFACE((#5473));
#5475=IFCPOLYLOOP((#5061,#5058,#5077));
#5476=IFCFACEOUTERBOUND(#5475,.T.);
#5477=IFCFACE((#5476));
#5478=IFCPOLYLOOP((#5061,#5077,#5066));
#5479=IFCFACEOUTERBOUND(#5478,.T.);
#5480=IFCFACE((#5479));
#5481=IFCPOLYLOOP((#5027,#5028,#5054));
#5482=IFCFACEOUTERBOUND(#5481,.T.);
#5483=IFCFACE((#5482));
#5484=IFCPOLYLOOP((#5037,#5038,#5065));
#5485=IFCFACEOUTERBOUND(#5484,.T.);
#5486=IFCFACE((#5485));
#5487=IFCPOLYLOOP((#5117,#5031,#5032));
#5488=IFCFACEOUTERBOUND(#5487,.T.);
#5489=IFCFACE((#5488));
#5490=IFCPOLYLOOP((#5061,#5049,#5064));
#5491=IFCFACEOUTERBOUND(#5490,.T.);
#5492=IFCFACE((#5491));
#5493=IFCPOLYLOOP((#5075,#5098,#5099));
#5494=IFCFACEOUTERBOUND(#5493,.T.);
#5495=IFCFACE((#5494));
#5496=IFCPOLYLOOP((#5018,#5017,#5085));
#5497=IFCFACEOUTERBOUND(#5496,.T.);
#5498=IFCFACE((#5497));
#5499=IFCPOLYLOOP((#4982,#5083,#5096));
#5500=IFCFACEOUTERBOUND(#5499,.T.);
#5501=IFCFACE((#5500));
#5502=IFCPOLYLOOP((#5100,#5058,#5089));
#5503=IFCFACEOUTERBOUND(#5502,.T.);
#5504=IFCFACE((#5503));
#5505=IFCPOLYLOOP((#5102,#5085,#5141));
#5506=IFCFACEOUTERBOUND(#5505,.T.);
#5507=IFCFACE((#5506));
#5508=IFCPOLYLOOP((#4984,#5098,#4985));
#5509=IFCFACEOUTERBOUND(#5508,.T.);
#5510=IFCFACE((#5509));
#5511=IFCPOLYLOOP((#5046,#5066,#5094));
#5512=IFCFACEOUTERBOUND(#5511,.T.);
#5513=IFCFACE((#5512));
#5514=IFCPOLYLOOP((#5058,#5061,#5089));
#5515=IFCFACEOUTERBOUND(#5514,.T.);
#5516=IFCFACE((#5515));
#5517=IFCPOLYLOOP((#5028,#4978,#5054));
#5518=IFCFACEOUTERBOUND(#5517,.T.);
#5519=IFCFACE((#5518));
#5520=IFCPOLYLOOP((#5110,#5041,#5042));
#5521=IFCFACEOUTERBOUND(#5520,.T.);
#5522=IFCFACE((#5521));
#5523=IFCPOLYLOOP((#5021,#5100,#5089));
#5524=IFCFACEOUTERBOUND(#5523,.T.);
#5525=IFCFACE((#5524));
#5526=IFCPOLYLOOP((#5050,#5064,#5049));
#5527=IFCFACEOUTERBOUND(#5526,.T.);
#5528=IFCFACE((#5527));
#5529=IFCPOLYLOOP((#5025,#4977,#5055));
#5530=IFCFACEOUTERBOUND(#5529,.T.);
#5531=IFCFACE((#5530));
#5532=IFCPOLYLOOP((#5019,#5101,#5128));
#5533=IFCFACEOUTERBOUND(#5532,.T.);
#5534=IFCFACE((#5533));
#5535=IFCPOLYLOOP((#5018,#5101,#5019));
#5536=IFCFACEOUTERBOUND(#5535,.T.);
#5537=IFCFACE((#5536));
#5538=IFCPOLYLOOP((#5138,#5088,#5137));
#5539=IFCFACEOUTERBOUND(#5538,.T.);
#5540=IFCFACE((#5539));
#5541=IFCPOLYLOOP((#5113,#5064,#5051));
#5542=IFCFACEOUTERBOUND(#5541,.T.);
#5543=IFCFACE((#5542));
#5544=IFCPOLYLOOP((#5058,#5109,#5077));
#5545=IFCFACEOUTERBOUND(#5544,.T.);
#5546=IFCFACE((#5545));
#5547=IFCPOLYLOOP((#5121,#5068,#5115));
#5548=IFCFACEOUTERBOUND(#5547,.T.);
#5549=IFCFACE((#5548));
#5550=IFCPOLYLOOP((#5104,#5017,#5016));
#5551=IFCFACEOUTERBOUND(#5550,.T.);
#5552=IFCFACE((#5551));
#5553=IFCPOLYLOOP((#5097,#5107,#5083));
#5554=IFCFACEOUTERBOUND(#5553,.T.);
#5555=IFCFACE((#5554));
#5556=IFCPOLYLOOP((#5096,#4983,#4982));
#5557=IFCFACEOUTERBOUND(#5556,.T.);
#5558=IFCFACE((#5557));
#5559=IFCPOLYLOOP((#4988,#4987,#5135));
#5560=IFCFACEOUTERBOUND(#5559,.T.);
#5561=IFCFACE((#5560));
#5562=IFCPOLYLOOP((#5097,#4981,#4980));
#5563=IFCFACEOUTERBOUND(#5562,.T.);
#5564=IFCFACE((#5563));
#5565=IFCPOLYLOOP((#5015,#5086,#5016));
#5566=IFCFACEOUTERBOUND(#5565,.T.);
#5567=IFCFACE((#5566));
#5568=IFCPOLYLOOP((#5015,#5105,#5086));
#5569=IFCFACEOUTERBOUND(#5568,.T.);
#5570=IFCFACE((#5569));
#5571=IFCPOLYLOOP((#5052,#5053,#5080));
#5572=IFCFACEOUTERBOUND(#5571,.T.);
#5573=IFCFACE((#5572));
#5574=IFCPOLYLOOP((#5033,#5076,#5032));
#5575=IFCFACEOUTERBOUND(#5574,.T.);
#5576=IFCFACE((#5575));
#5577=IFCPOLYLOOP((#5072,#5111,#5112));
#5578=IFCFACEOUTERBOUND(#5577,.T.);
#5579=IFCFACE((#5578));
#5580=IFCPOLYLOOP((#5087,#4987,#4986));
#5581=IFCFACEOUTERBOUND(#5580,.T.);
#5582=IFCFACE((#5581));
#5583=IFCPOLYLOOP((#5027,#5054,#5056));
#5584=IFCFACEOUTERBOUND(#5583,.T.);
#5585=IFCFACE((#5584));
#5586=IFCPOLYLOOP((#5062,#5093,#5140));
#5587=IFCFACEOUTERBOUND(#5586,.T.);
#5588=IFCFACE((#5587));
#5589=IFCPOLYLOOP((#5028,#5029,#4978));
#5590=IFCFACEOUTERBOUND(#5589,.T.);
#5591=IFCFACE((#5590));
#5592=IFCPOLYLOOP((#5031,#5065,#5030));
#5593=IFCFACEOUTERBOUND(#5592,.T.);
#5594=IFCFACE((#5593));
#5595=IFCPOLYLOOP((#5101,#5102,#5078));
#5596=IFCFACEOUTERBOUND(#5595,.T.);
#5597=IFCFACE((#5596));
#5598=IFCPOLYLOOP((#5065,#5140,#5029));
#5599=IFCFACEOUTERBOUND(#5598,.T.);
#5600=IFCFACE((#5599));
#5601=IFCPOLYLOOP((#5136,#5067,#5248,#5081));
#5602=IFCFACEOUTERBOUND(#5601,.T.);
#5603=IFCFACE((#5602));
#5604=IFCPOLYLOOP((#5039,#5062,#5038));
#5605=IFCFACEOUTERBOUND(#5604,.T.);
#5606=IFCFACE((#5605));
#5607=IFCPOLYLOOP((#5140,#4978,#5029));
#5608=IFCFACEOUTERBOUND(#5607,.T.);
#5609=IFCFACE((#5608));
#5610=IFCPOLYLOOP((#5014,#5013,#5088));
#5611=IFCFACEOUTERBOUND(#5610,.T.);
#5612=IFCFACE((#5611));
#5613=IFCPOLYLOOP((#4979,#5093,#5130));
#5614=IFCFACEOUTERBOUND(#5613,.T.);
#5615=IFCFACE((#5614));
#5616=IFCPOLYLOOP((#4977,#5026,#5056));
#5617=IFCFACEOUTERBOUND(#5616,.T.);
#5618=IFCFACE((#5617));
#5619=IFCPOLYLOOP((#5107,#5108,#5142));
#5620=IFCFACEOUTERBOUND(#5619,.T.);
#5621=IFCFACE((#5620));
#5622=IFCPOLYLOOP((#5079,#5139,#5059));
#5623=IFCFACEOUTERBOUND(#5622,.T.);
#5624=IFCFACE((#5623));
#5625=IFCPOLYLOOP((#5036,#5065,#5117));
#5626=IFCFACEOUTERBOUND(#5625,.T.);
#5627=IFCFACE((#5626));
#5628=IFCPOLYLOOP((#5012,#5082,#5137));
#5629=IFCFACEOUTERBOUND(#5628,.T.);
#5630=IFCFACE((#5629));
#5631=IFCPOLYLOOP((#4988,#5135,#5081));
#5632=IFCFACEOUTERBOUND(#5631,.T.);
#5633=IFCFACE((#5632));
#5634=IFCPOLYLOOP((#5079,#5059,#5062));
#5635=IFCFACEOUTERBOUND(#5634,.T.);
#5636=IFCFACE((#5635));
#5637=IFCPOLYLOOP((#5072,#5084,#5096));
#5638=IFCFACEOUTERBOUND(#5637,.T.);
#5639=IFCFACE((#5638));
#5640=IFCPOLYLOOP((#5085,#5104,#5073));
#5641=IFCFACEOUTERBOUND(#5640,.T.);
#5642=IFCFACE((#5641));
#5643=IFCPOLYLOOP((#5129,#5119,#5069));
#5644=IFCFACEOUTERBOUND(#5643,.T.);
#5645=IFCFACE((#5644));
#5646=IFCPOLYLOOP((#4982,#4981,#5083));
#5647=IFCFACEOUTERBOUND(#5646,.T.);
#5648=IFCFACE((#5647));
#5649=IFCPOLYLOOP((#4984,#4983,#5084));
#5650=IFCFACEOUTERBOUND(#5649,.T.);
#5651=IFCFACE((#5650));
#5652=IFCPOLYLOOP((#5101,#5018,#5085));
#5653=IFCFACEOUTERBOUND(#5652,.T.);
#5654=IFCFACE((#5653));
#5655=IFCPOLYLOOP((#4985,#5106,#4986));
#5656=IFCFACEOUTERBOUND(#5655,.T.);
#5657=IFCFACE((#5656));
#5658=IFCPOLYLOOP((#5084,#5098,#4984));
#5659=IFCFACEOUTERBOUND(#5658,.T.);
#5660=IFCFACE((#5659));
#5661=IFCPOLYLOOP((#5123,#5122,#5074));
#5662=IFCFACEOUTERBOUND(#5661,.T.);
#5663=IFCFACE((#5662));
#5664=IFCPOLYLOOP((#5134,#5062,#5063));
#5665=IFCFACEOUTERBOUND(#5664,.T.);
#5666=IFCFACE((#5665));
#5667=IFCPOLYLOOP((#5094,#5095,#5057));
#5668=IFCFACEOUTERBOUND(#5667,.T.);
#5669=IFCFACE((#5668));
#5670=IFCPOLYLOOP((#5074,#5122,#5125));
#5671=IFCFACEOUTERBOUND(#5670,.T.);
#5672=IFCFACE((#5671));
#5673=IFCPOLYLOOP((#5069,#5102,#5103));
#5674=IFCFACEOUTERBOUND(#5673,.T.);
#5675=IFCFACE((#5674));
#5676=IFCPOLYLOOP((#5135,#4987,#5087));
#5677=IFCFACEOUTERBOUND(#5676,.T.);
#5678=IFCFACE((#5677));
#5679=IFCPOLYLOOP((#5013,#5137,#5088));
#5680=IFCFACEOUTERBOUND(#5679,.T.);
#5681=IFCFACE((#5680));
#5682=IFCPOLYLOOP((#5138,#5071,#5092));
#5683=IFCFACEOUTERBOUND(#5682,.T.);
#5684=IFCFACE((#5683));
#5685=IFCPOLYLOOP((#5064,#5089,#5061));
#5686=IFCFACEOUTERBOUND(#5685,.T.);
#5687=IFCFACE((#5686));
#5688=IFCPOLYLOOP((#5022,#5021,#5089));
#5689=IFCFACEOUTERBOUND(#5688,.T.);
#5690=IFCFACE((#5689));
#5691=IFCPOLYLOOP((#5109,#5120,#5132));
#5692=IFCFACEOUTERBOUND(#5691,.T.);
#5693=IFCFACE((#5692));
#5694=IFCPOLYLOOP((#5072,#5142,#5108));
#5695=IFCFACEOUTERBOUND(#5694,.T.);
#5696=IFCFACE((#5695));
#5697=IFCPOLYLOOP((#5144,#5075,#5099));
#5698=IFCFACEOUTERBOUND(#5697,.T.);
#5699=IFCFACE((#5698));
#5700=IFCPOLYLOOP((#5124,#5126,#5127));
#5701=IFCFACEOUTERBOUND(#5700,.T.);
#5702=IFCFACE((#5701));
#5703=IFCPOLYLOOP((#5127,#5067,#5091));
#5704=IFCFACEOUTERBOUND(#5703,.T.);
#5705=IFCFACE((#5704));
#5706=IFCPOLYLOOP((#5116,#5091,#5075));
#5707=IFCFACEOUTERBOUND(#5706,.T.);
#5708=IFCFACE((#5707));
#5709=IFCPOLYLOOP((#5093,#5059,#5130));
#5710=IFCFACEOUTERBOUND(#5709,.T.);
#5711=IFCFACE((#5710));
#5712=IFCPOLYLOOP((#5140,#4979,#4978));
#5713=IFCFACEOUTERBOUND(#5712,.T.);
#5714=IFCFACE((#5713));
#5715=IFCPOLYLOOP((#5060,#5063,#5095));
#5716=IFCFACEOUTERBOUND(#5715,.T.);
#5717=IFCFACE((#5716));
#5718=IFCPOLYLOOP((#5045,#5094,#5057));
#5719=IFCFACEOUTERBOUND(#5718,.T.);
#5720=IFCFACE((#5719));
#5721=IFCPOLYLOOP((#5110,#5095,#5063));
#5722=IFCFACEOUTERBOUND(#5721,.T.);
#5723=IFCFACE((#5722));
#5724=IFCPOLYLOOP((#5057,#5095,#5070));
#5725=IFCFACEOUTERBOUND(#5724,.T.);
#5726=IFCFACE((#5725));
#5727=IFCPOLYLOOP((#5096,#5083,#5142));
#5728=IFCFACEOUTERBOUND(#5727,.T.);
#5729=IFCFACE((#5728));
#5730=IFCPOLYLOOP((#5084,#4983,#5096));
#5731=IFCFACEOUTERBOUND(#5730,.T.);
#5732=IFCFACE((#5731));
#5733=IFCPOLYLOOP((#4980,#4979,#5130));
#5734=IFCFACEOUTERBOUND(#5733,.T.);
#5735=IFCFACE((#5734));
#5736=IFCPOLYLOOP((#5131,#5090,#5107));
#5737=IFCFACEOUTERBOUND(#5736,.T.);
#5738=IFCFACE((#5737));
#5739=IFCPOLYLOOP((#5099,#5098,#5084));
#5740=IFCFACEOUTERBOUND(#5739,.T.);
#5741=IFCFACE((#5740));
#5742=IFCPOLYLOOP((#5106,#5098,#5075));
#5743=IFCFACEOUTERBOUND(#5742,.T.);
#5744=IFCFACE((#5743));
#5745=IFCPOLYLOOP((#5086,#5105,#5074));
#5746=IFCFACEOUTERBOUND(#5745,.T.);
#5747=IFCFACE((#5746));
#5748=IFCPOLYLOOP((#5145,#5072,#5112));
#5749=IFCFACEOUTERBOUND(#5748,.T.);
#5750=IFCFACE((#5749));
#5751=IFCPOLYLOOP((#5099,#5143,#5144));
#5752=IFCFACEOUTERBOUND(#5751,.T.);
#5753=IFCFACE((#5752));
#5754=IFCPOLYLOOP((#5021,#5020,#5100));
#5755=IFCFACEOUTERBOUND(#5754,.T.);
#5756=IFCFACE((#5755));
#5757=IFCPOLYLOOP((#5128,#5100,#5020));
#5758=IFCFACEOUTERBOUND(#5757,.T.);
#5759=IFCFACE((#5758));
#5760=IFCPOLYLOOP((#5102,#5101,#5085));
#5761=IFCFACEOUTERBOUND(#5760,.T.);
#5762=IFCFACE((#5761));
#5763=IFCPOLYLOOP((#5128,#5101,#5078));
#5764=IFCFACEOUTERBOUND(#5763,.T.);
#5765=IFCFACE((#5764));
#5766=IFCPOLYLOOP((#5102,#5141,#5103));
#5767=IFCFACEOUTERBOUND(#5766,.T.);
#5768=IFCFACE((#5767));
#5769=IFCPOLYLOOP((#5102,#5069,#5119));
#5770=IFCFACEOUTERBOUND(#5769,.T.);
#5771=IFCFACE((#5770));
#5772=IFCPOLYLOOP((#5146,#5121,#5115));
#5773=IFCFACEOUTERBOUND(#5772,.T.);
#5774=IFCFACE((#5773));
#5775=IFCPOLYLOOP((#5145,#5143,#5099));
#5776=IFCFACEOUTERBOUND(#5775,.T.);
#5777=IFCFACE((#5776));
#5778=IFCPOLYLOOP((#5086,#5104,#5016));
#5779=IFCFACEOUTERBOUND(#5778,.T.);
#5780=IFCFACE((#5779));
#5781=IFCPOLYLOOP((#5088,#5105,#5014));
#5782=IFCFACEOUTERBOUND(#5781,.T.);
#5783=IFCFACE((#5782));
#5784=IFCPOLYLOOP((#5098,#5106,#4985));
#5785=IFCFACEOUTERBOUND(#5784,.T.);
#5786=IFCFACE((#5785));
#5787=IFCPOLYLOOP((#5097,#5130,#5131));
#5788=IFCFACEOUTERBOUND(#5787,.T.);
#5789=IFCFACE((#5788));
#5790=IFCPOLYLOOP((#5107,#5090,#5108));
#5791=IFCFACEOUTERBOUND(#5790,.T.);
#5792=IFCFACE((#5791));
#5793=IFCPOLYLOOP((#5129,#5108,#5090));
#5794=IFCFACEOUTERBOUND(#5793,.T.);
#5795=IFCFACE((#5794));
#5796=IFCPOLYLOOP((#5111,#5069,#5103));
#5797=IFCFACEOUTERBOUND(#5796,.T.);
#5798=IFCFACE((#5797));
#5799=IFCPOLYLOOP((#5119,#5109,#5078));
#5800=IFCFACEOUTERBOUND(#5799,.T.);
#5801=IFCFACE((#5800));
#5802=IFCPOLYLOOP((#5109,#5119,#5120));
#5803=IFCFACEOUTERBOUND(#5802,.T.);
#5804=IFCFACE((#5803));
#5805=IFCPOLYLOOP((#5110,#5063,#5040));
#5806=IFCFACEOUTERBOUND(#5805,.T.);
#5807=IFCFACE((#5806));
#5808=IFCPOLYLOOP((#5110,#5042,#5043));
#5809=IFCFACEOUTERBOUND(#5808,.T.);
#5810=IFCFACE((#5809));
#5811=IFCPOLYLOOP((#5069,#5111,#5108));
#5812=IFCFACEOUTERBOUND(#5811,.T.);
#5813=IFCFACE((#5812));
#5814=IFCPOLYLOOP((#5111,#5115,#5112));
#5815=IFCFACEOUTERBOUND(#5814,.T.);
#5816=IFCFACE((#5815));
#5817=IFCPOLYLOOP((#5111,#5103,#5115));
#5818=IFCFACEOUTERBOUND(#5817,.T.);
#5819=IFCFACE((#5818));
#5820=IFCPOLYLOOP((#5112,#5143,#5145));
#5821=IFCFACEOUTERBOUND(#5820,.T.);
#5822=IFCFACE((#5821));
#5823=IFCPOLYLOOP((#5052,#5080,#5113));
#5824=IFCFACEOUTERBOUND(#5823,.T.);
#5825=IFCFACE((#5824));
#5826=IFCPOLYLOOP((#5000,#5113,#5080));
#5827=IFCFACEOUTERBOUND(#5826,.T.);
#5828=IFCFACE((#5827));
#5829=IFCPOLYLOOP((#5078,#5109,#5114));
#5830=IFCFACEOUTERBOUND(#5829,.T.);
#5831=IFCFACE((#5830));
#5832=IFCPOLYLOOP((#5109,#5058,#5114));
#5833=IFCFACEOUTERBOUND(#5832,.T.);
#5834=IFCFACE((#5833));
#5835=IFCPOLYLOOP((#5146,#5073,#5121));
#5836=IFCFACEOUTERBOUND(#5835,.T.);
#5837=IFCFACE((#5836));
#5838=IFCPOLYLOOP((#5143,#5115,#5068));
#5839=IFCFACEOUTERBOUND(#5838,.T.);
#5840=IFCFACE((#5839));
#5841=IFCPOLYLOOP((#5116,#5068,#5122));
#5842=IFCFACEOUTERBOUND(#5841,.T.);
#5843=IFCFACE((#5842));
#5844=IFCPOLYLOOP((#5102,#5119,#5078));
#5845=IFCFACEOUTERBOUND(#5844,.T.);
#5846=IFCFACE((#5845));
#5847=IFCPOLYLOOP((#5036,#5117,#5035));
#5848=IFCFACEOUTERBOUND(#5847,.T.);
#5849=IFCFACE((#5848));
#5850=IFCPOLYLOOP((#5117,#5065,#5031));
#5851=IFCFACEOUTERBOUND(#5850,.T.);
#5852=IFCFACE((#5851));
#5853=IFCPOLYLOOP((#5124,#5116,#5123));
#5854=IFCFACEOUTERBOUND(#5853,.T.);
#5855=IFCFACE((#5854));
#5856=IFCPOLYLOOP((#5118,#5126,#5071));
#5857=IFCFACEOUTERBOUND(#5856,.T.);
#5858=IFCFACE((#5857));
#5859=IFCPOLYLOOP((#5120,#5129,#5090));
#5860=IFCFACEOUTERBOUND(#5859,.T.);
#5861=IFCFACE((#5860));
#5862=IFCPOLYLOOP((#5139,#5120,#5090));
#5863=IFCFACEOUTERBOUND(#5862,.T.);
#5864=IFCFACE((#5863));
#5865=IFCPOLYLOOP((#5109,#5132,#5077));
#5866=IFCFACEOUTERBOUND(#5865,.T.);
#5867=IFCFACE((#5866));
#5868=IFCPOLYLOOP((#5125,#5073,#5086));
#5869=IFCFACEOUTERBOUND(#5868,.T.);
#5870=IFCFACE((#5869));
#5871=IFCPOLYLOOP((#5122,#5068,#5121));
#5872=IFCFACEOUTERBOUND(#5871,.T.);
#5873=IFCFACE((#5872));
#5874=IFCPOLYLOOP((#5125,#5122,#5121));
#5875=IFCFACEOUTERBOUND(#5874,.T.);
#5876=IFCFACE((#5875));
#5877=IFCPOLYLOOP((#5074,#5092,#5123));
#5878=IFCFACEOUTERBOUND(#5877,.T.);
#5879=IFCFACE((#5878));
#5880=IFCPOLYLOOP((#5124,#5123,#5092));
#5881=IFCFACEOUTERBOUND(#5880,.T.);
#5882=IFCFACE((#5881));
#5883=IFCPOLYLOOP((#5116,#5122,#5123));
#5884=IFCFACEOUTERBOUND(#5883,.T.);
#5885=IFCFACE((#5884));
#5886=IFCPOLYLOOP((#5126,#5124,#5092));
#5887=IFCFACEOUTERBOUND(#5886,.T.);
#5888=IFCFACE((#5887));
#5889=IFCPOLYLOOP((#5091,#5116,#5124));
#5890=IFCFACEOUTERBOUND(#5889,.T.);
#5891=IFCFACE((#5890));
#5892=IFCPOLYLOOP((#5073,#5125,#5121));
#5893=IFCFACEOUTERBOUND(#5892,.T.);
#5894=IFCFACE((#5893));
#5895=IFCPOLYLOOP((#5074,#5125,#5086));
#5896=IFCFACEOUTERBOUND(#5895,.T.);
#5897=IFCFACE((#5896));
#5898=IFCPOLYLOOP((#5071,#5126,#5092));
#5899=IFCFACEOUTERBOUND(#5898,.T.);
#5900=IFCFACE((#5899));
#5901=IFCPOLYLOOP((#5127,#5126,#5118));
#5902=IFCFACEOUTERBOUND(#5901,.T.);
#5903=IFCFACE((#5902));
#5904=IFCPOLYLOOP((#5067,#5127,#5118));
#5905=IFCFACEOUTERBOUND(#5904,.T.);
#5906=IFCFACE((#5905));
#5907=IFCPOLYLOOP((#5124,#5127,#5091));
#5908=IFCFACEOUTERBOUND(#5907,.T.);
#5909=IFCFACE((#5908));
#5910=IFCPOLYLOOP((#5019,#5128,#5020));
#5911=IFCFACEOUTERBOUND(#5910,.T.);
#5912=IFCFACE((#5911));
#5913=IFCPOLYLOOP((#5114,#5128,#5078));
#5914=IFCFACEOUTERBOUND(#5913,.T.);
#5915=IFCFACE((#5914));
#5916=IFCPOLYLOOP((#5119,#5129,#5120));
#5917=IFCFACEOUTERBOUND(#5916,.T.);
#5918=IFCFACE((#5917));
#5919=IFCPOLYLOOP((#5108,#5129,#5069));
#5920=IFCFACEOUTERBOUND(#5919,.T.);
#5921=IFCFACE((#5920));
#5922=IFCPOLYLOOP((#5131,#5130,#5059));
#5923=IFCFACEOUTERBOUND(#5922,.T.);
#5924=IFCFACE((#5923));
#5925=IFCPOLYLOOP((#4980,#5130,#5097));
#5926=IFCFACEOUTERBOUND(#5925,.T.);
#5927=IFCFACE((#5926));
#5928=IFCPOLYLOOP((#5131,#5059,#5139));
#5929=IFCFACEOUTERBOUND(#5928,.T.);
#5930=IFCFACE((#5929));
#5931=IFCPOLYLOOP((#5097,#5131,#5107));
#5932=IFCFACEOUTERBOUND(#5931,.T.);
#5933=IFCFACE((#5932));
#5934=IFCPOLYLOOP((#5120,#5079,#5132));
#5935=IFCFACEOUTERBOUND(#5934,.T.);
#5936=IFCFACE((#5935));
#5937=IFCPOLYLOOP((#5133,#5132,#5079));
#5938=IFCFACEOUTERBOUND(#5937,.T.);
#5939=IFCFACE((#5938));
#5940=IFCPOLYLOOP((#5134,#5133,#5079));
#5941=IFCFACEOUTERBOUND(#5940,.T.);
#5942=IFCFACE((#5941));
#5943=IFCPOLYLOOP((#5060,#5077,#5133));
#5944=IFCFACEOUTERBOUND(#5943,.T.);
#5945=IFCFACE((#5944));
#5946=IFCPOLYLOOP((#5062,#5134,#5079));
#5947=IFCFACEOUTERBOUND(#5946,.T.);
#5948=IFCFACE((#5947));
#5949=IFCPOLYLOOP((#5060,#5134,#5063));
#5950=IFCFACEOUTERBOUND(#5949,.T.);
#5951=IFCFACE((#5950));
#5952=IFCPOLYLOOP((#5136,#5087,#5091));
#5953=IFCFACEOUTERBOUND(#5952,.T.);
#5954=IFCFACE((#5953));
#5955=IFCPOLYLOOP((#5067,#5136,#5091));
#5956=IFCFACEOUTERBOUND(#5955,.T.);
#5957=IFCFACE((#5956));
#5958=IFCPOLYLOOP((#5081,#5135,#5136));
#5959=IFCFACEOUTERBOUND(#5958,.T.);
#5960=IFCFACE((#5959));
#5961=IFCPOLYLOOP((#5012,#5137,#5013));
#5962=IFCFACEOUTERBOUND(#5961,.T.);
#5963=IFCFACE((#5962));
#5964=IFCPOLYLOOP((#5138,#5137,#5082));
#5965=IFCFACEOUTERBOUND(#5964,.T.);
#5966=IFCFACE((#5965));
#5967=IFCPOLYLOOP((#5138,#5082,#5243,#5071));
#5968=IFCFACEOUTERBOUND(#5967,.T.);
#5969=IFCFACE((#5968));
#5970=IFCPOLYLOOP((#5088,#5138,#5092));
#5971=IFCFACEOUTERBOUND(#5970,.T.);
#5972=IFCFACE((#5971));
#5973=IFCPOLYLOOP((#5120,#5139,#5079));
#5974=IFCFACEOUTERBOUND(#5973,.T.);
#5975=IFCFACE((#5974));
#5976=IFCPOLYLOOP((#5131,#5139,#5090));
#5977=IFCFACEOUTERBOUND(#5976,.T.);
#5978=IFCFACE((#5977));
#5979=IFCPOLYLOOP((#5062,#5140,#5065));
#5980=IFCFACEOUTERBOUND(#5979,.T.);
#5981=IFCFACE((#5980));
#5982=IFCPOLYLOOP((#4979,#5140,#5093));
#5983=IFCFACEOUTERBOUND(#5982,.T.);
#5984=IFCFACE((#5983));
#5985=IFCPOLYLOOP((#5085,#5073,#5141));
#5986=IFCFACEOUTERBOUND(#5985,.T.);
#5987=IFCFACE((#5986));
#5988=IFCPOLYLOOP((#5146,#5141,#5073));
#5989=IFCFACEOUTERBOUND(#5988,.T.);
#5990=IFCFACE((#5989));
#5991=IFCPOLYLOOP((#5096,#5142,#5072));
#5992=IFCFACEOUTERBOUND(#5991,.T.);
#5993=IFCFACE((#5992));
#5994=IFCPOLYLOOP((#5107,#5142,#5083));
#5995=IFCFACEOUTERBOUND(#5994,.T.);
#5996=IFCFACE((#5995));
#5997=IFCPOLYLOOP((#5115,#5143,#5112));
#5998=IFCFACEOUTERBOUND(#5997,.T.);
#5999=IFCFACE((#5998));
#6000=IFCPOLYLOOP((#5144,#5068,#5116));
#6001=IFCFACEOUTERBOUND(#6000,.T.);
#6002=IFCFACE((#6001));
#6003=IFCPOLYLOOP((#5068,#5144,#5143));
#6004=IFCFACEOUTERBOUND(#6003,.T.);
#6005=IFCFACE((#6004));
#6006=IFCPOLYLOOP((#5075,#5144,#5116));
#6007=IFCFACEOUTERBOUND(#6006,.T.);
#6008=IFCFACE((#6007));
#6009=IFCPOLYLOOP((#5099,#5084,#5145));
#6010=IFCFACEOUTERBOUND(#6009,.T.);
#6011=IFCFACE((#6010));
#6012=IFCPOLYLOOP((#5072,#5145,#5084));
#6013=IFCFACEOUTERBOUND(#6012,.T.);
#6014=IFCFACE((#6013));
#6015=IFCPOLYLOOP((#5115,#5103,#5146));
#6016=IFCFACEOUTERBOUND(#6015,.T.);
#6017=IFCFACE((#6016));
#6018=IFCPOLYLOOP((#5146,#5103,#5141));
#6019=IFCFACEOUTERBOUND(#6018,.T.);
#6020=IFCFACE((#6019));
#6021=IFCPOLYLOOP((#5195,#5232,#5187,#5213));
#6022=IFCFACEOUTERBOUND(#6021,.T.);
#6023=IFCFACE((#6022));
#6024=IFCPOLYLOOP((#5212,#5195,#5008));
#6025=IFCFACEOUTERBOUND(#6024,.T.);
#6026=IFCFACE((#6025));
#6027=IFCPOLYLOOP((#5194,#5209,#5210));
#6028=IFCFACEOUTERBOUND(#6027,.T.);
#6029=IFCFACE((#6028));
#6030=IFCPOLYLOOP((#5194,#5186,#5212));
#6031=IFCFACEOUTERBOUND(#6030,.T.);
#6032=IFCFACE((#6031));
#6033=IFCPOLYLOOP((#5215,#5156,#5182));
#6034=IFCFACEOUTERBOUND(#6033,.T.);
#6035=IFCFACE((#6034));
#6036=IFCPOLYLOOP((#5197,#4990,#4989));
#6037=IFCFACEOUTERBOUND(#6036,.T.);
#6038=IFCFACE((#6037));
#6039=IFCPOLYLOOP((#5246,#5012,#5011));
#6040=IFCFACEOUTERBOUND(#6039,.T.);
#6041=IFCFACE((#6040));
#6042=IFCPOLYLOOP((#5164,#5180,#5229));
#6043=IFCFACEOUTERBOUND(#6042,.T.);
#6044=IFCFACE((#6043));
#6045=IFCPOLYLOOP((#5187,#5240,#5242));
#6046=IFCFACEOUTERBOUND(#6045,.T.);
#6047=IFCFACE((#6046));
#6048=IFCPOLYLOOP((#4988,#5081,#5247));
#6049=IFCFACEOUTERBOUND(#6048,.T.);
#6050=IFCFACE((#6049));
#6051=IFCPOLYLOOP((#5209,#5194,#5006));
#6052=IFCFACEOUTERBOUND(#6051,.T.);
#6053=IFCFACE((#6052));
#6054=IFCPOLYLOOP((#5232,#5195,#5212,#5186));
#6055=IFCFACEOUTERBOUND(#6054,.T.);
#6056=IFCFACE((#6055));
#6057=IFCPOLYLOOP((#5174,#5200,#5176));
#6058=IFCFACEOUTERBOUND(#6057,.T.);
#6059=IFCFACE((#6058));
#6060=IFCPOLYLOOP((#5205,#4992,#4991));
#6061=IFCFACEOUTERBOUND(#6060,.T.);
#6062=IFCFACE((#6061));
#6063=IFCPOLYLOOP((#4995,#5203,#4996));
#6064=IFCFACEOUTERBOUND(#6063,.T.);
#6065=IFCFACE((#6064));
#6066=IFCPOLYLOOP((#5176,#5200,#5181));
#6067=IFCFACEOUTERBOUND(#6066,.T.);
#6068=IFCFACE((#6067));
#6069=IFCPOLYLOOP((#5207,#5003,#5200));
#6070=IFCFACEOUTERBOUND(#6069,.T.);
#6071=IFCFACE((#6070));
#6072=IFCPOLYLOOP((#5176,#5150,#5151));
#6073=IFCFACEOUTERBOUND(#6072,.T.);
#6074=IFCFACE((#6073));
#6075=IFCPOLYLOOP((#5154,#5044,#5228));
#6076=IFCFACEOUTERBOUND(#6075,.T.);
#6077=IFCFACE((#6076));
#6078=IFCPOLYLOOP((#5162,#5034,#5076));
#6079=IFCFACEOUTERBOUND(#6078,.T.);
#6080=IFCFACE((#6079));
#6081=IFCPOLYLOOP((#5207,#5236,#5004));
#6082=IFCFACEOUTERBOUND(#6081,.T.);
#6083=IFCFACE((#6082));
#6084=IFCPOLYLOOP((#5024,#5171,#5170));
#6085=IFCFACEOUTERBOUND(#6084,.T.);
#6086=IFCFACE((#6085));
#6087=IFCPOLYLOOP((#5005,#5004,#5236));
#6088=IFCFACEOUTERBOUND(#6087,.T.);
#6089=IFCFACE((#6088));
#6090=IFCPOLYLOOP((#5253,#5239,#5217));
#6091=IFCFACEOUTERBOUND(#6090,.T.);
#6092=IFCFACE((#6091));
#6093=IFCPOLYLOOP((#5193,#5205,#5206));
#6094=IFCFACEOUTERBOUND(#6093,.T.);
#6095=IFCFACE((#6094));
#6096=IFCPOLYLOOP((#5209,#5006,#5005));
#6097=IFCFACEOUTERBOUND(#6096,.T.);
#6098=IFCFACE((#6097));
#6099=IFCPOLYLOOP((#5239,#5201,#5238));
#6100=IFCFACEOUTERBOUND(#6099,.T.);
#6101=IFCFACE((#6100));
#6102=IFCPOLYLOOP((#5225,#5190,#5219));
#6103=IFCFACEOUTERBOUND(#6102,.T.);
#6104=IFCFACE((#6103));
#6105=IFCPOLYLOOP((#5240,#5234,#5241));
#6106=IFCFACEOUTERBOUND(#6105,.T.);
#6107=IFCFACE((#6106));
#6108=IFCPOLYLOOP((#5213,#5010,#5009));
#6109=IFCFACEOUTERBOUND(#6108,.T.);
#6110=IFCFACE((#6109));
#6111=IFCPOLYLOOP((#5166,#4998,#5251));
#6112=IFCFACEOUTERBOUND(#6111,.T.);
#6113=IFCFACE((#6112));
#6114=IFCPOLYLOOP((#4995,#4994,#5192));
#6115=IFCFACEOUTERBOUND(#6114,.T.);
#6116=IFCFACE((#6115));
#6117=IFCPOLYLOOP((#4990,#5214,#4991));
#6118=IFCFACEOUTERBOUND(#6117,.T.);
#6119=IFCFACE((#6118));
#6120=IFCPOLYLOOP((#5193,#4993,#4992));
#6121=IFCFACEOUTERBOUND(#6120,.T.);
#6122=IFCFACE((#6121));
#6123=IFCPOLYLOOP((#4994,#4993,#5204));
#6124=IFCFACEOUTERBOUND(#6123,.T.);
#6125=IFCFACE((#6124));
#6126=IFCPOLYLOOP((#5192,#5204,#5185));
#6127=IFCFACEOUTERBOUND(#6126,.T.);
#6128=IFCFACE((#6127));
#6129=IFCPOLYLOOP((#5177,#5182,#5158));
#6130=IFCFACEOUTERBOUND(#6129,.T.);
#6131=IFCFACE((#6130));
#6132=IFCPOLYLOOP((#5206,#5255,#5254));
#6133=IFCFACEOUTERBOUND(#6132,.T.);
#6134=IFCFACE((#6133));
#6135=IFCPOLYLOOP((#5242,#5244,#5196));
#6136=IFCFACEOUTERBOUND(#6135,.T.);
#6137=IFCFACE((#6136));
#6138=IFCPOLYLOOP((#5151,#5152,#5179));
#6139=IFCFACEOUTERBOUND(#6138,.T.);
#6140=IFCFACE((#6139));
#6141=IFCPOLYLOOP((#5251,#4998,#5202));
#6142=IFCFACEOUTERBOUND(#6141,.T.);
#6143=IFCFACE((#6142));
#6144=IFCPOLYLOOP((#5180,#5165,#5166));
#6145=IFCFACEOUTERBOUND(#6144,.T.);
#6146=IFCFACE((#6145));
#6147=IFCPOLYLOOP((#5166,#5167,#4998));
#6148=IFCFACEOUTERBOUND(#6147,.T.);
#6149=IFCFACE((#6148));
#6150=IFCPOLYLOOP((#5234,#5183,#5235));
#6151=IFCFACEOUTERBOUND(#6150,.T.);
#6152=IFCFACE((#6151));
#6153=IFCPOLYLOOP((#5204,#4993,#5193));
#6154=IFCFACEOUTERBOUND(#6153,.T.);
#6155=IFCFACE((#6154));
#6156=IFCPOLYLOOP((#5226,#5227,#5258));
#6157=IFCFACEOUTERBOUND(#6156,.T.);
#6158=IFCFACE((#6157));
#6159=IFCPOLYLOOP((#5237,#4996,#5203));
#6160=IFCFACEOUTERBOUND(#6159,.T.);
#6161=IFCFACE((#6160));
#6162=IFCPOLYLOOP((#5202,#5175,#5177));
#6163=IFCFACEOUTERBOUND(#6162,.T.);
#6164=IFCFACE((#6163));
#6165=IFCPOLYLOOP((#5197,#5249,#5250));
#6166=IFCFACEOUTERBOUND(#6165,.T.);
#6167=IFCFACE((#6166));
#6168=IFCPOLYLOOP((#5167,#5172,#4998));
#6169=IFCFACEOUTERBOUND(#6168,.T.);
#6170=IFCFACE((#6169));
#6171=IFCPOLYLOOP((#5208,#5231,#5189));
#6172=IFCFACEOUTERBOUND(#6171,.T.);
#6173=IFCFACE((#6172));
#6174=IFCPOLYLOOP((#5202,#4998,#4997));
#6175=IFCFACEOUTERBOUND(#6174,.T.);
#6176=IFCFACE((#6175));
#6177=IFCPOLYLOOP((#5210,#5211,#5252));
#6178=IFCFACEOUTERBOUND(#6177,.T.);
#6179=IFCFACE((#6178));
#6180=IFCPOLYLOOP((#5216,#5230,#5057));
#6181=IFCFACEOUTERBOUND(#6180,.T.);
#6182=IFCFACE((#6181));
#6183=IFCPOLYLOOP((#5246,#5011,#5196));
#6184=IFCFACEOUTERBOUND(#6183,.T.);
#6185=IFCFACE((#6184));
#6186=IFCPOLYLOOP((#5181,#5148,#5149));
#6187=IFCFACEOUTERBOUND(#6186,.T.);
#6188=IFCFACE((#6187));
#6189=IFCPOLYLOOP((#5149,#5150,#5181));
#6190=IFCFACEOUTERBOUND(#6189,.T.);
#6191=IFCFACE((#6190));
#6192=IFCPOLYLOOP((#5001,#5223,#5181));
#6193=IFCFACEOUTERBOUND(#6192,.T.);
#6194=IFCFACE((#6193));
#6195=IFCPOLYLOOP((#5169,#5173,#5168));
#6196=IFCFACEOUTERBOUND(#6195,.T.);
#6197=IFCFACE((#6196));
#6198=IFCPOLYLOOP((#5070,#5043,#5155));
#6199=IFCFACEOUTERBOUND(#6198,.T.);
#6200=IFCFACE((#6199));
#6201=IFCPOLYLOOP((#5147,#5080,#5053));
#6202=IFCFACEOUTERBOUND(#6201,.T.);
#6203=IFCFACE((#6202));
#6204=IFCPOLYLOOP((#5163,#5076,#5033));
#6205=IFCFACEOUTERBOUND(#6204,.T.);
#6206=IFCFACE((#6205));
#6207=IFCPOLYLOOP((#5216,#5057,#5070));
#6208=IFCFACEOUTERBOUND(#6207,.T.);
#6209=IFCFACE((#6208));
#6210=IFCPOLYLOOP((#5158,#5182,#5157));
#6211=IFCFACEOUTERBOUND(#6210,.T.);
#6212=IFCFACE((#6211));
#6213=IFCPOLYLOOP((#5230,#5216,#5179));
#6214=IFCFACEOUTERBOUND(#6213,.T.);
#6215=IFCFACE((#6214));
#6216=IFCPOLYLOOP((#5177,#5158,#5159));
#6217=IFCFACEOUTERBOUND(#6216,.T.);
#6218=IFCFACE((#6217));
#6219=IFCPOLYLOOP((#5225,#5175,#5226));
#6220=IFCFACEOUTERBOUND(#6219,.T.);
#6221=IFCFACE((#6220));
#6222=IFCPOLYLOOP((#5179,#5191,#5176));
#6223=IFCFACEOUTERBOUND(#6222,.T.);
#6224=IFCFACE((#6223));
#6225=IFCPOLYLOOP((#5168,#5172,#5167));
#6226=IFCFACEOUTERBOUND(#6225,.T.);
#6227=IFCFACE((#6226));
#6228=IFCPOLYLOOP((#5147,#5148,#5223));
#6229=IFCFACEOUTERBOUND(#6228,.T.);
#6230=IFCFACE((#6229));
#6231=IFCPOLYLOOP((#5212,#5008,#5007));
#6232=IFCFACEOUTERBOUND(#6231,.T.);
#6233=IFCFACE((#6232));
#6234=IFCPOLYLOOP((#5230,#5152,#5153));
#6235=IFCFACEOUTERBOUND(#6234,.T.);
#6236=IFCFACE((#6235));
#6237=IFCPOLYLOOP((#5182,#5156,#5157));
#6238=IFCFACEOUTERBOUND(#6237,.T.);
#6239=IFCFACE((#6238));
#6240=IFCPOLYLOOP((#5178,#5215,#5182));
#6241=IFCFACEOUTERBOUND(#6240,.T.);
#6242=IFCFACE((#6241));
#6243=IFCPOLYLOOP((#5155,#5156,#5215));
#6244=IFCFACEOUTERBOUND(#6243,.T.);
#6245=IFCFACE((#6244));
#6246=IFCPOLYLOOP((#5010,#5213,#5196));
#6247=IFCFACEOUTERBOUND(#6246,.T.);
#6248=IFCFACE((#6247));
#6249=IFCPOLYLOOP((#5176,#5181,#5150));
#6250=IFCFACEOUTERBOUND(#6249,.T.);
#6251=IFCFACE((#6250));
#6252=IFCPOLYLOOP((#5220,#5178,#5219));
#6253=IFCFACEOUTERBOUND(#6252,.T.);
#6254=IFCFACE((#6253));
#6255=IFCPOLYLOOP((#5195,#5009,#5008));
#6256=IFCFACEOUTERBOUND(#6255,.T.);
#6257=IFCFACE((#6256));
#6258=IFCPOLYLOOP((#5180,#5251,#5159));
#6259=IFCFACEOUTERBOUND(#6258,.T.);
#6260=IFCFACE((#6259));
#6261=IFCPOLYLOOP((#5148,#5181,#5223));
#6262=IFCFACEOUTERBOUND(#6261,.T.);
#6263=IFCFACE((#6262));
#6264=IFCPOLYLOOP((#5193,#4992,#5205));
#6265=IFCFACEOUTERBOUND(#6264,.T.);
#6266=IFCFACE((#6265));
#6267=IFCPOLYLOOP((#5162,#5229,#5161));
#6268=IFCFACEOUTERBOUND(#6267,.T.);
#6269=IFCFACE((#6268));
#6270=IFCPOLYLOOP((#5178,#5182,#5219));
#6271=IFCFACEOUTERBOUND(#6270,.T.);
#6272=IFCFACE((#6271));
#6273=IFCPOLYLOOP((#5216,#5070,#5215));
#6274=IFCFACEOUTERBOUND(#6273,.T.);
#6275=IFCFACE((#6274));
#6276=IFCPOLYLOOP((#5164,#5165,#5180));
#6277=IFCFACEOUTERBOUND(#6276,.T.);
#6278=IFCFACE((#6277));
#6279=IFCPOLYLOOP((#5207,#5200,#5174));
#6280=IFCFACEOUTERBOUND(#6279,.T.);
#6281=IFCFACE((#6280));
#6282=IFCPOLYLOOP((#5151,#5179,#5176));
#6283=IFCFACEOUTERBOUND(#6282,.T.);
#6284=IFCFACE((#6283));
#6285=IFCPOLYLOOP((#4999,#5169,#5170));
#6286=IFCFACEOUTERBOUND(#6285,.T.);
#6287=IFCFACE((#6286));
#6288=IFCPOLYLOOP((#4999,#5173,#5169));
#6289=IFCFACEOUTERBOUND(#6288,.T.);
#6290=IFCFACE((#6289));
#6291=IFCPOLYLOOP((#5160,#5180,#5159));
#6292=IFCFACEOUTERBOUND(#6291,.T.);
#6293=IFCFACE((#6292));
#6294=IFCPOLYLOOP((#5173,#5172,#5168));
#6295=IFCFACEOUTERBOUND(#6294,.T.);
#6296=IFCFACE((#6295));
#6297=IFCPOLYLOOP((#5161,#5180,#5160));
#6298=IFCFACEOUTERBOUND(#6297,.T.);
#6299=IFCFACE((#6298));
#6300=IFCPOLYLOOP((#5164,#5229,#5163));
#6301=IFCFACEOUTERBOUND(#6300,.T.);
#6302=IFCFACE((#6301));
#6303=IFCPOLYLOOP((#5002,#5001,#5181));
#6304=IFCFACEOUTERBOUND(#6303,.T.);
#6305=IFCFACE((#6304));
#6306=IFCPOLYLOOP((#5186,#5252,#5211));
#6307=IFCFACEOUTERBOUND(#6306,.T.);
#6308=IFCFACE((#6307));
#6309=IFCPOLYLOOP((#5257,#5211,#5217));
#6310=IFCFACEOUTERBOUND(#6309,.T.);
#6311=IFCFACE((#6310));
#6312=IFCPOLYLOOP((#4976,#5171,#5024));
#6313=IFCFACEOUTERBOUND(#6312,.T.);
#6314=IFCFACE((#6313));
#6315=IFCPOLYLOOP((#5010,#5196,#5011));
#6316=IFCFACEOUTERBOUND(#6315,.T.);
#6317=IFCFACE((#6316));
#6318=IFCPOLYLOOP((#5194,#5007,#5006));
#6319=IFCFACEOUTERBOUND(#6318,.T.);
#6320=IFCFACE((#6319));
#6321=IFCPOLYLOOP((#5170,#5171,#4999));
#6322=IFCFACEOUTERBOUND(#6321,.T.);
#6323=IFCFACE((#6322));
#6324=IFCPOLYLOOP((#5162,#5076,#5229));
#6325=IFCFACEOUTERBOUND(#6324,.T.);
#6326=IFCFACE((#6325));
#6327=IFCPOLYLOOP((#5174,#5191,#5208));
#6328=IFCFACEOUTERBOUND(#6327,.T.);
#6329=IFCFACE((#6328));
#6330=IFCPOLYLOOP((#5214,#5197,#5188));
#6331=IFCFACEOUTERBOUND(#6330,.T.);
#6332=IFCFACE((#6331));
#6333=IFCPOLYLOOP((#5220,#5179,#5178));
#6334=IFCFACEOUTERBOUND(#6333,.T.);
#6335=IFCFACE((#6334));
#6336=IFCPOLYLOOP((#5189,#5236,#5224));
#6337=IFCFACEOUTERBOUND(#6336,.T.);
#6338=IFCFACE((#6337));
#6339=IFCPOLYLOOP((#5203,#4995,#5192));
#6340=IFCFACEOUTERBOUND(#6339,.T.);
#6341=IFCFACE((#6340));
#6342=IFCPOLYLOOP((#5080,#5223,#5000));
#6343=IFCFACEOUTERBOUND(#6342,.T.);
#6344=IFCFACE((#6343));
#6345=IFCPOLYLOOP((#5191,#5174,#5176));
#6346=IFCFACEOUTERBOUND(#6345,.T.);
#6347=IFCFACE((#6346));
#6348=IFCPOLYLOOP((#4989,#5247,#5197));
#6349=IFCFACEOUTERBOUND(#6348,.T.);
#6350=IFCFACE((#6349));
#6351=IFCPOLYLOOP((#5248,#5249,#5081));
#6352=IFCFACEOUTERBOUND(#6351,.T.);
#6353=IFCFACE((#6352));
#6354=IFCPOLYLOOP((#5234,#5187,#5232));
#6355=IFCFACEOUTERBOUND(#6354,.T.);
#6356=IFCFACE((#6355));
#6357=IFCPOLYLOOP((#5245,#5243,#5198));
#6358=IFCFACEOUTERBOUND(#6357,.T.);
#6359=IFCFACE((#6358));
#6360=IFCPOLYLOOP((#5247,#5081,#5249));
#6361=IFCFACEOUTERBOUND(#6360,.T.);
#6362=IFCFACE((#6361));
#6363=IFCPOLYLOOP((#5241,#5245,#5198));
#6364=IFCFACEOUTERBOUND(#6363,.T.);
#6365=IFCFACE((#6364));
#6366=IFCPOLYLOOP((#5003,#5002,#5200));
#6367=IFCFACEOUTERBOUND(#6366,.T.);
#6368=IFCFACE((#6367));
#6369=IFCPOLYLOOP((#5181,#5200,#5002));
#6370=IFCFACEOUTERBOUND(#6369,.T.);
#6371=IFCFACE((#6370));
#6372=IFCPOLYLOOP((#5231,#5222,#5184));
#6373=IFCFACEOUTERBOUND(#6372,.T.);
#6374=IFCFACE((#6373));
#6375=IFCPOLYLOOP((#5258,#5227,#5201));
#6376=IFCFACEOUTERBOUND(#6375,.T.);
#6377=IFCFACE((#6376));
#6378=IFCPOLYLOOP((#5202,#5177,#5251));
#6379=IFCFACEOUTERBOUND(#6378,.T.);
#6380=IFCFACE((#6379));
#6381=IFCPOLYLOOP((#5237,#4997,#4996));
#6382=IFCFACEOUTERBOUND(#6381,.T.);
#6383=IFCFACE((#6382));
#6384=IFCPOLYLOOP((#5227,#5238,#5201));
#6385=IFCFACEOUTERBOUND(#6384,.T.);
#6386=IFCFACE((#6385));
#6387=IFCPOLYLOOP((#5202,#5237,#5175));
#6388=IFCFACEOUTERBOUND(#6387,.T.);
#6389=IFCFACE((#6388));
#6390=IFCPOLYLOOP((#5185,#5204,#5193));
#6391=IFCFACEOUTERBOUND(#6390,.T.);
#6392=IFCFACE((#6391));
#6393=IFCPOLYLOOP((#5192,#4994,#5204));
#6394=IFCFACEOUTERBOUND(#6393,.T.);
#6395=IFCFACE((#6394));
#6396=IFCPOLYLOOP((#5214,#5205,#4991));
#6397=IFCFACEOUTERBOUND(#6396,.T.);
#6398=IFCFACE((#6397));
#6399=IFCPOLYLOOP((#5206,#5205,#5188));
#6400=IFCFACEOUTERBOUND(#6399,.T.);
#6401=IFCFACE((#6400));
#6402=IFCPOLYLOOP((#5256,#5188,#5235));
#6403=IFCFACEOUTERBOUND(#6402,.T.);
#6404=IFCFACE((#6403));
#6405=IFCPOLYLOOP((#5218,#5217,#5185));
#6406=IFCFACEOUTERBOUND(#6405,.T.);
#6407=IFCFACE((#6406));
#6408=IFCPOLYLOOP((#5207,#5174,#5224));
#6409=IFCFACEOUTERBOUND(#6408,.T.);
#6410=IFCFACE((#6409));
#6411=IFCPOLYLOOP((#5004,#5003,#5207));
#6412=IFCFACEOUTERBOUND(#6411,.T.);
#6413=IFCFACE((#6412));
#6414=IFCPOLYLOOP((#5220,#5221,#5191));
#6415=IFCFACEOUTERBOUND(#6414,.T.);
#6416=IFCFACE((#6415));
#6417=IFCPOLYLOOP((#5221,#5222,#5208));
#6418=IFCFACEOUTERBOUND(#6417,.T.);
#6419=IFCFACE((#6418));
#6420=IFCPOLYLOOP((#5236,#5209,#5005));
#6421=IFCFACEOUTERBOUND(#6420,.T.);
#6422=IFCFACE((#6421));
#6423=IFCPOLYLOOP((#5189,#5231,#5210));
#6424=IFCFACEOUTERBOUND(#6423,.T.);
#6425=IFCFACE((#6424));
#6426=IFCPOLYLOOP((#5189,#5210,#5209));
#6427=IFCFACEOUTERBOUND(#6426,.T.);
#6428=IFCFACE((#6427));
#6429=IFCPOLYLOOP((#5210,#5184,#5211));
#6430=IFCFACEOUTERBOUND(#6429,.T.);
#6431=IFCFACE((#6430));
#6432=IFCPOLYLOOP((#5217,#5211,#5184));
#6433=IFCFACEOUTERBOUND(#6432,.T.);
#6434=IFCFACE((#6433));
#6435=IFCPOLYLOOP((#5232,#5233,#5183));
#6436=IFCFACEOUTERBOUND(#6435,.T.);
#6437=IFCFACE((#6436));
#6438=IFCPOLYLOOP((#5194,#5212,#5007));
#6439=IFCFACEOUTERBOUND(#6438,.T.);
#6440=IFCFACE((#6439));
#6441=IFCPOLYLOOP((#5195,#5213,#5009));
#6442=IFCFACEOUTERBOUND(#6441,.T.);
#6443=IFCFACE((#6442));
#6444=IFCPOLYLOOP((#5196,#5213,#5187));
#6445=IFCFACEOUTERBOUND(#6444,.T.);
#6446=IFCFACE((#6445));
#6447=IFCPOLYLOOP((#5197,#5214,#4990));
#6448=IFCFACEOUTERBOUND(#6447,.T.);
#6449=IFCFACE((#6448));
#6450=IFCPOLYLOOP((#5205,#5214,#5188));
#6451=IFCFACEOUTERBOUND(#6450,.T.);
#6452=IFCFACE((#6451));
#6453=IFCPOLYLOOP((#5215,#5178,#5216));
#6454=IFCFACEOUTERBOUND(#6453,.T.);
#6455=IFCFACE((#6454));
#6456=IFCPOLYLOOP((#5155,#5215,#5070));
#6457=IFCFACEOUTERBOUND(#6456,.T.);
#6458=IFCFACE((#6457));
#6459=IFCPOLYLOOP((#5178,#5179,#5216));
#6460=IFCFACEOUTERBOUND(#6459,.T.);
#6461=IFCFACE((#6460));
#6462=IFCPOLYLOOP((#5228,#5230,#5154));
#6463=IFCFACEOUTERBOUND(#6462,.T.);
#6464=IFCFACE((#6463));
#6465=IFCPOLYLOOP((#5253,#5217,#5184));
#6466=IFCFACEOUTERBOUND(#6465,.T.);
#6467=IFCFACE((#6466));
#6468=IFCPOLYLOOP((#5254,#5218,#5185));
#6469=IFCFACEOUTERBOUND(#6468,.T.);
#6470=IFCFACE((#6469));
#6471=IFCPOLYLOOP((#5255,#5218,#5254));
#6472=IFCFACEOUTERBOUND(#6471,.T.);
#6473=IFCFACE((#6472));
#6474=IFCPOLYLOOP((#5218,#5183,#5233));
#6475=IFCFACEOUTERBOUND(#6474,.T.);
#6476=IFCFACE((#6475));
#6477=IFCPOLYLOOP((#5225,#5182,#5177));
#6478=IFCFACEOUTERBOUND(#6477,.T.);
#6479=IFCFACE((#6478));
#6480=IFCPOLYLOOP((#5190,#5221,#5220));
#6481=IFCFACEOUTERBOUND(#6480,.T.);
#6482=IFCFACE((#6481));
#6483=IFCPOLYLOOP((#5190,#5220,#5219));
#6484=IFCFACEOUTERBOUND(#6483,.T.);
#6485=IFCFACE((#6484));
#6486=IFCPOLYLOOP((#5179,#5220,#5191));
#6487=IFCFACEOUTERBOUND(#6486,.T.);
#6488=IFCFACE((#6487));
#6489=IFCPOLYLOOP((#5222,#5221,#5190));
#6490=IFCFACEOUTERBOUND(#6489,.T.);
#6491=IFCFACE((#6490));
#6492=IFCPOLYLOOP((#5208,#5191,#5221));
#6493=IFCFACEOUTERBOUND(#6492,.T.);
#6494=IFCFACE((#6493));
#6495=IFCPOLYLOOP((#5226,#5190,#5225));
#6496=IFCFACEOUTERBOUND(#6495,.T.);
#6497=IFCFACE((#6496));
#6498=IFCPOLYLOOP((#5258,#5253,#5222));
#6499=IFCFACEOUTERBOUND(#6498,.T.);
#6500=IFCFACE((#6499));
#6501=IFCPOLYLOOP((#5000,#5223,#5001));
#6502=IFCFACEOUTERBOUND(#6501,.T.);
#6503=IFCFACE((#6502));
#6504=IFCPOLYLOOP((#5080,#5147,#5223));
#6505=IFCFACEOUTERBOUND(#6504,.T.);
#6506=IFCFACE((#6505));
#6507=IFCPOLYLOOP((#5174,#5208,#5224));
#6508=IFCFACEOUTERBOUND(#6507,.T.);
#6509=IFCFACE((#6508));
#6510=IFCPOLYLOOP((#5208,#5189,#5224));
#6511=IFCFACEOUTERBOUND(#6510,.T.);
#6512=IFCFACE((#6511));
#6513=IFCPOLYLOOP((#5182,#5225,#5219));
#6514=IFCFACEOUTERBOUND(#6513,.T.);
#6515=IFCFACE((#6514));
#6516=IFCPOLYLOOP((#5175,#5225,#5177));
#6517=IFCFACEOUTERBOUND(#6516,.T.);
#6518=IFCFACE((#6517));
#6519=IFCPOLYLOOP((#5226,#5175,#5227));
#6520=IFCFACEOUTERBOUND(#6519,.T.);
#6521=IFCFACE((#6520));
#6522=IFCPOLYLOOP((#5222,#5190,#5226));
#6523=IFCFACEOUTERBOUND(#6522,.T.);
#6524=IFCFACE((#6523));
#6525=IFCPOLYLOOP((#5237,#5227,#5175));
#6526=IFCFACEOUTERBOUND(#6525,.T.);
#6527=IFCFACE((#6526));
#6528=IFCPOLYLOOP((#5238,#5203,#5192));
#6529=IFCFACEOUTERBOUND(#6528,.T.);
#6530=IFCFACE((#6529));
#6531=IFCPOLYLOOP((#5228,#5057,#5230));
#6532=IFCFACEOUTERBOUND(#6531,.T.);
#6533=IFCFACE((#6532));
#6534=IFCPOLYLOOP((#5163,#5229,#5076));
#6535=IFCFACEOUTERBOUND(#6534,.T.);
#6536=IFCFACE((#6535));
#6537=IFCPOLYLOOP((#5161,#5229,#5180));
#6538=IFCFACEOUTERBOUND(#6537,.T.);
#6539=IFCFACE((#6538));
#6540=IFCPOLYLOOP((#5152,#5230,#5179));
#6541=IFCFACEOUTERBOUND(#6540,.T.);
#6542=IFCFACE((#6541));
#6543=IFCPOLYLOOP((#5154,#5230,#5153));
#6544=IFCFACEOUTERBOUND(#6543,.T.);
#6545=IFCFACE((#6544));
#6546=IFCPOLYLOOP((#5222,#5231,#5208));
#6547=IFCFACEOUTERBOUND(#6546,.T.);
#6548=IFCFACE((#6547));
#6549=IFCPOLYLOOP((#5210,#5231,#5184));
#6550=IFCFACEOUTERBOUND(#6549,.T.);
#6551=IFCFACE((#6550));
#6552=IFCPOLYLOOP((#5233,#5232,#5186));
#6553=IFCFACEOUTERBOUND(#6552,.T.);
#6554=IFCFACE((#6553));
#6555=IFCPOLYLOOP((#5234,#5232,#5183));
#6556=IFCFACEOUTERBOUND(#6555,.T.);
#6557=IFCFACE((#6556));
#6558=IFCPOLYLOOP((#5186,#5211,#5233));
#6559=IFCFACEOUTERBOUND(#6558,.T.);
#6560=IFCFACE((#6559));
#6561=IFCPOLYLOOP((#5233,#5211,#5257));
#6562=IFCFACEOUTERBOUND(#6561,.T.);
#6563=IFCFACE((#6562));
#6564=IFCPOLYLOOP((#5183,#5255,#5256));
#6565=IFCFACEOUTERBOUND(#6564,.T.);
#6566=IFCFACE((#6565));
#6567=IFCPOLYLOOP((#5240,#5187,#5234));
#6568=IFCFACEOUTERBOUND(#6567,.T.);
#6569=IFCFACE((#6568));
#6570=IFCPOLYLOOP((#5250,#5235,#5188));
#6571=IFCFACEOUTERBOUND(#6570,.T.);
#6572=IFCFACE((#6571));
#6573=IFCPOLYLOOP((#5240,#5241,#5198));
#6574=IFCFACEOUTERBOUND(#6573,.T.);
#6575=IFCFACE((#6574));
#6576=IFCPOLYLOOP((#5224,#5236,#5207));
#6577=IFCFACEOUTERBOUND(#6576,.T.);
#6578=IFCFACE((#6577));
#6579=IFCPOLYLOOP((#5236,#5189,#5209));
#6580=IFCFACEOUTERBOUND(#6579,.T.);
#6581=IFCFACE((#6580));
#6582=IFCPOLYLOOP((#5237,#5202,#4997));
#6583=IFCFACEOUTERBOUND(#6582,.T.);
#6584=IFCFACE((#6583));
#6585=IFCPOLYLOOP((#5227,#5237,#5203));
#6586=IFCFACEOUTERBOUND(#6585,.T.);
#6587=IFCFACE((#6586));
#6588=IFCPOLYLOOP((#5203,#5238,#5227));
#6589=IFCFACEOUTERBOUND(#6588,.T.);
#6590=IFCFACE((#6589));
#6591=IFCPOLYLOOP((#5239,#5192,#5185));
#6592=IFCFACEOUTERBOUND(#6591,.T.);
#6593=IFCFACE((#6592));
#6594=IFCPOLYLOOP((#5192,#5239,#5238));
#6595=IFCFACEOUTERBOUND(#6594,.T.);
#6596=IFCFACE((#6595));
#6597=IFCPOLYLOOP((#5217,#5239,#5185));
#6598=IFCFACEOUTERBOUND(#6597,.T.);
#6599=IFCFACE((#6598));
#6600=IFCPOLYLOOP((#5241,#5234,#5235));
#6601=IFCFACEOUTERBOUND(#6600,.T.);
#6602=IFCFACE((#6601));
#6603=IFCPOLYLOOP((#5242,#5240,#5198));
#6604=IFCFACEOUTERBOUND(#6603,.T.);
#6605=IFCFACE((#6604));
#6606=IFCPOLYLOOP((#5235,#5199,#5241));
#6607=IFCFACEOUTERBOUND(#6606,.T.);
#6608=IFCFACE((#6607));
#6609=IFCPOLYLOOP((#5199,#5248,#5245));
#6610=IFCFACEOUTERBOUND(#6609,.T.);
#6611=IFCFACE((#6610));
#6612=IFCPOLYLOOP((#5243,#5244,#5198));
#6613=IFCFACEOUTERBOUND(#6612,.T.);
#6614=IFCFACE((#6613));
#6615=IFCPOLYLOOP((#5187,#5242,#5196));
#6616=IFCFACEOUTERBOUND(#6615,.T.);
#6617=IFCFACE((#6616));
#6618=IFCPOLYLOOP((#5198,#5244,#5242));
#6619=IFCFACEOUTERBOUND(#6618,.T.);
#6620=IFCFACE((#6619));
#6621=IFCPOLYLOOP((#5243,#5082,#5244));
#6622=IFCFACEOUTERBOUND(#6621,.T.);
#6623=IFCFACE((#6622));
#6624=IFCPOLYLOOP((#5244,#5082,#5246));
#6625=IFCFACEOUTERBOUND(#6624,.T.);
#6626=IFCFACE((#6625));
#6627=IFCPOLYLOOP((#5199,#5245,#5241));
#6628=IFCFACEOUTERBOUND(#6627,.T.);
#6629=IFCFACE((#6628));
#6630=IFCPOLYLOOP((#5245,#5248,#5067,#5118,#5071,#5243));
#6631=IFCFACEOUTERBOUND(#6630,.T.);
#6632=IFCFACE((#6631));
#6633=IFCPOLYLOOP((#5244,#5246,#5196));
#6634=IFCFACEOUTERBOUND(#6633,.T.);
#6635=IFCFACE((#6634));
#6636=IFCPOLYLOOP((#5012,#5246,#5082));
#6637=IFCFACEOUTERBOUND(#6636,.T.);
#6638=IFCFACE((#6637));
#6639=IFCPOLYLOOP((#4988,#5247,#4989));
#6640=IFCFACEOUTERBOUND(#6639,.T.);
#6641=IFCFACE((#6640));
#6642=IFCPOLYLOOP((#5249,#5248,#5199));
#6643=IFCFACEOUTERBOUND(#6642,.T.);
#6644=IFCFACE((#6643));
#6645=IFCPOLYLOOP((#5197,#5247,#5249));
#6646=IFCFACEOUTERBOUND(#6645,.T.);
#6647=IFCFACE((#6646));
#6648=IFCPOLYLOOP((#5250,#5249,#5199));
#6649=IFCFACEOUTERBOUND(#6648,.T.);
#6650=IFCFACE((#6649));
#6651=IFCPOLYLOOP((#5235,#5250,#5199));
#6652=IFCFACEOUTERBOUND(#6651,.T.);
#6653=IFCFACE((#6652));
#6654=IFCPOLYLOOP((#5188,#5197,#5250));
#6655=IFCFACEOUTERBOUND(#6654,.T.);
#6656=IFCFACE((#6655));
#6657=IFCPOLYLOOP((#5159,#5251,#5177));
#6658=IFCFACEOUTERBOUND(#6657,.T.);
#6659=IFCFACE((#6658));
#6660=IFCPOLYLOOP((#5251,#5180,#5166));
#6661=IFCFACEOUTERBOUND(#6660,.T.);
#6662=IFCFACE((#6661));
#6663=IFCPOLYLOOP((#5186,#5194,#5252));
#6664=IFCFACEOUTERBOUND(#6663,.T.);
#6665=IFCFACE((#6664));
#6666=IFCPOLYLOOP((#5210,#5252,#5194));
#6667=IFCFACEOUTERBOUND(#6666,.T.);
#6668=IFCFACE((#6667));
#6669=IFCPOLYLOOP((#5222,#5253,#5184));
#6670=IFCFACEOUTERBOUND(#6669,.T.);
#6671=IFCFACE((#6670));
#6672=IFCPOLYLOOP((#5239,#5253,#5201));
#6673=IFCFACEOUTERBOUND(#6672,.T.);
#6674=IFCFACE((#6673));
#6675=IFCPOLYLOOP((#5185,#5193,#5254));
#6676=IFCFACEOUTERBOUND(#6675,.T.);
#6677=IFCFACE((#6676));
#6678=IFCPOLYLOOP((#5206,#5254,#5193));
#6679=IFCFACEOUTERBOUND(#6678,.T.);
#6680=IFCFACE((#6679));
#6681=IFCPOLYLOOP((#5256,#5255,#5206));
#6682=IFCFACEOUTERBOUND(#6681,.T.);
#6683=IFCFACE((#6682));
#6684=IFCPOLYLOOP((#5183,#5218,#5255));
#6685=IFCFACEOUTERBOUND(#6684,.T.);
#6686=IFCFACE((#6685));
#6687=IFCPOLYLOOP((#5188,#5256,#5206));
#6688=IFCFACEOUTERBOUND(#6687,.T.);
#6689=IFCFACE((#6688));
#6690=IFCPOLYLOOP((#5183,#5256,#5235));
#6691=IFCFACEOUTERBOUND(#6690,.T.);
#6692=IFCFACE((#6691));
#6693=IFCPOLYLOOP((#5217,#5218,#5257));
#6694=IFCFACEOUTERBOUND(#6693,.T.);
#6695=IFCFACE((#6694));
#6696=IFCPOLYLOOP((#5233,#5257,#5218));
#6697=IFCFACEOUTERBOUND(#6696,.T.);
#6698=IFCFACE((#6697));
#6699=IFCPOLYLOOP((#5253,#5258,#5201));
#6700=IFCFACEOUTERBOUND(#6699,.T.);
#6701=IFCFACE((#6700));
#6702=IFCPOLYLOOP((#5226,#5258,#5222));
#6703=IFCFACEOUTERBOUND(#6702,.T.);
#6704=IFCFACE((#6703));
#6705=IFCPOLYLOOP((#5276,#5277,#5278,#5279,#5280,#5281,#5282,#5259,#5260,#5261,#5262,#5263,#5264,#5265,#5266,#5267,#5268,#5269,#5270,#5271,#5272,#5273,#5274,#5275));
#6706=IFCFACEOUTERBOUND(#6705,.T.);
#6707=IFCFACE((#6706));
#6708=IFCPOLYLOOP((#5300,#5301,#5302,#5303,#5304,#5305,#5306,#5283,#5284,#5285,#5286,#5287,#5288,#5289,#5290,#5291,#5292,#5293,#5294,#5295,#5296,#5297,#5298,#5299));
#6709=IFCFACEOUTERBOUND(#6708,.T.);
#6710=IFCFACE((#6709));
#6711=IFCPOLYLOOP((#5324,#5325,#5326,#5327,#5328,#5329,#5330,#5307,#5308,#5309,#5310,#5311,#5312,#5313,#5314,#5315,#5316,#5317,#5318,#5319,#5320,#5321,#5322,#5323));
#6712=IFCFACEOUTERBOUND(#6711,.T.);
#6713=IFCFACE((#6712));
#6714=IFCPOLYLOOP((#5024,#5170,#5272));
#6715=IFCFACEOUTERBOUND(#6714,.T.);
#6716=IFCFACE((#6715));
#6717=IFCPOLYLOOP((#5275,#5169,#5168));
#6718=IFCFACEOUTERBOUND(#6717,.T.);
#6719=IFCFACE((#6718));
#6720=IFCPOLYLOOP((#5170,#5169,#5273));
#6721=IFCFACEOUTERBOUND(#6720,.T.);
#6722=IFCFACE((#6721));
#6723=IFCPOLYLOOP((#5167,#5276,#5168));
#6724=IFCFACEOUTERBOUND(#6723,.T.);
#6725=IFCFACE((#6724));
#6726=IFCPOLYLOOP((#5170,#5273,#5272));
#6727=IFCFACEOUTERBOUND(#6726,.T.);
#6728=IFCFACE((#6727));
#6729=IFCPOLYLOOP((#5272,#5271,#5024));
#6730=IFCFACEOUTERBOUND(#6729,.T.);
#6731=IFCFACE((#6730));
#6732=IFCPOLYLOOP((#5169,#5275,#5274));
#6733=IFCFACEOUTERBOUND(#6732,.T.);
#6734=IFCFACE((#6733));
#6735=IFCPOLYLOOP((#5274,#5273,#5169));
#6736=IFCFACEOUTERBOUND(#6735,.T.);
#6737=IFCFACE((#6736));
#6738=IFCPOLYLOOP((#5168,#5276,#5275));
#6739=IFCFACEOUTERBOUND(#6738,.T.);
#6740=IFCFACE((#6739));
#6741=IFCPOLYLOOP((#5167,#5277,#5276));
#6742=IFCFACEOUTERBOUND(#6741,.T.);
#6743=IFCFACE((#6742));
#6744=IFCPOLYLOOP((#5165,#5278,#5166));
#6745=IFCFACEOUTERBOUND(#6744,.T.);
#6746=IFCFACE((#6745));
#6747=IFCPOLYLOOP((#5164,#5279,#5165));
#6748=IFCFACEOUTERBOUND(#6747,.T.);
#6749=IFCFACE((#6748));
#6750=IFCPOLYLOOP((#5282,#5163,#5033));
#6751=IFCFACEOUTERBOUND(#6750,.T.);
#6752=IFCFACE((#6751));
#6753=IFCPOLYLOOP((#5164,#5163,#5281));
#6754=IFCFACEOUTERBOUND(#6753,.T.);
#6755=IFCFACE((#6754));
#6756=IFCPOLYLOOP((#5282,#5033,#5259));
#6757=IFCFACEOUTERBOUND(#6756,.T.);
#6758=IFCFACE((#6757));
#6759=IFCPOLYLOOP((#5165,#5279,#5278));
#6760=IFCFACEOUTERBOUND(#6759,.T.);
#6761=IFCFACE((#6760));
#6762=IFCPOLYLOOP((#5278,#5277,#5166));
#6763=IFCFACEOUTERBOUND(#6762,.T.);
#6764=IFCFACE((#6763));
#6765=IFCPOLYLOOP((#5164,#5281,#5280));
#6766=IFCFACEOUTERBOUND(#6765,.T.);
#6767=IFCFACE((#6766));
#6768=IFCPOLYLOOP((#5280,#5279,#5164));
#6769=IFCFACEOUTERBOUND(#6768,.T.);
#6770=IFCFACE((#6769));
#6771=IFCPOLYLOOP((#5163,#5282,#5281));
#6772=IFCFACEOUTERBOUND(#6771,.T.);
#6773=IFCFACE((#6772));
#6774=IFCPOLYLOOP((#5166,#5277,#5167));
#6775=IFCFACEOUTERBOUND(#6774,.T.);
#6776=IFCFACE((#6775));
#6777=IFCPOLYLOOP((#5033,#5032,#5260));
#6778=IFCFACEOUTERBOUND(#6777,.T.);
#6779=IFCFACE((#6778));
#6780=IFCPOLYLOOP((#5263,#5031,#5030));
#6781=IFCFACEOUTERBOUND(#6780,.T.);
#6782=IFCFACE((#6781));
#6783=IFCPOLYLOOP((#5032,#5031,#5261));
#6784=IFCFACEOUTERBOUND(#6783,.T.);
#6785=IFCFACE((#6784));
#6786=IFCPOLYLOOP((#5029,#5264,#5030));
#6787=IFCFACEOUTERBOUND(#6786,.T.);
#6788=IFCFACE((#6787));
#6789=IFCPOLYLOOP((#5032,#5261,#5260));
#6790=IFCFACEOUTERBOUND(#6789,.T.);
#6791=IFCFACE((#6790));
#6792=IFCPOLYLOOP((#5260,#5259,#5033));
#6793=IFCFACEOUTERBOUND(#6792,.T.);
#6794=IFCFACE((#6793));
#6795=IFCPOLYLOOP((#5031,#5263,#5262));
#6796=IFCFACEOUTERBOUND(#6795,.T.);
#6797=IFCFACE((#6796));
#6798=IFCPOLYLOOP((#5262,#5261,#5031));
#6799=IFCFACEOUTERBOUND(#6798,.T.);
#6800=IFCFACE((#6799));
#6801=IFCPOLYLOOP((#5030,#5264,#5263));
#6802=IFCFACEOUTERBOUND(#6801,.T.);
#6803=IFCFACE((#6802));
#6804=IFCPOLYLOOP((#5029,#5265,#5264));
#6805=IFCFACEOUTERBOUND(#6804,.T.);
#6806=IFCFACE((#6805));
#6807=IFCPOLYLOOP((#5027,#5266,#5028));
#6808=IFCFACEOUTERBOUND(#6807,.T.);
#6809=IFCFACE((#6808));
#6810=IFCPOLYLOOP((#5026,#5267,#5027));
#6811=IFCFACEOUTERBOUND(#6810,.T.);
#6812=IFCFACE((#6811));
#6813=IFCPOLYLOOP((#5270,#5025,#5024));
#6814=IFCFACEOUTERBOUND(#6813,.T.);
#6815=IFCFACE((#6814));
#6816=IFCPOLYLOOP((#5026,#5025,#5269));
#6817=IFCFACEOUTERBOUND(#6816,.T.);
#6818=IFCFACE((#6817));
#6819=IFCPOLYLOOP((#5270,#5024,#5271));
#6820=IFCFACEOUTERBOUND(#6819,.T.);
#6821=IFCFACE((#6820));
#6822=IFCPOLYLOOP((#5027,#5267,#5266));
#6823=IFCFACEOUTERBOUND(#6822,.T.);
#6824=IFCFACE((#6823));
#6825=IFCPOLYLOOP((#5266,#5265,#5028));
#6826=IFCFACEOUTERBOUND(#6825,.T.);
#6827=IFCFACE((#6826));
#6828=IFCPOLYLOOP((#5026,#5269,#5268));
#6829=IFCFACEOUTERBOUND(#6828,.T.);
#6830=IFCFACE((#6829));
#6831=IFCPOLYLOOP((#5268,#5267,#5026));
#6832=IFCFACEOUTERBOUND(#6831,.T.);
#6833=IFCFACE((#6832));
#6834=IFCPOLYLOOP((#5025,#5270,#5269));
#6835=IFCFACEOUTERBOUND(#6834,.T.);
#6836=IFCFACE((#6835));
#6837=IFCPOLYLOOP((#5028,#5265,#5029));
#6838=IFCFACEOUTERBOUND(#6837,.T.);
#6839=IFCFACE((#6838));
#6840=IFCPOLYLOOP((#5034,#5162,#5296));
#6841=IFCFACEOUTERBOUND(#6840,.T.);
#6842=IFCFACE((#6841));
#6843=IFCPOLYLOOP((#5299,#5161,#5160));
#6844=IFCFACEOUTERBOUND(#6843,.T.);
#6845=IFCFACE((#6844));
#6846=IFCPOLYLOOP((#5162,#5161,#5297));
#6847=IFCFACEOUTERBOUND(#6846,.T.);
#6848=IFCFACE((#6847));
#6849=IFCPOLYLOOP((#5159,#5300,#5160));
#6850=IFCFACEOUTERBOUND(#6849,.T.);
#6851=IFCFACE((#6850));
#6852=IFCPOLYLOOP((#5162,#5297,#5296));
#6853=IFCFACEOUTERBOUND(#6852,.T.);
#6854=IFCFACE((#6853));
#6855=IFCPOLYLOOP((#5296,#5295,#5034));
#6856=IFCFACEOUTERBOUND(#6855,.T.);
#6857=IFCFACE((#6856));
#6858=IFCPOLYLOOP((#5161,#5299,#5298));
#6859=IFCFACEOUTERBOUND(#6858,.T.);
#6860=IFCFACE((#6859));
#6861=IFCPOLYLOOP((#5298,#5297,#5161));
#6862=IFCFACEOUTERBOUND(#6861,.T.);
#6863=IFCFACE((#6862));
#6864=IFCPOLYLOOP((#5160,#5300,#5299));
#6865=IFCFACEOUTERBOUND(#6864,.T.);
#6866=IFCFACE((#6865));
#6867=IFCPOLYLOOP((#5159,#5301,#5300));
#6868=IFCFACEOUTERBOUND(#6867,.T.);
#6869=IFCFACE((#6868));
#6870=IFCPOLYLOOP((#5157,#5302,#5158));
#6871=IFCFACEOUTERBOUND(#6870,.T.);
#6872=IFCFACE((#6871));
#6873=IFCPOLYLOOP((#5156,#5303,#5157));
#6874=IFCFACEOUTERBOUND(#6873,.T.);
#6875=IFCFACE((#6874));
#6876=IFCPOLYLOOP((#5306,#5155,#5043));
#6877=IFCFACEOUTERBOUND(#6876,.T.);
#6878=IFCFACE((#6877));
#6879=IFCPOLYLOOP((#5156,#5155,#5305));
#6880=IFCFACEOUTERBOUND(#6879,.T.);
#6881=IFCFACE((#6880));
#6882=IFCPOLYLOOP((#5306,#5043,#5283));
#6883=IFCFACEOUTERBOUND(#6882,.T.);
#6884=IFCFACE((#6883));
#6885=IFCPOLYLOOP((#5157,#5303,#5302));
#6886=IFCFACEOUTERBOUND(#6885,.T.);
#6887=IFCFACE((#6886));
#6888=IFCPOLYLOOP((#5302,#5301,#5158));
#6889=IFCFACEOUTERBOUND(#6888,.T.);
#6890=IFCFACE((#6889));
#6891=IFCPOLYLOOP((#5156,#5305,#5304));
#6892=IFCFACEOUTERBOUND(#6891,.T.);
#6893=IFCFACE((#6892));
#6894=IFCPOLYLOOP((#5304,#5303,#5156));
#6895=IFCFACEOUTERBOUND(#6894,.T.);
#6896=IFCFACE((#6895));
#6897=IFCPOLYLOOP((#5155,#5306,#5305));
#6898=IFCFACEOUTERBOUND(#6897,.T.);
#6899=IFCFACE((#6898));
#6900=IFCPOLYLOOP((#5158,#5301,#5159));
#6901=IFCFACEOUTERBOUND(#6900,.T.);
#6902=IFCFACE((#6901));
#6903=IFCPOLYLOOP((#5043,#5042,#5284));
#6904=IFCFACEOUTERBOUND(#6903,.T.);
#6905=IFCFACE((#6904));
#6906=IFCPOLYLOOP((#5287,#5041,#5040));
#6907=IFCFACEOUTERBOUND(#6906,.T.);
#6908=IFCFACE((#6907));
#6909=IFCPOLYLOOP((#5042,#5041,#5285));
#6910=IFCFACEOUTERBOUND(#6909,.T.);
#6911=IFCFACE((#6910));
#6912=IFCPOLYLOOP((#5039,#5288,#5040));
#6913=IFCFACEOUTERBOUND(#6912,.T.);
#6914=IFCFACE((#6913));
#6915=IFCPOLYLOOP((#5042,#5285,#5284));
#6916=IFCFACEOUTERBOUND(#6915,.T.);
#6917=IFCFACE((#6916));
#6918=IFCPOLYLOOP((#5284,#5283,#5043));
#6919=IFCFACEOUTERBOUND(#6918,.T.);
#6920=IFCFACE((#6919));
#6921=IFCPOLYLOOP((#5041,#5287,#5286));
#6922=IFCFACEOUTERBOUND(#6921,.T.);
#6923=IFCFACE((#6922));
#6924=IFCPOLYLOOP((#5286,#5285,#5041));
#6925=IFCFACEOUTERBOUND(#6924,.T.);
#6926=IFCFACE((#6925));
#6927=IFCPOLYLOOP((#5040,#5288,#5287));
#6928=IFCFACEOUTERBOUND(#6927,.T.);
#6929=IFCFACE((#6928));
#6930=IFCPOLYLOOP((#5039,#5289,#5288));
#6931=IFCFACEOUTERBOUND(#6930,.T.);
#6932=IFCFACE((#6931));
#6933=IFCPOLYLOOP((#5037,#5290,#5038));
#6934=IFCFACEOUTERBOUND(#6933,.T.);
#6935=IFCFACE((#6934));
#6936=IFCPOLYLOOP((#5036,#5291,#5037));
#6937=IFCFACEOUTERBOUND(#6936,.T.);
#6938=IFCFACE((#6937));
#6939=IFCPOLYLOOP((#5294,#5035,#5034));
#6940=IFCFACEOUTERBOUND(#6939,.T.);
#6941=IFCFACE((#6940));
#6942=IFCPOLYLOOP((#5036,#5035,#5293));
#6943=IFCFACEOUTERBOUND(#6942,.T.);
#6944=IFCFACE((#6943));
#6945=IFCPOLYLOOP((#5294,#5034,#5295));
#6946=IFCFACEOUTERBOUND(#6945,.T.);
#6947=IFCFACE((#6946));
#6948=IFCPOLYLOOP((#5037,#5291,#5290));
#6949=IFCFACEOUTERBOUND(#6948,.T.);
#6950=IFCFACE((#6949));
#6951=IFCPOLYLOOP((#5290,#5289,#5038));
#6952=IFCFACEOUTERBOUND(#6951,.T.);
#6953=IFCFACE((#6952));
#6954=IFCPOLYLOOP((#5036,#5293,#5292));
#6955=IFCFACEOUTERBOUND(#6954,.T.);
#6956=IFCFACE((#6955));
#6957=IFCPOLYLOOP((#5292,#5291,#5036));
#6958=IFCFACEOUTERBOUND(#6957,.T.);
#6959=IFCFACE((#6958));
#6960=IFCPOLYLOOP((#5035,#5294,#5293));
#6961=IFCFACEOUTERBOUND(#6960,.T.);
#6962=IFCFACE((#6961));
#6963=IFCPOLYLOOP((#5038,#5289,#5039));
#6964=IFCFACEOUTERBOUND(#6963,.T.);
#6965=IFCFACE((#6964));
#6966=IFCPOLYLOOP((#5044,#5154,#5320));
#6967=IFCFACEOUTERBOUND(#6966,.T.);
#6968=IFCFACE((#6967));
#6969=IFCPOLYLOOP((#5323,#5153,#5152));
#6970=IFCFACEOUTERBOUND(#6969,.T.);
#6971=IFCFACE((#6970));
#6972=IFCPOLYLOOP((#5154,#5153,#5321));
#6973=IFCFACEOUTERBOUND(#6972,.T.);
#6974=IFCFACE((#6973));
#6975=IFCPOLYLOOP((#5151,#5324,#5152));
#6976=IFCFACEOUTERBOUND(#6975,.T.);
#6977=IFCFACE((#6976));
#6978=IFCPOLYLOOP((#5154,#5321,#5320));
#6979=IFCFACEOUTERBOUND(#6978,.T.);
#6980=IFCFACE((#6979));
#6981=IFCPOLYLOOP((#5320,#5319,#5044));
#6982=IFCFACEOUTERBOUND(#6981,.T.);
#6983=IFCFACE((#6982));
#6984=IFCPOLYLOOP((#5153,#5323,#5322));
#6985=IFCFACEOUTERBOUND(#6984,.T.);
#6986=IFCFACE((#6985));
#6987=IFCPOLYLOOP((#5322,#5321,#5153));
#6988=IFCFACEOUTERBOUND(#6987,.T.);
#6989=IFCFACE((#6988));
#6990=IFCPOLYLOOP((#5152,#5324,#5323));
#6991=IFCFACEOUTERBOUND(#6990,.T.);
#6992=IFCFACE((#6991));
#6993=IFCPOLYLOOP((#5151,#5325,#5324));
#6994=IFCFACEOUTERBOUND(#6993,.T.);
#6995=IFCFACE((#6994));
#6996=IFCPOLYLOOP((#5149,#5326,#5150));
#6997=IFCFACEOUTERBOUND(#6996,.T.);
#6998=IFCFACE((#6997));
#6999=IFCPOLYLOOP((#5148,#5327,#5149));
#7000=IFCFACEOUTERBOUND(#6999,.T.);
#7001=IFCFACE((#7000));
#7002=IFCPOLYLOOP((#5330,#5147,#5053));
#7003=IFCFACEOUTERBOUND(#7002,.T.);
#7004=IFCFACE((#7003));
#7005=IFCPOLYLOOP((#5148,#5147,#5329));
#7006=IFCFACEOUTERBOUND(#7005,.T.);
#7007=IFCFACE((#7006));
#7008=IFCPOLYLOOP((#5330,#5053,#5307));
#7009=IFCFACEOUTERBOUND(#7008,.T.);
#7010=IFCFACE((#7009));
#7011=IFCPOLYLOOP((#5149,#5327,#5326));
#7012=IFCFACEOUTERBOUND(#7011,.T.);
#7013=IFCFACE((#7012));
#7014=IFCPOLYLOOP((#5326,#5325,#5150));
#7015=IFCFACEOUTERBOUND(#7014,.T.);
#7016=IFCFACE((#7015));
#7017=IFCPOLYLOOP((#5148,#5329,#5328));
#7018=IFCFACEOUTERBOUND(#7017,.T.);
#7019=IFCFACE((#7018));
#7020=IFCPOLYLOOP((#5328,#5327,#5148));
#7021=IFCFACEOUTERBOUND(#7020,.T.);
#7022=IFCFACE((#7021));
#7023=IFCPOLYLOOP((#5147,#5330,#5329));
#7024=IFCFACEOUTERBOUND(#7023,.T.);
#7025=IFCFACE((#7024));
#7026=IFCPOLYLOOP((#5150,#5325,#5151));
#7027=IFCFACEOUTERBOUND(#7026,.T.);
#7028=IFCFACE((#7027));
#7029=IFCPOLYLOOP((#5053,#5052,#5308));
#7030=IFCFACEOUTERBOUND(#7029,.T.);
#7031=IFCFACE((#7030));
#7032=IFCPOLYLOOP((#5311,#5051,#5050));
#7033=IFCFACEOUTERBOUND(#7032,.T.);
#7034=IFCFACE((#7033));
#7035=IFCPOLYLOOP((#5052,#5051,#5309));
#7036=IFCFACEOUTERBOUND(#7035,.T.);
#7037=IFCFACE((#7036));
#7038=IFCPOLYLOOP((#5049,#5312,#5050));
#7039=IFCFACEOUTERBOUND(#7038,.T.);
#7040=IFCFACE((#7039));
#7041=IFCPOLYLOOP((#5052,#5309,#5308));
#7042=IFCFACEOUTERBOUND(#7041,.T.);
#7043=IFCFACE((#7042));
#7044=IFCPOLYLOOP((#5308,#5307,#5053));
#7045=IFCFACEOUTERBOUND(#7044,.T.);
#7046=IFCFACE((#7045));
#7047=IFCPOLYLOOP((#5051,#5311,#5310));
#7048=IFCFACEOUTERBOUND(#7047,.T.);
#7049=IFCFACE((#7048));
#7050=IFCPOLYLOOP((#5310,#5309,#5051));
#7051=IFCFACEOUTERBOUND(#7050,.T.);
#7052=IFCFACE((#7051));
#7053=IFCPOLYLOOP((#5050,#5312,#5311));
#7054=IFCFACEOUTERBOUND(#7053,.T.);
#7055=IFCFACE((#7054));
#7056=IFCPOLYLOOP((#5049,#5313,#5312));
#7057=IFCFACEOUTERBOUND(#7056,.T.);
#7058=IFCFACE((#7057));
#7059=IFCPOLYLOOP((#5047,#5314,#5048));
#7060=IFCFACEOUTERBOUND(#7059,.T.);
#7061=IFCFACE((#7060));
#7062=IFCPOLYLOOP((#5046,#5315,#5047));
#7063=IFCFACEOUTERBOUND(#7062,.T.);
#7064=IFCFACE((#7063));
#7065=IFCPOLYLOOP((#5318,#5045,#5044));
#7066=IFCFACEOUTERBOUND(#7065,.T.);
#7067=IFCFACE((#7066));
#7068=IFCPOLYLOOP((#5046,#5045,#5317));
#7069=IFCFACEOUTERBOUND(#7068,.T.);
#7070=IFCFACE((#7069));
#7071=IFCPOLYLOOP((#5318,#5044,#5319));
#7072=IFCFACEOUTERBOUND(#7071,.T.);
#7073=IFCFACE((#7072));
#7074=IFCPOLYLOOP((#5047,#5315,#5314));
#7075=IFCFACEOUTERBOUND(#7074,.T.);
#7076=IFCFACE((#7075));
#7077=IFCPOLYLOOP((#5314,#5313,#5048));
#7078=IFCFACEOUTERBOUND(#7077,.T.);
#7079=IFCFACE((#7078));
#7080=IFCPOLYLOOP((#5046,#5317,#5316));
#7081=IFCFACEOUTERBOUND(#7080,.T.);
#7082=IFCFACE((#7081));
#7083=IFCPOLYLOOP((#5316,#5315,#5046));
#7084=IFCFACEOUTERBOUND(#7083,.T.);
#7085=IFCFACE((#7084));
#7086=IFCPOLYLOOP((#5045,#5318,#5317));
#7087=IFCFACEOUTERBOUND(#7086,.T.);
#7088=IFCFACE((#7087));
#7089=IFCPOLYLOOP((#5048,#5313,#5049));
#7090=IFCFACEOUTERBOUND(#7089,.T.);
#7091=IFCFACE((#7090));
#7092=IFCCARTESIANPOINT((-0.30499999999991129,-0.,1.8499999999999719));
#7093=IFCCARTESIANPOINT((-0.30499999999991129,-0.0025881904510558244,1.8496592582628626));
#7094=IFCCARTESIANPOINT((-0.30499999999991129,-0.0050000000000306258,1.8486602540378163));
#7095=IFCCARTESIANPOINT((-0.30499999999991129,-0.0070710678118960577,1.8470710678118376));
#7096=IFCCARTESIANPOINT((-0.30499999999991129,-0.0086602540378749419,1.844999999999972));
#7097=IFCCARTESIANPOINT((-0.30499999999991129,-0.0096592582629212356,1.8425881904509973));
#7098=IFCCARTESIANPOINT((-0.30499999999991129,-0.010000000000030556,1.8399999999999721));
#7099=IFCCARTESIANPOINT((-0.30499999999991129,-0.0096592582629212668,1.8374118095489469));
#7100=IFCCARTESIANPOINT((-0.30499999999991129,-0.0086602540378749888,1.8349999999999722));
#7101=IFCCARTESIANPOINT((-0.30499999999991129,-0.0070710678118960854,1.8329289321881066));
#7102=IFCCARTESIANPOINT((-0.30499999999991129,-0.0050000000000305009,1.8313397459621277));
#7103=IFCCARTESIANPOINT((-0.30499999999991129,-0.0025881904510557147,1.8303407417370816));
#7104=IFCCARTESIANPOINT((-0.30499999999991129,-0.,1.8299999999999723));
#7105=IFCCARTESIANPOINT((-0.30499999999991129,0.0025881904509948046,1.8303407417370816));
#7106=IFCCARTESIANPOINT((-0.30499999999991129,0.0049999999999695939,1.8313397459621279));
#7107=IFCCARTESIANPOINT((-0.30499999999991129,0.0070710678118350023,1.8329289321881066));
#7108=IFCCARTESIANPOINT((-0.30499999999991129,0.008660254037813871,1.8349999999999722));
#7109=IFCCARTESIANPOINT((-0.30499999999991129,0.0096592582628601421,1.8374118095489469));
#7110=IFCCARTESIANPOINT((-0.30499999999991129,0.0099999999999694448,1.8399999999999721));
#7111=IFCCARTESIANPOINT((-0.30499999999991129,0.0096592582628600692,1.8425881904509975));
#7112=IFCCARTESIANPOINT((-0.30499999999991129,0.0086602540378137235,1.8449999999999722));
#7113=IFCCARTESIANPOINT((-0.30499999999991129,0.0070710678118347794,1.8470710678118378));
#7114=IFCCARTESIANPOINT((-0.30499999999991129,0.0049999999999693172,1.8486602540378165));
#7115=IFCCARTESIANPOINT((-0.30499999999991129,0.0025881904509945162,1.849659258262863));
#7116=IFCCARTESIANPOINT((-0.35459999999999359,-0.,1.8499999999999719));
#7117=IFCCARTESIANPOINT((-0.3548347171423078,-0.0034450745554832868,1.8493878358159295));
#7118=IFCCARTESIANPOINT((-0.35542941704971198,-0.0064378920062128668,1.8476520289150202));
#7119=IFCCARTESIANPOINT((-0.35611810254902065,-0.0086495649683468318,1.845018468477394));
#7120=IFCCARTESIANPOINT((-0.35658576614082571,-0.0098454889563036919,1.8417510988583761));
#7121=IFCCARTESIANPOINT((-0.35658556262076124,-0.0098450049372516158,1.8382461819403968));
#7122=IFCCARTESIANPOINT((-0.35611792631776423,-0.0086490783692256806,1.8349806929398769));
#7123=IFCCARTESIANPOINT((-0.35542857939044559,-0.0064346941830214985,1.8323452817967081));
#7124=IFCCARTESIANPOINT((-0.35483461544209077,-0.0034443315829115074,1.8306118915671106));
#7125=IFCCARTESIANPOINT((-0.35459999999999359,-0.,1.8299999999999723));
#7126=IFCCARTESIANPOINT((-0.35483461544209027,0.0034443315828578684,1.8306118915671132));
#7127=IFCCARTESIANPOINT((-0.35542857939044403,0.0064346941829646724,1.8323452817967116));
#7128=IFCCARTESIANPOINT((-0.35611792631776107,0.0086490783691663374,1.83498069293988));
#7129=IFCCARTESIANPOINT((-0.35658556262075691,0.0098450049371907097,1.8382461819403979));
#7130=IFCCARTESIANPOINT((-0.35658576614082138,0.0098454889562428118,1.841751098858375));
#7131=IFCCARTESIANPOINT((-0.35611810254901749,0.008649564968287532,1.8450184684773907));
#7132=IFCCARTESIANPOINT((-0.35542941704971043,0.0064378920061562038,1.8476520289150165));
#7133=IFCCARTESIANPOINT((-0.35483471714230724,0.0034450745554296227,1.8493878358159268));
#7134=IFCCARTESIANPOINT((-0.30499999999991129,-0.,1.3999999999999719));
#7135=IFCCARTESIANPOINT((-0.30499999999991129,-0.0025881904510496015,1.3996592582628626));
#7136=IFCCARTESIANPOINT((-0.30499999999991129,-0.0050000000000244042,1.3986602540378164));
#7137=IFCCARTESIANPOINT((-0.30499999999991129,-0.0070710678118898352,1.3970710678118374));
#7138=IFCCARTESIANPOINT((-0.30499999999991129,-0.0086602540378687195,1.394999999999972));
#7139=IFCCARTESIANPOINT((-0.30499999999991129,-0.0096592582629150131,1.3925881904509971));
#7140=IFCCARTESIANPOINT((-0.30499999999991129,-0.010000000000024333,1.3899999999999721));
#7141=IFCCARTESIANPOINT((-0.30499999999991129,-0.0096592582629150443,1.3874118095489469));
#7142=IFCCARTESIANPOINT((-0.30499999999991129,-0.0086602540378687663,1.384999999999972));
#7143=IFCCARTESIANPOINT((-0.30499999999991129,-0.007071067811889863,1.3829289321881066));
#7144=IFCCARTESIANPOINT((-0.30499999999991129,-0.0050000000000242793,1.3813397459621275));
#7145=IFCCARTESIANPOINT((-0.30499999999991129,-0.0025881904510494918,1.3803407417370814));
#7146=IFCCARTESIANPOINT((-0.30499999999991129,-0.,1.3799999999999721));
#7147=IFCCARTESIANPOINT((-0.30499999999991129,0.0025881904510010275,1.3803407417370814));
#7148=IFCCARTESIANPOINT((-0.30499999999991129,0.0049999999999758163,1.3813397459621277));
#7149=IFCCARTESIANPOINT((-0.30499999999991129,0.0070710678118412248,1.3829289321881066));
#7150=IFCCARTESIANPOINT((-0.30499999999991129,0.0086602540378200935,1.384999999999972));
#7151=IFCCARTESIANPOINT((-0.30499999999991129,0.0096592582628663645,1.3874118095489469));
#7152=IFCCARTESIANPOINT((-0.30499999999991129,0.0099999999999756672,1.3899999999999721));
#7153=IFCCARTESIANPOINT((-0.30499999999991129,0.0096592582628662917,1.3925881904509976));
#7154=IFCCARTESIANPOINT((-0.30499999999991129,0.008660254037819946,1.3949999999999723));
#7155=IFCCARTESIANPOINT((-0.30499999999991129,0.0070710678118410019,1.3970710678118377));
#7156=IFCCARTESIANPOINT((-0.30499999999991129,0.0049999999999755396,1.3986602540378166));
#7157=IFCCARTESIANPOINT((-0.30499999999991129,0.0025881904510007391,1.3996592582628629));
#7158=IFCCARTESIANPOINT((-0.35459999999999359,-0.,1.3999999999999719));
#7159=IFCCARTESIANPOINT((-0.35483471714230747,-0.0034450745554815707,1.3993878358159277));
#7160=IFCCARTESIANPOINT((-0.35542941704971104,-0.0064378920062092646,1.3976520289150181));
#7161=IFCCARTESIANPOINT((-0.35611810254901877,-0.0086495649683416206,1.3950184684773921));
#7162=IFCCARTESIANPOINT((-0.35658576614082321,-0.0098454889562975961,1.3917510988583754));
#7163=IFCCARTESIANPOINT((-0.35658556262075874,-0.0098450049372454732,1.3882461819403971));
#7164=IFCCARTESIANPOINT((-0.35611792631776235,-0.0086490783692204313,1.3849806929398787));
#7165=IFCCARTESIANPOINT((-0.35542857939044475,-0.0064346941830180507,1.3823452817967101));
#7166=IFCCARTESIANPOINT((-0.35483461544209055,-0.0034443315829096959,1.3806118915671119));
#7167=IFCCARTESIANPOINT((-0.35459999999999359,-0.,1.3799999999999721));
#7168=IFCCARTESIANPOINT((-0.35483461544209055,0.0034443315828595195,1.3806118915671113));
#7169=IFCCARTESIANPOINT((-0.35542857939044498,0.0064346941829683882,1.3823452817967095));
#7170=IFCCARTESIANPOINT((-0.35611792631776296,0.0086490783691714028,1.3849806929398778));
#7171=IFCCARTESIANPOINT((-0.35658556262075958,0.0098450049371968489,1.3882461819403973));
#7172=IFCCARTESIANPOINT((-0.35658576614082399,0.0098454889562488695,1.3917510988583757));
#7173=IFCCARTESIANPOINT((-0.35611810254901938,0.008649564968292606,1.3950184684773925));
#7174=IFCCARTESIANPOINT((-0.35542941704971137,0.006437892006159786,1.3976520289150189));
#7175=IFCCARTESIANPOINT((-0.35483471714230752,0.0034450745554313509,1.3993878358159284));
#7176=IFCCARTESIANPOINT((-0.30499999999991129,-0.,0.38999999999997187));
#7177=IFCCARTESIANPOINT((-0.30499999999991129,-0.0025881904510356179,0.38965925826286252));
#7178=IFCCARTESIANPOINT((-0.30499999999991129,-0.0050000000000104067,0.38866025403781618));
#7179=IFCCARTESIANPOINT((-0.30499999999991129,-0.0070710678118758689,0.38707106781183731));
#7180=IFCCARTESIANPOINT((-0.30499999999991129,-0.0086602540378547532,0.38499999999997181));
#7181=IFCCARTESIANPOINT((-0.30499999999991129,-0.0096592582629010625,0.38258819045099696));
#7182=IFCCARTESIANPOINT((-0.30499999999991129,-0.010000000000010369,0.3799999999999718));
#7183=IFCCARTESIANPOINT((-0.30499999999991129,-0.0096592582629010451,0.3774118095489466));
#7184=IFCCARTESIANPOINT((-0.30499999999991129,-0.0086602540378547411,0.3749999999999718));
#7185=IFCCARTESIANPOINT((-0.30499999999991129,-0.0070710678118758282,0.37292893218810635));
#7186=IFCCARTESIANPOINT((-0.30499999999991129,-0.0050000000000103434,0.37133974596212743));
#7187=IFCCARTESIANPOINT((-0.30499999999991129,-0.0025881904510355602,0.37034074173708115));
#7188=IFCCARTESIANPOINT((-0.30499999999991129,-0.,0.3699999999999718));
#7189=IFCCARTESIANPOINT((-0.30499999999991129,0.0025881904510149179,0.3703407417370812));
#7190=IFCCARTESIANPOINT((-0.30499999999991129,0.0049999999999896993,0.37133974596212743));
#7191=IFCCARTESIANPOINT((-0.30499999999991129,0.0070710678118551477,0.37292893218810641));
#7192=IFCCARTESIANPOINT((-0.30499999999991129,0.0086602540378340545,0.37499999999997186));
#7193=IFCCARTESIANPOINT((-0.30499999999991129,0.0096592582628803273,0.37741180954894665));
#7194=IFCCARTESIANPOINT((-0.30499999999991129,0.0099999999999896335,0.37999999999997192));
#7195=IFCCARTESIANPOINT((-0.30499999999991129,0.00965925826288031,0.38258819045099707));
#7196=IFCCARTESIANPOINT((-0.30499999999991129,0.0086602540378340007,0.38499999999997181));
#7197=IFCCARTESIANPOINT((-0.30499999999991129,0.0070710678118550826,0.38707106781183731));
#7198=IFCCARTESIANPOINT((-0.30499999999991129,0.0049999999999895883,0.38866025403781618));
#7199=IFCCARTESIANPOINT((-0.30499999999991129,0.0025881904510147938,0.38965925826286252));
#7200=IFCCARTESIANPOINT((-0.35459999999999359,-0.,0.38999999999997187));
#7201=IFCCARTESIANPOINT((-0.35483471714230691,-0.0034450745554775722,0.38938783581592384));
#7202=IFCCARTESIANPOINT((-0.35542941704970893,-0.0064378920062012016,0.38765202891501288));
#7203=IFCCARTESIANPOINT((-0.35611810254901466,-0.0086495649683301454,0.38501846847738758));
#7204=IFCCARTESIANPOINT((-0.35658576614081738,-0.0098454889562839421,0.38175109885837333));
#7205=IFCCARTESIANPOINT((-0.35658556262075297,-0.0098450049372318365,0.37824618194039866));
#7206=IFCCARTESIANPOINT((-0.35611792631775813,-0.0086490783692088347,0.37498069293988245));
#7207=IFCCARTESIANPOINT((-0.35542857939044259,-0.0064346941830097744,0.37234528179671483));
#7208=IFCCARTESIANPOINT((-0.35483461544209,-0.0034443315829058275,0.37061189156711549));
#7209=IFCCARTESIANPOINT((-0.35459999999999359,-0.,0.3699999999999718));
#7210=IFCCARTESIANPOINT((-0.35483461544209111,0.0034443315828634608,0.3706118915671075));
#7211=IFCCARTESIANPOINT((-0.35542857939044709,0.0064346941829765353,0.37234528179670434));
#7212=IFCCARTESIANPOINT((-0.35611792631776706,0.0086490783691830237,0.37498069293987368));
#7213=IFCCARTESIANPOINT((-0.35658556262076524,0.0098450049372105029,0.37824618194039528));
#7214=IFCCARTESIANPOINT((-0.35658576614082976,0.0098454889562625946,0.38175109885837677));
#7215=IFCCARTESIANPOINT((-0.3561181025490236,0.0086495649683043189,0.38501846847739635));
#7216=IFCCARTESIANPOINT((-0.35542941704971348,0.0064378920061678576,0.38765202891502348));
#7217=IFCCARTESIANPOINT((-0.35483471714230808,0.0034450745554352054,0.38938783581593184));
#7218=IFCCARTESIANPOINT((-0.40539999999999354,-0.,1.8899999999999979));
#7219=IFCCARTESIANPOINT((-0.40453451598773593,-0.0065740037456292564,1.8899999999999979));
#7220=IFCCARTESIANPOINT((-0.40199704525611835,-0.012700000000025231,1.8899999999999979));
#7221=IFCCARTESIANPOINT((-0.39796051224213191,-0.017960512242163558,1.8899999999999979));
#7222=IFCCARTESIANPOINT((-0.39269999999999361,-0.021997045256150007,1.8899999999999979));
#7223=IFCCARTESIANPOINT((-0.38657400374559769,-0.024534515987767624,1.8899999999999979));
#7224=IFCCARTESIANPOINT((-0.37999999999999368,-0.025400000000025316,1.8899999999999979));
#7225=IFCCARTESIANPOINT((-0.3734259962543896,-0.024534515987767683,1.8899999999999979));
#7226=IFCCARTESIANPOINT((-0.36729999999999363,-0.021997045256150125,1.8899999999999979));
#7227=IFCCARTESIANPOINT((-0.36203948775785533,-0.017960512242163724,1.8899999999999979));
#7228=IFCCARTESIANPOINT((-0.35800295474386884,-0.012700000000025444,1.8899999999999979));
#7229=IFCCARTESIANPOINT((-0.35546548401225125,-0.006574003745629494,1.8899999999999979));
#7230=IFCCARTESIANPOINT((-0.35459999999999359,-0.,1.8899999999999979));
#7231=IFCCARTESIANPOINT((-0.35546548401225125,0.0065740037455787066,1.8899999999999979));
#7232=IFCCARTESIANPOINT((-0.35800295474386878,0.012699999999974673,1.8899999999999979));
#7233=IFCCARTESIANPOINT((-0.36203948775785527,0.01796051224211298,1.8899999999999979));
#7234=IFCCARTESIANPOINT((-0.36729999999999352,0.021997045256099412,1.8899999999999979));
#7235=IFCCARTESIANPOINT((-0.37342599625438949,0.024534515987717009,1.8899999999999979));
#7236=IFCCARTESIANPOINT((-0.37999999999999345,0.025399999999974682,1.8899999999999979));
#7237=IFCCARTESIANPOINT((-0.38657400374559753,0.024534515987717029,1.8899999999999979));
#7238=IFCCARTESIANPOINT((-0.3926999999999935,0.02199704525609945,1.8899999999999979));
#7239=IFCCARTESIANPOINT((-0.39796051224213186,0.017960512242113032,1.8899999999999979));
#7240=IFCCARTESIANPOINT((-0.40199704525611824,0.01269999999997474,1.8899999999999979));
#7241=IFCCARTESIANPOINT((-0.40453451598773582,0.0065740037455787837,1.8899999999999979));
#7242=IFCCARTESIANPOINT((-0.40539999999999354,-0.,-0.));
#7243=IFCCARTESIANPOINT((-0.40453451598773582,0.0065740037455787837,-0.));
#7244=IFCCARTESIANPOINT((-0.40199704525611824,0.01269999999997474,-0.));
#7245=IFCCARTESIANPOINT((-0.39796051224213186,0.017960512242113032,-0.));
#7246=IFCCARTESIANPOINT((-0.3926999999999935,0.02199704525609945,-0.));
#7247=IFCCARTESIANPOINT((-0.38657400374559753,0.024534515987717029,-0.));
#7248=IFCCARTESIANPOINT((-0.37999999999999345,0.025399999999974682,-0.));
#7249=IFCCARTESIANPOINT((-0.37342599625438949,0.024534515987717009,-0.));
#7250=IFCCARTESIANPOINT((-0.36729999999999352,0.021997045256099412,-0.));
#7251=IFCCARTESIANPOINT((-0.36203948775785527,0.01796051224211298,-0.));
#7252=IFCCARTESIANPOINT((-0.35800295474386878,0.012699999999974673,-0.));
#7253=IFCCARTESIANPOINT((-0.35546548401225125,0.0065740037455787066,-0.));
#7254=IFCCARTESIANPOINT((-0.35459999999999359,-0.,-0.));
#7255=IFCCARTESIANPOINT((-0.35546548401225125,-0.006574003745629494,-0.));
#7256=IFCCARTESIANPOINT((-0.35800295474386884,-0.012700000000025444,-0.));
#7257=IFCCARTESIANPOINT((-0.36203948775785533,-0.017960512242163724,-0.));
#7258=IFCCARTESIANPOINT((-0.36729999999999363,-0.021997045256150125,-0.));
#7259=IFCCARTESIANPOINT((-0.3734259962543896,-0.024534515987767683,-0.));
#7260=IFCCARTESIANPOINT((-0.37999999999999368,-0.025400000000025316,-0.));
#7261=IFCCARTESIANPOINT((-0.38657400374559769,-0.024534515987767624,-0.));
#7262=IFCCARTESIANPOINT((-0.39269999999999361,-0.021997045256150007,-0.));
#7263=IFCCARTESIANPOINT((-0.39796051224213191,-0.017960512242163558,-0.));
#7264=IFCCARTESIANPOINT((-0.40199704525611835,-0.012700000000025231,-0.));
#7265=IFCCARTESIANPOINT((-0.40453451598773593,-0.0065740037456292564,-0.));
#7266=IFCCARTESIANPOINT((-0.35503274200612245,-0.0032870018728276308,1.8899999999999979));
#7267=IFCCARTESIANPOINT((-0.3567342193780601,-0.0096370018728276132,1.8899999999999979));
#7268=IFCCARTESIANPOINT((-0.35609985169515573,-0.0081055028092286308,1.8899999999999979));
#7269=IFCCARTESIANPOINT((-0.35459999999999359,-0.,1.0280461051410965));
#7270=IFCCARTESIANPOINT((-0.3616491640922016,-0.017561515352787289,0.37768783280441248));
#7271=IFCCARTESIANPOINT((-0.3641406224569565,-0.019840366527572463,1.3868465162725514));
#7272=IFCCARTESIANPOINT((-0.35658208893635351,-0.0098367393691174212,0.97275820577652761));
#7273=IFCCARTESIANPOINT((-0.35876394793344085,-0.013935210534016645,0.37884326138826191));
#7274=IFCCARTESIANPOINT((-0.35973713930299672,-0.015315889669714837,1.3884225965033019));
#7275=IFCCARTESIANPOINT((-0.35651190436758001,-0.0096679555006778713,0.67724964679283195));
#7276=IFCCARTESIANPOINT((-0.35647002957539242,-0.0095655889425523798,1.6149980489143252));
#7277=IFCCARTESIANPOINT((-0.35646243756397494,-0.0095468924038667642,0.16772301801701525));
#7278=IFCCARTESIANPOINT((-0.35646083314138971,-0.0095429357958277602,1.1805137541477522));
#7279=IFCCARTESIANPOINT((-0.39546254029594941,-0.020151174844086933,0.94500000003166129));
#7280=IFCCARTESIANPOINT((-0.37668463471642605,-0.025182699478764989,0.80097103973983186));
#7281=IFCCARTESIANPOINT((-0.40539999999999354,-0.,0.94499946937865431));
#7282=IFCCARTESIANPOINT((-0.35459999999999359,-0.,0.74195389485884755));
#7283=IFCCARTESIANPOINT((-0.3833153652661701,-0.02518269948105455,1.3201787491765926));
#7284=IFCCARTESIANPOINT((-0.40539999999999354,-0.,0.35195264723899838));
#7285=IFCCARTESIANPOINT((-0.40539999999999354,-0.,1.5380473527609977));
#7286=IFCCARTESIANPOINT((-0.38972015918028602,-0.023466540126549633,0.50166381633871393));
#7287=IFCCARTESIANPOINT((-0.40015117484183022,-0.015462540298880785,0.50166381650447567));
#7288=IFCCARTESIANPOINT((-0.40015117483101487,-0.015462540312975646,1.3883361840362523));
#7289=IFCCARTESIANPOINT((-0.35459999999999359,-0.,1.6540231116176873));
#7290=IFCCARTESIANPOINT((-0.3702798408167528,-0.023466540125328412,0.40861603882897696));
#7291=IFCCARTESIANPOINT((-0.36014967598411779,-0.015846912521546571,0.65664848126168018));
#7292=IFCCARTESIANPOINT((-0.36176009086375127,-0.017676699768410371,1.0267733632366409));
#7293=IFCCARTESIANPOINT((-0.35459999999999359,-0.,0.19402363769698941));
#7294=IFCCARTESIANPOINT((-0.37668463470876756,-0.025182699477756733,1.5567236697571569));
#7295=IFCCARTESIANPOINT((-0.38972015917191827,-0.023466540130015662,1.5567236697106039));
#7296=IFCCARTESIANPOINT((-0.3833153652810174,-0.025182699479099863,0.30576871159307306));
#7297=IFCCARTESIANPOINT((-0.39546254029538858,-0.020151174844517231,0.3057687116788283));
#7298=IFCCARTESIANPOINT((-0.40346654012484456,-0.0097201591843575023,0.30576871179527049));
#7299=IFCCARTESIANPOINT((-0.40346654012031291,-0.0097201591952979245,1.5842312885815295));
#7300=IFCCARTESIANPOINT((-0.40415361377160225,-0.0078589402448644759,0.70325973946489906));
#7301=IFCCARTESIANPOINT((-0.40415361376676678,-0.0078589402597259318,1.1867402605307058));
#7302=IFCCARTESIANPOINT((-0.36010542700495296,-0.015791325636114351,0.18238707295571818));
#7303=IFCCARTESIANPOINT((-0.37448795121346662,-0.024794703429890076,1.178847354662574));
#7304=IFCCARTESIANPOINT((-0.3551431697286408,-0.0052247477318454402,1.0647368849415));
#7305=IFCCARTESIANPOINT((-0.35519712217873378,-0.005475148562727363,0.82962112868790294));
#7306=IFCCARTESIANPOINT((-0.37027984081227255,-0.023466540123472632,1.6406682742009857));
#7307=IFCCARTESIANPOINT((-0.38331536527497889,-0.025182699479894852,1.6406682741830296));
#7308=IFCCARTESIANPOINT((-0.39546254028945577,-0.020151174849069649,1.6406682741518306));
#7309=IFCCARTESIANPOINT((-0.39450590099975996,-0.020850391751380388,1.316970827638873));
#7310=IFCCARTESIANPOINT((-0.36182230159594198,-0.017740667426346689,1.6224021736630665));
#7311=IFCCARTESIANPOINT((-0.35863919328912852,-0.013743214204172126,1.0882804462047009));
#7312=IFCCARTESIANPOINT((-0.35886561354219104,-0.014088921500702857,0.86366304997264487));
#7313=IFCCARTESIANPOINT((-0.37668463471656577,-0.025182699478783384,0.24301720923551337));
#7314=IFCCARTESIANPOINT((-0.37859488296129029,-0.025361104985958907,0.52199412450731164));
#7315=IFCCARTESIANPOINT((-0.38450597255581753,-0.024997124061128036,0.7403147600311023));
#7316=IFCCARTESIANPOINT((-0.3653583783023861,-0.02075531050274124,0.59918650989859745));
#7317=IFCCARTESIANPOINT((-0.36388192983567164,-0.019630787405985256,0.1956403175065127));
#7318=IFCCARTESIANPOINT((-0.38972015918086311,-0.023466540126310591,0.23251964034647901));
#7319=IFCCARTESIANPOINT((-0.40015117484233553,-0.015462540298222234,0.23251964042341669));
#7320=IFCCARTESIANPOINT((-0.40015117483747187,-0.015462540304560698,1.6574803598520282));
#7321=IFCCARTESIANPOINT((-0.36558222959013903,-0.020911429803095311,0.38823056688631846));
#7322=IFCCARTESIANPOINT((-0.3550311591956597,-0.0046601490199423565,0.60795005285284864));
#7323=IFCCARTESIANPOINT((-0.38177272781291705,-0.025338062990342618,1.0228092687529236));
#7324=IFCCARTESIANPOINT((-0.38913953061744444,-0.02369871262524352,1.1125612844178123));
#7325=IFCCARTESIANPOINT((-0.35508784717329267,-0.0049542548924486202,0.18435862483559406));
#7326=IFCCARTESIANPOINT((-0.36876990587821878,-0.022782558811890129,0.91932396750786516));
#7327=IFCCARTESIANPOINT((-0.3608182998912367,-0.016649996424581041,1.2099148981018308));
#7328=IFCCARTESIANPOINT((-0.35507381984677167,-0.0048831898354839394,1.6387059390019021));
#7329=IFCCARTESIANPOINT((-0.36192077597720385,-0.017841010586137969,0.82584395552585865));
#7330=IFCCARTESIANPOINT((-0.37083847661395636,-0.023690219273959711,0.67168950471261446));
#7331=IFCCARTESIANPOINT((-0.37200940935717786,-0.024110380776341287,1.403982191733157));
#7332=IFCCARTESIANPOINT((-0.36825941627273062,-0.022523736229681544,1.1895810989968445));
#7333=IFCCARTESIANPOINT((-0.36423178805802081,-0.019912897633293757,1.1693332623299779));
#7334=IFCCARTESIANPOINT((-0.3954625402950307,-0.020151174844791845,0.59129833101133977));
#7335=IFCCARTESIANPOINT((-0.39111258098093521,-0.022840108229672841,0.76814916543258815));
#7336=IFCCARTESIANPOINT((-0.39918570281365529,-0.016645383971140366,0.76814916562427948));
#7337=IFCCARTESIANPOINT((-0.40040158787843849,-0.015130605144502821,1.0734163474602183));
#7338=IFCCARTESIANPOINT((-0.3702798408172277,-0.023466540125525123,0.18182578356861126));
#7339=IFCCARTESIANPOINT((-0.36780556376100254,-0.02228128642637834,1.4747820159253255));
#7340=IFCCARTESIANPOINT((-0.36573309561069162,-0.021014648204230817,1.6622905200374867));
#7341=IFCCARTESIANPOINT((-0.37663715976172557,-0.025176403745037941,1.3573054698864107));
#7342=IFCCARTESIANPOINT((-0.40199238798873921,-0.012708063210148019,0.67375633060065598));
#7343=IFCCARTESIANPOINT((-0.40288343890061284,-0.011023076888155178,0.91406088161677157));
#7344=IFCCARTESIANPOINT((-0.40343166706809169,-0.0098039266832376896,0.51350058479808491));
#7345=IFCCARTESIANPOINT((-0.40539999999999354,-0.,0.64847552768748284));
#7346=IFCCARTESIANPOINT((-0.40498368953446151,-0.0045798752434478302,0.5279937286856704));
#7347=IFCCARTESIANPOINT((-0.40476752261976173,-0.0056329231558362143,0.91670010126759172));
#7348=IFCCARTESIANPOINT((-0.40497008569936582,-0.0046534739889934834,0.21852789962445471));
#7349=IFCCARTESIANPOINT((-0.4049700856993953,-0.0046534739888352558,1.6714721005104087));
#7350=IFCCARTESIANPOINT((-0.40539999999999354,-0.,1.2415234110698261));
#7351=IFCCARTESIANPOINT((-0.40483749509523748,-0.005315904193455929,1.4289647426642005));
#7352=IFCCARTESIANPOINT((-0.40332315090191767,-0.010059355446875501,1.3741965684579611));
#7353=IFCCARTESIANPOINT((-0.35875885337473451,-0.013927443772816068,1.5804015567394119));
#7354=IFCCARTESIANPOINT((-0.38456379341447894,-0.024986632219472168,0.51999360829381525));
#7355=IFCCARTESIANPOINT((-0.37685873974117728,-0.025205009105089764,1.0025819925443786));
#7356=IFCCARTESIANPOINT((-0.38865306071338096,-0.023880631069794621,1.3365894821077391));
#7357=IFCCARTESIANPOINT((-0.39353456060954334,-0.021493619264970492,1.1216788058173681));
#7358=IFCCARTESIANPOINT((-0.39744049604385912,-0.018465890115151356,1.1760201967120727));
#7359=IFCCARTESIANPOINT((-0.38643064897965806,-0.024572479600186544,0.93586638683035583));
#7360=IFCCARTESIANPOINT((-0.35673421937805999,0.0096370018727766939,1.8899999999999979));
#7361=IFCCARTESIANPOINT((-0.35503274200612239,0.0032870018727767002,1.8899999999999979));
#7362=IFCCARTESIANPOINT((-0.35609985169515562,0.0081055028091777028,1.8899999999999979));
#7363=IFCCARTESIANPOINT((-0.36164916394495955,0.017561515198876616,0.37768782714412236));
#7364=IFCCARTESIANPOINT((-0.3641406225761728,0.019840366622817258,1.3868465136914343));
#7365=IFCCARTESIANPOINT((-0.35660650082068346,0.009894654928147683,0.83772188408358828));
#7366=IFCCARTESIANPOINT((-0.35876394787686794,0.01393521044775383,0.37884325822061782));
#7367=IFCCARTESIANPOINT((-0.35973713935190649,0.015315889734371532,1.3884225952968807));
#7368=IFCCARTESIANPOINT((-0.35649986686582247,0.0096386587591712671,1.1129433026600029));
#7369=IFCCARTESIANPOINT((-0.35646243758130225,0.009546892446536127,0.16772301730531516));
#7370=IFCCARTESIANPOINT((-0.35646975972131001,0.0095649251135036598,1.6150014983550427));
#7371=IFCCARTESIANPOINT((-0.35647279826871769,0.009572396705912584,0.60979916325718508));
#7372=IFCCARTESIANPOINT((-0.40539999999999354,-0.,1.1860947747566308));
#7373=IFCCARTESIANPOINT((-0.39546254035203099,0.020151174801003358,0.94500000070674273));
#7374=IFCCARTESIANPOINT((-0.37668463473156377,0.025182699480707275,0.80097103572418149));
#7375=IFCCARTESIANPOINT((-0.40539999999999354,-0.,0.70390522524336518));
#7376=IFCCARTESIANPOINT((-0.383315365337559,0.025182699471605396,1.3201787464246642));
#7377=IFCCARTESIANPOINT((-0.38972015919009506,0.023466540122435965,0.50166381790240366));
#7378=IFCCARTESIANPOINT((-0.40015117484661727,0.015462540292591509,0.50166381585950781));
#7379=IFCCARTESIANPOINT((-0.40015117486387525,0.015462540270100456,1.3883361842103517));
#7380=IFCCARTESIANPOINT((-0.37027984084021431,0.02346654013499587,0.40861605309446863));
#7381=IFCCARTESIANPOINT((-0.36175712152484885,0.017673635306303167,0.99828895010991614));
#7382=IFCCARTESIANPOINT((-0.360150541992039,0.015847997248537325,0.66591458664266523));
#7383=IFCCARTESIANPOINT((-0.3766846347526297,0.025182699483480658,1.5567236688511692));
#7384=IFCCARTESIANPOINT((-0.38972015920892267,0.023466540114637301,1.5567236687414838));
#7385=IFCCARTESIANPOINT((-0.38331536529188603,0.02518269947761835,0.30576871269176242));
#7386=IFCCARTESIANPOINT((-0.39546254030113576,0.020151174840056633,0.30576871171877484));
#7387=IFCCARTESIANPOINT((-0.4034665401327821,0.0097201591651438751,1.5842312887327483));
#7388=IFCCARTESIANPOINT((-0.40346654012712013,0.0097201591788131717,0.30576871147981255));
#7389=IFCCARTESIANPOINT((-0.36010542687681629,0.015791325474631752,0.18238706662847121));
#7390=IFCCARTESIANPOINT((-0.37448795126094186,0.024794703440393549,1.178847353113688));
#7391=IFCCARTESIANPOINT((-0.40391159214139105,0.0085671326161688485,1.2289654617590455));
#7392=IFCCARTESIANPOINT((-0.40391159213204325,0.0085671326422592786,0.66103453982308868));
#7393=IFCCARTESIANPOINT((-0.366750938147829,0.021670772022159761,0.73928161405085735));
#7394=IFCCARTESIANPOINT((-0.38331536530644633,0.02518269947570145,1.6406682742221637));
#7395=IFCCARTESIANPOINT((-0.37027984084306692,0.023466540136177463,1.6406682744006029));
#7396=IFCCARTESIANPOINT((-0.39546254031214428,0.020151174831609532,1.6406682740544556));
#7397=IFCCARTESIANPOINT((-0.39450590106570965,0.020850391705447693,1.316970828226695));
#7398=IFCCARTESIANPOINT((-0.36182230167466622,0.017740667506959629,1.6224021725535969));
#7399=IFCCARTESIANPOINT((-0.37668463472925839,0.025182699480403772,0.24301721023025033));
#7400=IFCCARTESIANPOINT((-0.37859488299353344,0.025361104987694692,0.52199412288600289));
#7401=IFCCARTESIANPOINT((-0.38450597252435897,0.024997124066748116,0.74031475755664422));
#7402=IFCCARTESIANPOINT((-0.36388192942888647,0.019630787071939264,0.19564031662463999));
#7403=IFCCARTESIANPOINT((-0.3897201591875174,0.023466540123503674,0.2325196410987409));
#7404=IFCCARTESIANPOINT((-0.40015117484557655,0.015462540293947813,0.23251964003822556));
#7405=IFCCARTESIANPOINT((-0.40015117485307244,0.015462540284179021,1.6574803599597423));
#7406=IFCCARTESIANPOINT((-0.36566063742971167,0.020965273217321501,0.39087564614692116));
#7407=IFCCARTESIANPOINT((-0.35516977754481754,0.0053497712872797362,0.73546159403226574));
#7408=IFCCARTESIANPOINT((-0.35518446353398492,0.0054174855702550789,0.96639546043868474));
#7409=IFCCARTESIANPOINT((-0.38177272776058635,0.025338062993953199,1.0228092669760727));
#7410=IFCCARTESIANPOINT((-0.38913953074087981,0.023698712577589428,1.1125612748783087));
#7411=IFCCARTESIANPOINT((-0.3550878472072696,0.0049542550632486462,0.18435861867038111));
#7412=IFCCARTESIANPOINT((-0.40070218780481598,0.014716637526728622,1.0606624477793893));
#7413=IFCCARTESIANPOINT((-0.35459999999999359,-0.,1.2040236374107742));
#7414=IFCCARTESIANPOINT((-0.35507375517884721,0.0048828597272528463,1.6387168790347724));
#7415=IFCCARTESIANPOINT((-0.35509490716807862,0.0049896243379084085,1.1727507325520252));
#7416=IFCCARTESIANPOINT((-0.37200940939658522,0.024110380789350905,1.4039821912543136));
#7417=IFCCARTESIANPOINT((-0.36809670707060854,0.022438173219674475,1.1860900071607117));
#7418=IFCCARTESIANPOINT((-0.37107039084036986,0.023778605515361081,0.9439375516073879));
#7419=IFCCARTESIANPOINT((-0.39961697673785646,0.016134876004027097,0.7848096947759895));
#7420=IFCCARTESIANPOINT((-0.39498717535215538,0.0205071834965827,0.65525156293888021));
#7421=IFCCARTESIANPOINT((-0.39049491157402777,0.023130430844496425,0.81889082149666681));
#7422=IFCCARTESIANPOINT((-0.40371285378895805,0.0091027778827527297,0.94500000089969971));
#7423=IFCCARTESIANPOINT((-0.4049746520123817,0.0046289044988939909,0.82445272538678605));
#7424=IFCCARTESIANPOINT((-0.40497465201295219,0.0046289044958160016,1.0655472754507676));
#7425=IFCCARTESIANPOINT((-0.37027984083133553,0.023466540131318148,0.1818257912137819));
#7426=IFCCARTESIANPOINT((-0.36177965742711993,0.017696867421276338,1.2143422620182622));
#7427=IFCCARTESIANPOINT((-0.35895018710654897,0.014214970177606942,1.1074301386386762));
#7428=IFCCARTESIANPOINT((-0.35893033574092181,0.0141855295286879,0.89898482218814491));
#7429=IFCCARTESIANPOINT((-0.36608732631257679,0.021250823769124471,0.97614371910262732));
#7430=IFCCARTESIANPOINT((-0.37323820761840898,0.024483426308160083,0.61027554730399181));
#7431=IFCCARTESIANPOINT((-0.36780556382264762,0.022281286460065719,1.4747820172007657));
#7432=IFCCARTESIANPOINT((-0.36573309566703044,0.021014648242428786,1.6622905194847528));
#7433=IFCCARTESIANPOINT((-0.37663715982494211,0.02517640375343122,1.3573054683515133));
#7434=IFCCARTESIANPOINT((-0.40497008570165377,0.0046534739766659313,1.6714721007858342));
#7435=IFCCARTESIANPOINT((-0.40483598280441269,0.0053229651641101368,1.4296931332593306));
#7436=IFCCARTESIANPOINT((-0.40497008570112514,0.0046534739795025285,0.2185278995969486));
#7437=IFCCARTESIANPOINT((-0.40483925338809046,0.0053076822739919058,0.46054511351783034));
#7438=IFCCARTESIANPOINT((-0.3587324154059508,0.013887038760460499,1.6862240306388441));
#7439=IFCCARTESIANPOINT((-0.38394165536160457,0.025092296686613048,0.52290230905735624));
#7440=IFCCARTESIANPOINT((-0.3768587397047759,0.025205009100502478,1.0025819886287475));
#7441=IFCCARTESIANPOINT((-0.38973328446083727,0.023461099155902942,1.3338775727653243));
#7442=IFCCARTESIANPOINT((-0.39353456069721621,0.02149361920971217,1.1216788069227692));
#7443=IFCCARTESIANPOINT((-0.39766886201057683,0.018247501616660933,1.1728870015814059));
#7444=IFCCARTESIANPOINT((-0.38643029109044996,0.02457257325740942,0.93591826717247006));
#7445=IFCPOLYLOOP((#7109,#7110,#7111,#7112,#7113,#7114,#7115,#7092,#7093,#7094,#7095,#7096,#7097,#7098,#7099,#7100,#7101,#7102,#7103,#7104,#7105,#7106,#7107,#7108));
#7446=IFCFACEOUTERBOUND(#7445,.T.);
#7447=IFCFACE((#7446));
#7448=IFCPOLYLOOP((#7151,#7152,#7153,#7154,#7155,#7156,#7157,#7134,#7135,#7136,#7137,#7138,#7139,#7140,#7141,#7142,#7143,#7144,#7145,#7146,#7147,#7148,#7149,#7150));
#7449=IFCFACEOUTERBOUND(#7448,.T.);
#7450=IFCFACE((#7449));
#7451=IFCPOLYLOOP((#7193,#7194,#7195,#7196,#7197,#7198,#7199,#7176,#7177,#7178,#7179,#7180,#7181,#7182,#7183,#7184,#7185,#7186,#7187,#7188,#7189,#7190,#7191,#7192));
#7452=IFCFACEOUTERBOUND(#7451,.T.);
#7453=IFCFACE((#7452));
#7454=IFCPOLYLOOP((#7116,#7117,#7093));
#7455=IFCFACEOUTERBOUND(#7454,.T.);
#7456=IFCFACE((#7455));
#7457=IFCPOLYLOOP((#7096,#7118,#7119));
#7458=IFCFACEOUTERBOUND(#7457,.T.);
#7459=IFCFACE((#7458));
#7460=IFCPOLYLOOP((#7117,#7118,#7094));
#7461=IFCFACEOUTERBOUND(#7460,.T.);
#7462=IFCFACE((#7461));
#7463=IFCPOLYLOOP((#7120,#7097,#7119));
#7464=IFCFACEOUTERBOUND(#7463,.T.);
#7465=IFCFACE((#7464));
#7466=IFCPOLYLOOP((#7117,#7094,#7093));
#7467=IFCFACEOUTERBOUND(#7466,.T.);
#7468=IFCFACE((#7467));
#7469=IFCPOLYLOOP((#7093,#7092,#7116));
#7470=IFCFACEOUTERBOUND(#7469,.T.);
#7471=IFCFACE((#7470));
#7472=IFCPOLYLOOP((#7118,#7096,#7095));
#7473=IFCFACEOUTERBOUND(#7472,.T.);
#7474=IFCFACE((#7473));
#7475=IFCPOLYLOOP((#7095,#7094,#7118));
#7476=IFCFACEOUTERBOUND(#7475,.T.);
#7477=IFCFACE((#7476));
#7478=IFCPOLYLOOP((#7119,#7097,#7096));
#7479=IFCFACEOUTERBOUND(#7478,.T.);
#7480=IFCFACE((#7479));
#7481=IFCPOLYLOOP((#7120,#7098,#7097));
#7482=IFCFACEOUTERBOUND(#7481,.T.);
#7483=IFCFACE((#7482));
#7484=IFCPOLYLOOP((#7122,#7099,#7121));
#7485=IFCFACEOUTERBOUND(#7484,.T.);
#7486=IFCFACE((#7485));
#7487=IFCPOLYLOOP((#7123,#7100,#7122));
#7488=IFCFACEOUTERBOUND(#7487,.T.);
#7489=IFCFACE((#7488));
#7490=IFCPOLYLOOP((#7103,#7124,#7125));
#7491=IFCFACEOUTERBOUND(#7490,.T.);
#7492=IFCFACE((#7491));
#7493=IFCPOLYLOOP((#7123,#7124,#7102));
#7494=IFCFACEOUTERBOUND(#7493,.T.);
#7495=IFCFACE((#7494));
#7496=IFCPOLYLOOP((#7103,#7125,#7104));
#7497=IFCFACEOUTERBOUND(#7496,.T.);
#7498=IFCFACE((#7497));
#7499=IFCPOLYLOOP((#7122,#7100,#7099));
#7500=IFCFACEOUTERBOUND(#7499,.T.);
#7501=IFCFACE((#7500));
#7502=IFCPOLYLOOP((#7099,#7098,#7121));
#7503=IFCFACEOUTERBOUND(#7502,.T.);
#7504=IFCFACE((#7503));
#7505=IFCPOLYLOOP((#7123,#7102,#7101));
#7506=IFCFACEOUTERBOUND(#7505,.T.);
#7507=IFCFACE((#7506));
#7508=IFCPOLYLOOP((#7101,#7100,#7123));
#7509=IFCFACEOUTERBOUND(#7508,.T.);
#7510=IFCFACE((#7509));
#7511=IFCPOLYLOOP((#7124,#7103,#7102));
#7512=IFCFACEOUTERBOUND(#7511,.T.);
#7513=IFCFACE((#7512));
#7514=IFCPOLYLOOP((#7121,#7098,#7120));
#7515=IFCFACEOUTERBOUND(#7514,.T.);
#7516=IFCFACE((#7515));
#7517=IFCPOLYLOOP((#7125,#7126,#7105));
#7518=IFCFACEOUTERBOUND(#7517,.T.);
#7519=IFCFACE((#7518));
#7520=IFCPOLYLOOP((#7108,#7127,#7128));
#7521=IFCFACEOUTERBOUND(#7520,.T.);
#7522=IFCFACE((#7521));
#7523=IFCPOLYLOOP((#7126,#7127,#7106));
#7524=IFCFACEOUTERBOUND(#7523,.T.);
#7525=IFCFACE((#7524));
#7526=IFCPOLYLOOP((#7129,#7109,#7128));
#7527=IFCFACEOUTERBOUND(#7526,.T.);
#7528=IFCFACE((#7527));
#7529=IFCPOLYLOOP((#7126,#7106,#7105));
#7530=IFCFACEOUTERBOUND(#7529,.T.);
#7531=IFCFACE((#7530));
#7532=IFCPOLYLOOP((#7105,#7104,#7125));
#7533=IFCFACEOUTERBOUND(#7532,.T.);
#7534=IFCFACE((#7533));
#7535=IFCPOLYLOOP((#7127,#7108,#7107));
#7536=IFCFACEOUTERBOUND(#7535,.T.);
#7537=IFCFACE((#7536));
#7538=IFCPOLYLOOP((#7107,#7106,#7127));
#7539=IFCFACEOUTERBOUND(#7538,.T.);
#7540=IFCFACE((#7539));
#7541=IFCPOLYLOOP((#7128,#7109,#7108));
#7542=IFCFACEOUTERBOUND(#7541,.T.);
#7543=IFCFACE((#7542));
#7544=IFCPOLYLOOP((#7129,#7110,#7109));
#7545=IFCFACEOUTERBOUND(#7544,.T.);
#7546=IFCFACE((#7545));
#7547=IFCPOLYLOOP((#7131,#7111,#7130));
#7548=IFCFACEOUTERBOUND(#7547,.T.);
#7549=IFCFACE((#7548));
#7550=IFCPOLYLOOP((#7132,#7112,#7131));
#7551=IFCFACEOUTERBOUND(#7550,.T.);
#7552=IFCFACE((#7551));
#7553=IFCPOLYLOOP((#7115,#7133,#7116));
#7554=IFCFACEOUTERBOUND(#7553,.T.);
#7555=IFCFACE((#7554));
#7556=IFCPOLYLOOP((#7132,#7133,#7114));
#7557=IFCFACEOUTERBOUND(#7556,.T.);
#7558=IFCFACE((#7557));
#7559=IFCPOLYLOOP((#7115,#7116,#7092));
#7560=IFCFACEOUTERBOUND(#7559,.T.);
#7561=IFCFACE((#7560));
#7562=IFCPOLYLOOP((#7131,#7112,#7111));
#7563=IFCFACEOUTERBOUND(#7562,.T.);
#7564=IFCFACE((#7563));
#7565=IFCPOLYLOOP((#7111,#7110,#7130));
#7566=IFCFACEOUTERBOUND(#7565,.T.);
#7567=IFCFACE((#7566));
#7568=IFCPOLYLOOP((#7132,#7114,#7113));
#7569=IFCFACEOUTERBOUND(#7568,.T.);
#7570=IFCFACE((#7569));
#7571=IFCPOLYLOOP((#7113,#7112,#7132));
#7572=IFCFACEOUTERBOUND(#7571,.T.);
#7573=IFCFACE((#7572));
#7574=IFCPOLYLOOP((#7133,#7115,#7114));
#7575=IFCFACEOUTERBOUND(#7574,.T.);
#7576=IFCFACE((#7575));
#7577=IFCPOLYLOOP((#7130,#7110,#7129));
#7578=IFCFACEOUTERBOUND(#7577,.T.);
#7579=IFCFACE((#7578));
#7580=IFCPOLYLOOP((#7158,#7159,#7135));
#7581=IFCFACEOUTERBOUND(#7580,.T.);
#7582=IFCFACE((#7581));
#7583=IFCPOLYLOOP((#7138,#7160,#7161));
#7584=IFCFACEOUTERBOUND(#7583,.T.);
#7585=IFCFACE((#7584));
#7586=IFCPOLYLOOP((#7159,#7160,#7136));
#7587=IFCFACEOUTERBOUND(#7586,.T.);
#7588=IFCFACE((#7587));
#7589=IFCPOLYLOOP((#7162,#7139,#7161));
#7590=IFCFACEOUTERBOUND(#7589,.T.);
#7591=IFCFACE((#7590));
#7592=IFCPOLYLOOP((#7159,#7136,#7135));
#7593=IFCFACEOUTERBOUND(#7592,.T.);
#7594=IFCFACE((#7593));
#7595=IFCPOLYLOOP((#7135,#7134,#7158));
#7596=IFCFACEOUTERBOUND(#7595,.T.);
#7597=IFCFACE((#7596));
#7598=IFCPOLYLOOP((#7160,#7138,#7137));
#7599=IFCFACEOUTERBOUND(#7598,.T.);
#7600=IFCFACE((#7599));
#7601=IFCPOLYLOOP((#7137,#7136,#7160));
#7602=IFCFACEOUTERBOUND(#7601,.T.);
#7603=IFCFACE((#7602));
#7604=IFCPOLYLOOP((#7161,#7139,#7138));
#7605=IFCFACEOUTERBOUND(#7604,.T.);
#7606=IFCFACE((#7605));
#7607=IFCPOLYLOOP((#7162,#7140,#7139));
#7608=IFCFACEOUTERBOUND(#7607,.T.);
#7609=IFCFACE((#7608));
#7610=IFCPOLYLOOP((#7164,#7141,#7163));
#7611=IFCFACEOUTERBOUND(#7610,.T.);
#7612=IFCFACE((#7611));
#7613=IFCPOLYLOOP((#7165,#7142,#7164));
#7614=IFCFACEOUTERBOUND(#7613,.T.);
#7615=IFCFACE((#7614));
#7616=IFCPOLYLOOP((#7145,#7166,#7167));
#7617=IFCFACEOUTERBOUND(#7616,.T.);
#7618=IFCFACE((#7617));
#7619=IFCPOLYLOOP((#7165,#7166,#7144));
#7620=IFCFACEOUTERBOUND(#7619,.T.);
#7621=IFCFACE((#7620));
#7622=IFCPOLYLOOP((#7145,#7167,#7146));
#7623=IFCFACEOUTERBOUND(#7622,.T.);
#7624=IFCFACE((#7623));
#7625=IFCPOLYLOOP((#7164,#7142,#7141));
#7626=IFCFACEOUTERBOUND(#7625,.T.);
#7627=IFCFACE((#7626));
#7628=IFCPOLYLOOP((#7141,#7140,#7163));
#7629=IFCFACEOUTERBOUND(#7628,.T.);
#7630=IFCFACE((#7629));
#7631=IFCPOLYLOOP((#7165,#7144,#7143));
#7632=IFCFACEOUTERBOUND(#7631,.T.);
#7633=IFCFACE((#7632));
#7634=IFCPOLYLOOP((#7143,#7142,#7165));
#7635=IFCFACEOUTERBOUND(#7634,.T.);
#7636=IFCFACE((#7635));
#7637=IFCPOLYLOOP((#7166,#7145,#7144));
#7638=IFCFACEOUTERBOUND(#7637,.T.);
#7639=IFCFACE((#7638));
#7640=IFCPOLYLOOP((#7163,#7140,#7162));
#7641=IFCFACEOUTERBOUND(#7640,.T.);
#7642=IFCFACE((#7641));
#7643=IFCPOLYLOOP((#7167,#7168,#7147));
#7644=IFCFACEOUTERBOUND(#7643,.T.);
#7645=IFCFACE((#7644));
#7646=IFCPOLYLOOP((#7150,#7169,#7170));
#7647=IFCFACEOUTERBOUND(#7646,.T.);
#7648=IFCFACE((#7647));
#7649=IFCPOLYLOOP((#7168,#7169,#7148));
#7650=IFCFACEOUTERBOUND(#7649,.T.);
#7651=IFCFACE((#7650));
#7652=IFCPOLYLOOP((#7171,#7151,#7170));
#7653=IFCFACEOUTERBOUND(#7652,.T.);
#7654=IFCFACE((#7653));
#7655=IFCPOLYLOOP((#7168,#7148,#7147));
#7656=IFCFACEOUTERBOUND(#7655,.T.);
#7657=IFCFACE((#7656));
#7658=IFCPOLYLOOP((#7147,#7146,#7167));
#7659=IFCFACEOUTERBOUND(#7658,.T.);
#7660=IFCFACE((#7659));
#7661=IFCPOLYLOOP((#7169,#7150,#7149));
#7662=IFCFACEOUTERBOUND(#7661,.T.);
#7663=IFCFACE((#7662));
#7664=IFCPOLYLOOP((#7149,#7148,#7169));
#7665=IFCFACEOUTERBOUND(#7664,.T.);
#7666=IFCFACE((#7665));
#7667=IFCPOLYLOOP((#7170,#7151,#7150));
#7668=IFCFACEOUTERBOUND(#7667,.T.);
#7669=IFCFACE((#7668));
#7670=IFCPOLYLOOP((#7171,#7152,#7151));
#7671=IFCFACEOUTERBOUND(#7670,.T.);
#7672=IFCFACE((#7671));
#7673=IFCPOLYLOOP((#7173,#7153,#7172));
#7674=IFCFACEOUTERBOUND(#7673,.T.);
#7675=IFCFACE((#7674));
#7676=IFCPOLYLOOP((#7174,#7154,#7173));
#7677=IFCFACEOUTERBOUND(#7676,.T.);
#7678=IFCFACE((#7677));
#7679=IFCPOLYLOOP((#7157,#7175,#7158));
#7680=IFCFACEOUTERBOUND(#7679,.T.);
#7681=IFCFACE((#7680));
#7682=IFCPOLYLOOP((#7174,#7175,#7156));
#7683=IFCFACEOUTERBOUND(#7682,.T.);
#7684=IFCFACE((#7683));
#7685=IFCPOLYLOOP((#7157,#7158,#7134));
#7686=IFCFACEOUTERBOUND(#7685,.T.);
#7687=IFCFACE((#7686));
#7688=IFCPOLYLOOP((#7173,#7154,#7153));
#7689=IFCFACEOUTERBOUND(#7688,.T.);
#7690=IFCFACE((#7689));
#7691=IFCPOLYLOOP((#7153,#7152,#7172));
#7692=IFCFACEOUTERBOUND(#7691,.T.);
#7693=IFCFACE((#7692));
#7694=IFCPOLYLOOP((#7174,#7156,#7155));
#7695=IFCFACEOUTERBOUND(#7694,.T.);
#7696=IFCFACE((#7695));
#7697=IFCPOLYLOOP((#7155,#7154,#7174));
#7698=IFCFACEOUTERBOUND(#7697,.T.);
#7699=IFCFACE((#7698));
#7700=IFCPOLYLOOP((#7175,#7157,#7156));
#7701=IFCFACEOUTERBOUND(#7700,.T.);
#7702=IFCFACE((#7701));
#7703=IFCPOLYLOOP((#7172,#7152,#7171));
#7704=IFCFACEOUTERBOUND(#7703,.T.);
#7705=IFCFACE((#7704));
#7706=IFCPOLYLOOP((#7200,#7201,#7177));
#7707=IFCFACEOUTERBOUND(#7706,.T.);
#7708=IFCFACE((#7707));
#7709=IFCPOLYLOOP((#7180,#7202,#7203));
#7710=IFCFACEOUTERBOUND(#7709,.T.);
#7711=IFCFACE((#7710));
#7712=IFCPOLYLOOP((#7201,#7202,#7178));
#7713=IFCFACEOUTERBOUND(#7712,.T.);
#7714=IFCFACE((#7713));
#7715=IFCPOLYLOOP((#7204,#7181,#7203));
#7716=IFCFACEOUTERBOUND(#7715,.T.);
#7717=IFCFACE((#7716));
#7718=IFCPOLYLOOP((#7201,#7178,#7177));
#7719=IFCFACEOUTERBOUND(#7718,.T.);
#7720=IFCFACE((#7719));
#7721=IFCPOLYLOOP((#7177,#7176,#7200));
#7722=IFCFACEOUTERBOUND(#7721,.T.);
#7723=IFCFACE((#7722));
#7724=IFCPOLYLOOP((#7202,#7180,#7179));
#7725=IFCFACEOUTERBOUND(#7724,.T.);
#7726=IFCFACE((#7725));
#7727=IFCPOLYLOOP((#7179,#7178,#7202));
#7728=IFCFACEOUTERBOUND(#7727,.T.);
#7729=IFCFACE((#7728));
#7730=IFCPOLYLOOP((#7203,#7181,#7180));
#7731=IFCFACEOUTERBOUND(#7730,.T.);
#7732=IFCFACE((#7731));
#7733=IFCPOLYLOOP((#7204,#7182,#7181));
#7734=IFCFACEOUTERBOUND(#7733,.T.);
#7735=IFCFACE((#7734));
#7736=IFCPOLYLOOP((#7206,#7183,#7205));
#7737=IFCFACEOUTERBOUND(#7736,.T.);
#7738=IFCFACE((#7737));
#7739=IFCPOLYLOOP((#7207,#7184,#7206));
#7740=IFCFACEOUTERBOUND(#7739,.T.);
#7741=IFCFACE((#7740));
#7742=IFCPOLYLOOP((#7187,#7208,#7209));
#7743=IFCFACEOUTERBOUND(#7742,.T.);
#7744=IFCFACE((#7743));
#7745=IFCPOLYLOOP((#7207,#7208,#7186));
#7746=IFCFACEOUTERBOUND(#7745,.T.);
#7747=IFCFACE((#7746));
#7748=IFCPOLYLOOP((#7187,#7209,#7188));
#7749=IFCFACEOUTERBOUND(#7748,.T.);
#7750=IFCFACE((#7749));
#7751=IFCPOLYLOOP((#7206,#7184,#7183));
#7752=IFCFACEOUTERBOUND(#7751,.T.);
#7753=IFCFACE((#7752));
#7754=IFCPOLYLOOP((#7183,#7182,#7205));
#7755=IFCFACEOUTERBOUND(#7754,.T.);
#7756=IFCFACE((#7755));
#7757=IFCPOLYLOOP((#7207,#7186,#7185));
#7758=IFCFACEOUTERBOUND(#7757,.T.);
#7759=IFCFACE((#7758));
#7760=IFCPOLYLOOP((#7185,#7184,#7207));
#7761=IFCFACEOUTERBOUND(#7760,.T.);
#7762=IFCFACE((#7761));
#7763=IFCPOLYLOOP((#7208,#7187,#7186));
#7764=IFCFACEOUTERBOUND(#7763,.T.);
#7765=IFCFACE((#7764));
#7766=IFCPOLYLOOP((#7205,#7182,#7204));
#7767=IFCFACEOUTERBOUND(#7766,.T.);
#7768=IFCFACE((#7767));
#7769=IFCPOLYLOOP((#7209,#7210,#7189));
#7770=IFCFACEOUTERBOUND(#7769,.T.);
#7771=IFCFACE((#7770));
#7772=IFCPOLYLOOP((#7192,#7211,#7212));
#7773=IFCFACEOUTERBOUND(#7772,.T.);
#7774=IFCFACE((#7773));
#7775=IFCPOLYLOOP((#7210,#7211,#7190));
#7776=IFCFACEOUTERBOUND(#7775,.T.);
#7777=IFCFACE((#7776));
#7778=IFCPOLYLOOP((#7213,#7193,#7212));
#7779=IFCFACEOUTERBOUND(#7778,.T.);
#7780=IFCFACE((#7779));
#7781=IFCPOLYLOOP((#7210,#7190,#7189));
#7782=IFCFACEOUTERBOUND(#7781,.T.);
#7783=IFCFACE((#7782));
#7784=IFCPOLYLOOP((#7189,#7188,#7209));
#7785=IFCFACEOUTERBOUND(#7784,.T.);
#7786=IFCFACE((#7785));
#7787=IFCPOLYLOOP((#7211,#7192,#7191));
#7788=IFCFACEOUTERBOUND(#7787,.T.);
#7789=IFCFACE((#7788));
#7790=IFCPOLYLOOP((#7191,#7190,#7211));
#7791=IFCFACEOUTERBOUND(#7790,.T.);
#7792=IFCFACE((#7791));
#7793=IFCPOLYLOOP((#7212,#7193,#7192));
#7794=IFCFACEOUTERBOUND(#7793,.T.);
#7795=IFCFACE((#7794));
#7796=IFCPOLYLOOP((#7213,#7194,#7193));
#7797=IFCFACEOUTERBOUND(#7796,.T.);
#7798=IFCFACE((#7797));
#7799=IFCPOLYLOOP((#7215,#7195,#7214));
#7800=IFCFACEOUTERBOUND(#7799,.T.);
#7801=IFCFACE((#7800));
#7802=IFCPOLYLOOP((#7216,#7196,#7215));
#7803=IFCFACEOUTERBOUND(#7802,.T.);
#7804=IFCFACE((#7803));
#7805=IFCPOLYLOOP((#7199,#7217,#7200));
#7806=IFCFACEOUTERBOUND(#7805,.T.);
#7807=IFCFACE((#7806));
#7808=IFCPOLYLOOP((#7216,#7217,#7198));
#7809=IFCFACEOUTERBOUND(#7808,.T.);
#7810=IFCFACE((#7809));
#7811=IFCPOLYLOOP((#7199,#7200,#7176));
#7812=IFCFACEOUTERBOUND(#7811,.T.);
#7813=IFCFACE((#7812));
#7814=IFCPOLYLOOP((#7215,#7196,#7195));
#7815=IFCFACEOUTERBOUND(#7814,.T.);
#7816=IFCFACE((#7815));
#7817=IFCPOLYLOOP((#7195,#7194,#7214));
#7818=IFCFACEOUTERBOUND(#7817,.T.);
#7819=IFCFACE((#7818));
#7820=IFCPOLYLOOP((#7216,#7198,#7197));
#7821=IFCFACEOUTERBOUND(#7820,.T.);
#7822=IFCFACE((#7821));
#7823=IFCPOLYLOOP((#7197,#7196,#7216));
#7824=IFCFACEOUTERBOUND(#7823,.T.);
#7825=IFCFACE((#7824));
#7826=IFCPOLYLOOP((#7217,#7199,#7198));
#7827=IFCFACEOUTERBOUND(#7826,.T.);
#7828=IFCFACE((#7827));
#7829=IFCPOLYLOOP((#7214,#7194,#7213));
#7830=IFCFACEOUTERBOUND(#7829,.T.);
#7831=IFCFACE((#7830));
#7832=IFCPOLYLOOP((#7226,#7227,#7228,#7267,#7268,#7229,#7266,#7230,#7361,#7231,#7362,#7360,#7232,#7233,#7234,#7235,#7236,#7237,#7238,#7239,#7240,#7241,#7218,#7219,#7220,#7221,#7222,#7223,#7224,#7225));
#7833=IFCFACEOUTERBOUND(#7832,.T.);
#7834=IFCFACE((#7833));
#7835=IFCPOLYLOOP((#7251,#7252,#7253,#7254,#7255,#7256,#7257,#7258,#7259,#7260,#7261,#7262,#7263,#7264,#7265,#7242,#7243,#7244,#7245,#7246,#7247,#7248,#7249,#7250));
#7836=IFCFACEOUTERBOUND(#7835,.T.);
#7837=IFCFACE((#7836));
#7838=IFCPOLYLOOP((#7319,#7297,#7334,#7287));
#7839=IFCFACEOUTERBOUND(#7838,.T.);
#7840=IFCFACE((#7839));
#7841=IFCPOLYLOOP((#7308,#7320,#7288));
#7842=IFCFACEOUTERBOUND(#7841,.T.);
#7843=IFCFACE((#7842));
#7844=IFCPOLYLOOP((#7296,#7313,#7314));
#7845=IFCFACEOUTERBOUND(#7844,.T.);
#7846=IFCFACE((#7845));
#7847=IFCPOLYLOOP((#7313,#7260,#7259));
#7848=IFCFACEOUTERBOUND(#7847,.T.);
#7849=IFCFACE((#7848));
#7850=IFCPOLYLOOP((#7296,#7286,#7318));
#7851=IFCFACEOUTERBOUND(#7850,.T.);
#7852=IFCFACE((#7851));
#7853=IFCPOLYLOOP((#7283,#7307,#7295));
#7854=IFCFACEOUTERBOUND(#7853,.T.);
#7855=IFCFACE((#7854));
#7856=IFCPOLYLOOP((#7272,#7305,#7304));
#7857=IFCFACEOUTERBOUND(#7856,.T.);
#7858=IFCFACE((#7857));
#7859=IFCPOLYLOOP((#7348,#7265,#7298));
#7860=IFCFACEOUTERBOUND(#7859,.T.);
#7861=IFCFACE((#7860));
#7862=IFCPOLYLOOP((#7265,#7348,#7242));
#7863=IFCFACEOUTERBOUND(#7862,.T.);
#7864=IFCFACE((#7863));
#7865=IFCPOLYLOOP((#7334,#7297,#7318,#7286));
#7866=IFCFACEOUTERBOUND(#7865,.T.);
#7867=IFCFACE((#7866));
#7868=IFCPOLYLOOP((#7287,#7342,#7344));
#7869=IFCFACEOUTERBOUND(#7868,.T.);
#7870=IFCFACE((#7869));
#7871=IFCPOLYLOOP((#7218,#7285,#7349));
#7872=IFCFACEOUTERBOUND(#7871,.T.);
#7873=IFCFACE((#7872));
#7874=IFCPOLYLOOP((#7242,#7348,#7284));
#7875=IFCFACEOUTERBOUND(#7874,.T.);
#7876=IFCFACE((#7875));
#7877=IFCPOLYLOOP((#7260,#7313,#7296));
#7878=IFCFACEOUTERBOUND(#7877,.T.);
#7879=IFCFACE((#7878));
#7880=IFCPOLYLOOP((#7318,#7297,#7262));
#7881=IFCFACEOUTERBOUND(#7880,.T.);
#7882=IFCFACE((#7881));
#7883=IFCPOLYLOOP((#7270,#7302,#7273));
#7884=IFCFACEOUTERBOUND(#7883,.T.);
#7885=IFCFACE((#7884));
#7886=IFCPOLYLOOP((#7225,#7306,#7226));
#7887=IFCFACEOUTERBOUND(#7886,.T.);
#7888=IFCFACE((#7887));
#7889=IFCPOLYLOOP((#7293,#7325,#7254));
#7890=IFCFACEOUTERBOUND(#7889,.T.);
#7891=IFCFACE((#7890));
#7892=IFCPOLYLOOP((#7273,#7302,#7277));
#7893=IFCFACEOUTERBOUND(#7892,.T.);
#7894=IFCFACE((#7893));
#7895=IFCPOLYLOOP((#7275,#7291,#7273));
#7896=IFCFACEOUTERBOUND(#7895,.T.);
#7897=IFCFACE((#7896));
#7898=IFCPOLYLOOP((#7202,#7201,#7322));
#7899=IFCFACEOUTERBOUND(#7898,.T.);
#7900=IFCFACE((#7899));
#7901=IFCPOLYLOOP((#7304,#7305,#7269));
#7902=IFCFACEOUTERBOUND(#7901,.T.);
#7903=IFCFACE((#7902));
#7904=IFCPOLYLOOP((#7223,#7295,#7307));
#7905=IFCFACEOUTERBOUND(#7904,.T.);
#7906=IFCFACE((#7905));
#7907=IFCPOLYLOOP((#7205,#7204,#7273));
#7908=IFCFACEOUTERBOUND(#7907,.T.);
#7909=IFCFACE((#7908));
#7910=IFCPOLYLOOP((#7317,#7270,#7321));
#7911=IFCFACEOUTERBOUND(#7910,.T.);
#7912=IFCFACE((#7911));
#7913=IFCPOLYLOOP((#7323,#7303,#7341));
#7914=IFCFACEOUTERBOUND(#7913,.T.);
#7915=IFCFACE((#7914));
#7916=IFCPOLYLOOP((#7308,#7222,#7221));
#7917=IFCFACEOUTERBOUND(#7916,.T.);
#7918=IFCFACE((#7917));
#7919=IFCPOLYLOOP((#7295,#7308,#7309));
#7920=IFCFACEOUTERBOUND(#7919,.T.);
#7921=IFCFACE((#7920));
#7922=IFCPOLYLOOP((#7338,#7317,#7321));
#7923=IFCFACEOUTERBOUND(#7922,.T.);
#7924=IFCFACE((#7923));
#7925=IFCPOLYLOOP((#7263,#7319,#7264));
#7926=IFCFACEOUTERBOUND(#7925,.T.);
#7927=IFCFACE((#7926));
#7928=IFCPOLYLOOP((#7357,#7356,#7309));
#7929=IFCFACEOUTERBOUND(#7928,.T.);
#7930=IFCFACE((#7929));
#7931=IFCPOLYLOOP((#7296,#7261,#7260));
#7932=IFCFACEOUTERBOUND(#7931,.T.);
#7933=IFCFACE((#7932));
#7934=IFCPOLYLOOP((#7344,#7346,#7298));
#7935=IFCFACEOUTERBOUND(#7934,.T.);
#7936=IFCFACE((#7935));
#7937=IFCPOLYLOOP((#7336,#7279,#7337));
#7938=IFCFACEOUTERBOUND(#7937,.T.);
#7939=IFCFACE((#7938));
#7940=IFCPOLYLOOP((#7308,#7295,#7222));
#7941=IFCFACEOUTERBOUND(#7940,.T.);
#7942=IFCFACE((#7941));
#7943=IFCPOLYLOOP((#7299,#7220,#7219));
#7944=IFCFACEOUTERBOUND(#7943,.T.);
#7945=IFCFACE((#7944));
#7946=IFCPOLYLOOP((#7294,#7307,#7283));
#7947=IFCFACEOUTERBOUND(#7946,.T.);
#7948=IFCFACE((#7947));
#7949=IFCPOLYLOOP((#7307,#7224,#7223));
#7950=IFCFACEOUTERBOUND(#7949,.T.);
#7951=IFCFACE((#7950));
#7952=IFCPOLYLOOP((#7264,#7298,#7265));
#7953=IFCFACEOUTERBOUND(#7952,.T.);
#7954=IFCFACE((#7953));
#7955=IFCPOLYLOOP((#7343,#7342,#7336));
#7956=IFCFACEOUTERBOUND(#7955,.T.);
#7957=IFCFACE((#7956));
#7958=IFCPOLYLOOP((#7286,#7354,#7315));
#7959=IFCFACEOUTERBOUND(#7958,.T.);
#7960=IFCFACE((#7959));
#7961=IFCPOLYLOOP((#7310,#7353,#7228));
#7962=IFCFACEOUTERBOUND(#7961,.T.);
#7963=IFCFACE((#7962));
#7964=IFCPOLYLOOP((#7161,#7276,#7162));
#7965=IFCFACEOUTERBOUND(#7964,.T.);
#7966=IFCFACE((#7965));
#7967=IFCPOLYLOOP((#7306,#7225,#7294));
#7968=IFCFACEOUTERBOUND(#7967,.T.);
#7969=IFCFACE((#7968));
#7970=IFCPOLYLOOP((#7228,#7121,#7120));
#7971=IFCFACEOUTERBOUND(#7970,.T.);
#7972=IFCFACE((#7971));
#7973=IFCPOLYLOOP((#7124,#7289,#7125));
#7974=IFCFACEOUTERBOUND(#7973,.T.);
#7975=IFCFACE((#7974));
#7976=IFCPOLYLOOP((#7208,#7293,#7209));
#7977=IFCFACEOUTERBOUND(#7976,.T.);
#7978=IFCFACE((#7977));
#7979=IFCPOLYLOOP((#7166,#7269,#7413,#7167));
#7980=IFCFACEOUTERBOUND(#7979,.T.);
#7981=IFCFACE((#7980));
#7982=IFCPOLYLOOP((#7303,#7331,#7341));
#7983=IFCFACEOUTERBOUND(#7982,.T.);
#7984=IFCFACE((#7983));
#7985=IFCPOLYLOOP((#7314,#7315,#7354));
#7986=IFCFACEOUTERBOUND(#7985,.T.);
#7987=IFCFACE((#7986));
#7988=IFCPOLYLOOP((#7339,#7340,#7306));
#7989=IFCFACEOUTERBOUND(#7988,.T.);
#7990=IFCFACE((#7989));
#7991=IFCPOLYLOOP((#7310,#7271,#7274));
#7992=IFCFACEOUTERBOUND(#7991,.T.);
#7993=IFCFACE((#7992));
#7994=IFCPOLYLOOP((#7123,#7276,#7328));
#7995=IFCFACEOUTERBOUND(#7994,.T.);
#7996=IFCFACE((#7995));
#7997=IFCPOLYLOOP((#7120,#7267,#7228));
#7998=IFCFACEOUTERBOUND(#7997,.T.);
#7999=IFCFACE((#7998));
#8000=IFCPOLYLOOP((#7258,#7338,#7259));
#8001=IFCFACEOUTERBOUND(#8000,.T.);
#8002=IFCFACE((#8001));
#8003=IFCPOLYLOOP((#7310,#7228,#7227));
#8004=IFCFACEOUTERBOUND(#8003,.T.);
#8005=IFCFACE((#8004));
#8006=IFCPOLYLOOP((#7299,#7351,#7352));
#8007=IFCFACEOUTERBOUND(#8006,.T.);
#8008=IFCFACE((#8007));
#8009=IFCPOLYLOOP((#7116,#7266,#7117));
#8010=IFCFACEOUTERBOUND(#8009,.T.);
#8011=IFCFACE((#8010));
#8012=IFCPOLYLOOP((#7297,#7263,#7262));
#8013=IFCFACEOUTERBOUND(#8012,.T.);
#8014=IFCFACE((#8013));
#8015=IFCPOLYLOOP((#7277,#7207,#7206));
#8016=IFCFACEOUTERBOUND(#8015,.T.);
#8017=IFCFACE((#8016));
#8018=IFCPOLYLOOP((#7206,#7205,#7277));
#8019=IFCFACEOUTERBOUND(#8018,.T.);
#8020=IFCFACE((#8019));
#8021=IFCPOLYLOOP((#7255,#7325,#7277));
#8022=IFCFACEOUTERBOUND(#8021,.T.);
#8023=IFCFACE((#8022));
#8024=IFCPOLYLOOP((#7302,#7317,#7257));
#8025=IFCFACEOUTERBOUND(#8024,.T.);
#8026=IFCFACE((#8025));
#8027=IFCPOLYLOOP((#7274,#7163,#7162));
#8028=IFCFACEOUTERBOUND(#8027,.T.);
#8029=IFCFACE((#8028));
#8030=IFCPOLYLOOP((#7200,#7282,#7322));
#8031=IFCFACEOUTERBOUND(#8030,.T.);
#8032=IFCFACE((#8031));
#8033=IFCPOLYLOOP((#7166,#7165,#7304));
#8034=IFCFACEOUTERBOUND(#8033,.T.);
#8035=IFCFACE((#8034));
#8036=IFCPOLYLOOP((#7282,#7305,#7322));
#8037=IFCFACEOUTERBOUND(#8036,.T.);
#8038=IFCFACE((#8037));
#8039=IFCPOLYLOOP((#7118,#7268,#7119));
#8040=IFCFACEOUTERBOUND(#8039,.T.);
#8041=IFCFACE((#8040));
#8042=IFCPOLYLOOP((#7317,#7302,#7270));
#8043=IFCFACEOUTERBOUND(#8042,.T.);
#8044=IFCFACE((#8043));
#8045=IFCPOLYLOOP((#7270,#7273,#7291));
#8046=IFCFACEOUTERBOUND(#8045,.T.);
#8047=IFCFACE((#8046));
#8048=IFCPOLYLOOP((#7119,#7267,#7120));
#8049=IFCFACEOUTERBOUND(#8048,.T.);
#8050=IFCFACE((#8049));
#8051=IFCPOLYLOOP((#7208,#7207,#7325));
#8052=IFCFACEOUTERBOUND(#8051,.T.);
#8053=IFCFACE((#8052));
#8054=IFCPOLYLOOP((#7256,#7255,#7277));
#8055=IFCFACEOUTERBOUND(#8054,.T.);
#8056=IFCFACE((#8055));
#8057=IFCPOLYLOOP((#7276,#7161,#7160));
#8058=IFCFACEOUTERBOUND(#8057,.T.);
#8059=IFCFACE((#8058));
#8060=IFCPOLYLOOP((#7278,#7164,#7163));
#8061=IFCFACEOUTERBOUND(#8060,.T.);
#8062=IFCFACE((#8061));
#8063=IFCPOLYLOOP((#7165,#7164,#7278));
#8064=IFCFACEOUTERBOUND(#8063,.T.);
#8065=IFCFACE((#8064));
#8066=IFCPOLYLOOP((#7262,#7261,#7318));
#8067=IFCFACEOUTERBOUND(#8066,.T.);
#8068=IFCFACE((#8067));
#8069=IFCPOLYLOOP((#7327,#7292,#7311));
#8070=IFCFACEOUTERBOUND(#8069,.T.);
#8071=IFCFACE((#8070));
#8072=IFCPOLYLOOP((#7121,#7228,#7353));
#8073=IFCFACEOUTERBOUND(#8072,.T.);
#8074=IFCFACE((#8073));
#8075=IFCPOLYLOOP((#7273,#7204,#7275));
#8076=IFCFACEOUTERBOUND(#8075,.T.);
#8077=IFCFACE((#8076));
#8078=IFCPOLYLOOP((#7311,#7312,#7272));
#8079=IFCFACEOUTERBOUND(#8078,.T.);
#8080=IFCFACE((#8079));
#8081=IFCPOLYLOOP((#7221,#7220,#7320));
#8082=IFCFACEOUTERBOUND(#8081,.T.);
#8083=IFCFACE((#8082));
#8084=IFCPOLYLOOP((#7160,#7159,#7328));
#8085=IFCFACEOUTERBOUND(#8084,.T.);
#8086=IFCFACE((#8085));
#8087=IFCPOLYLOOP((#7274,#7327,#7311));
#8088=IFCFACEOUTERBOUND(#8087,.T.);
#8089=IFCFACE((#8088));
#8090=IFCPOLYLOOP((#7270,#7291,#7316));
#8091=IFCFACEOUTERBOUND(#8090,.T.);
#8092=IFCFACE((#8091));
#8093=IFCPOLYLOOP((#7276,#7123,#7122));
#8094=IFCFACEOUTERBOUND(#8093,.T.);
#8095=IFCFACE((#8094));
#8096=IFCPOLYLOOP((#7276,#7353,#7162));
#8097=IFCFACEOUTERBOUND(#8096,.T.);
#8098=IFCFACE((#8097));
#8099=IFCPOLYLOOP((#7203,#7275,#7204));
#8100=IFCFACEOUTERBOUND(#8099,.T.);
#8101=IFCFACE((#8100));
#8102=IFCPOLYLOOP((#7229,#7118,#7117));
#8103=IFCFACEOUTERBOUND(#8102,.T.);
#8104=IFCFACE((#8103));
#8105=IFCPOLYLOOP((#7229,#7268,#7118));
#8106=IFCFACEOUTERBOUND(#8105,.T.);
#8107=IFCFACE((#8106));
#8108=IFCPOLYLOOP((#7312,#7275,#7272));
#8109=IFCFACEOUTERBOUND(#8108,.T.);
#8110=IFCFACE((#8109));
#8111=IFCPOLYLOOP((#7268,#7267,#7119));
#8112=IFCFACEOUTERBOUND(#8111,.T.);
#8113=IFCFACE((#8112));
#8114=IFCPOLYLOOP((#7273,#7277,#7205));
#8115=IFCFACEOUTERBOUND(#8114,.T.);
#8116=IFCFACE((#8115));
#8117=IFCPOLYLOOP((#7121,#7276,#7122));
#8118=IFCFACEOUTERBOUND(#8117,.T.);
#8119=IFCFACE((#8118));
#8120=IFCPOLYLOOP((#7158,#7289,#7159));
#8121=IFCFACEOUTERBOUND(#8120,.T.);
#8122=IFCFACE((#8121));
#8123=IFCPOLYLOOP((#7322,#7203,#7202));
#8124=IFCFACEOUTERBOUND(#8123,.T.);
#8125=IFCFACE((#8124));
#8126=IFCPOLYLOOP((#7320,#7299,#7288));
#8127=IFCFACEOUTERBOUND(#8126,.T.);
#8128=IFCFACE((#8127));
#8129=IFCPOLYLOOP((#7298,#7319,#7287));
#8130=IFCFACEOUTERBOUND(#8129,.T.);
#8131=IFCFACE((#8130));
#8132=IFCPOLYLOOP((#7289,#7328,#7159));
#8133=IFCFACEOUTERBOUND(#8132,.T.);
#8134=IFCFACE((#8133));
#8135=IFCPOLYLOOP((#7225,#7224,#7294));
#8136=IFCFACEOUTERBOUND(#8135,.T.);
#8137=IFCFACE((#8136));
#8138=IFCPOLYLOOP((#7278,#7272,#7304));
#8139=IFCFACEOUTERBOUND(#8138,.T.);
#8140=IFCFACE((#8139));
#8141=IFCPOLYLOOP((#7230,#7266,#7116));
#8142=IFCFACEOUTERBOUND(#8141,.T.);
#8143=IFCFACE((#8142));
#8144=IFCPOLYLOOP((#7295,#7223,#7222));
#8145=IFCFACEOUTERBOUND(#8144,.T.);
#8146=IFCFACE((#8145));
#8147=IFCPOLYLOOP((#7264,#7319,#7298));
#8148=IFCFACEOUTERBOUND(#8147,.T.);
#8149=IFCFACE((#8148));
#8150=IFCPOLYLOOP((#7117,#7266,#7229));
#8151=IFCFACEOUTERBOUND(#8150,.T.);
#8152=IFCFACE((#8151));
#8153=IFCPOLYLOOP((#7359,#7315,#7323));
#8154=IFCFACEOUTERBOUND(#8153,.T.);
#8155=IFCFACE((#8154));
#8156=IFCPOLYLOOP((#7289,#7124,#7328));
#8157=IFCFACEOUTERBOUND(#8156,.T.);
#8158=IFCFACE((#8157));
#8159=IFCPOLYLOOP((#7274,#7278,#7163));
#8160=IFCFACEOUTERBOUND(#8159,.T.);
#8161=IFCFACE((#8160));
#8162=IFCPOLYLOOP((#7326,#7330,#7316));
#8163=IFCFACEOUTERBOUND(#8162,.T.);
#8164=IFCFACE((#8163));
#8165=IFCPOLYLOOP((#7303,#7332,#7331));
#8166=IFCFACEOUTERBOUND(#8165,.T.);
#8167=IFCFACE((#8166));
#8168=IFCPOLYLOOP((#7165,#7278,#7304));
#8169=IFCFACEOUTERBOUND(#8168,.T.);
#8170=IFCFACE((#8169));
#8171=IFCPOLYLOOP((#7207,#7277,#7325));
#8172=IFCFACEOUTERBOUND(#8171,.T.);
#8173=IFCFACE((#8172));
#8174=IFCPOLYLOOP((#7272,#7278,#7311));
#8175=IFCFACEOUTERBOUND(#8174,.T.);
#8176=IFCFACE((#8175));
#8177=IFCPOLYLOOP((#7219,#7349,#7299));
#8178=IFCFACEOUTERBOUND(#8177,.T.);
#8179=IFCFACE((#8178));
#8180=IFCPOLYLOOP((#7350,#7351,#7285));
#8181=IFCFACEOUTERBOUND(#8180,.T.);
#8182=IFCFACE((#8181));
#8183=IFCPOLYLOOP((#7336,#7287,#7334));
#8184=IFCFACEOUTERBOUND(#8183,.T.);
#8185=IFCFACE((#8184));
#8186=IFCPOLYLOOP((#7347,#7345,#7300));
#8187=IFCFACEOUTERBOUND(#8186,.T.);
#8188=IFCFACE((#8187));
#8189=IFCPOLYLOOP((#7349,#7285,#7351));
#8190=IFCFACEOUTERBOUND(#8189,.T.);
#8191=IFCFACE((#8190));
#8192=IFCPOLYLOOP((#7343,#7347,#7300));
#8193=IFCFACEOUTERBOUND(#8192,.T.);
#8194=IFCFACE((#8193));
#8195=IFCPOLYLOOP((#7257,#7256,#7302));
#8196=IFCFACEOUTERBOUND(#8195,.T.);
#8197=IFCFACE((#8196));
#8198=IFCPOLYLOOP((#7277,#7302,#7256));
#8199=IFCFACEOUTERBOUND(#8198,.T.);
#8200=IFCFACE((#8199));
#8201=IFCPOLYLOOP((#7316,#7330,#7290));
#8202=IFCFACEOUTERBOUND(#8201,.T.);
#8203=IFCFACE((#8202));
#8204=IFCPOLYLOOP((#7294,#7331,#7306));
#8205=IFCFACEOUTERBOUND(#8204,.T.);
#8206=IFCFACE((#8205));
#8207=IFCPOLYLOOP((#7272,#7275,#7305));
#8208=IFCFACEOUTERBOUND(#8207,.T.);
#8209=IFCFACE((#8208));
#8210=IFCPOLYLOOP((#7166,#7304,#7269));
#8211=IFCFACEOUTERBOUND(#8210,.T.);
#8212=IFCFACE((#8211));
#8213=IFCPOLYLOOP((#7322,#7305,#7275));
#8214=IFCFACEOUTERBOUND(#8213,.T.);
#8215=IFCFACE((#8214));
#8216=IFCPOLYLOOP((#7269,#7305,#7282));
#8217=IFCFACEOUTERBOUND(#8216,.T.);
#8218=IFCFACE((#8217));
#8219=IFCPOLYLOOP((#7294,#7341,#7331));
#8220=IFCFACEOUTERBOUND(#8219,.T.);
#8221=IFCFACE((#8220));
#8222=IFCPOLYLOOP((#7271,#7340,#7339));
#8223=IFCFACEOUTERBOUND(#8222,.T.);
#8224=IFCFACE((#8223));
#8225=IFCPOLYLOOP((#7294,#7224,#7307));
#8226=IFCFACEOUTERBOUND(#8225,.T.);
#8227=IFCFACE((#8226));
#8228=IFCPOLYLOOP((#7320,#7308,#7221));
#8229=IFCFACEOUTERBOUND(#8228,.T.);
#8230=IFCFACE((#8229));
#8231=IFCPOLYLOOP((#7309,#7308,#7288));
#8232=IFCFACEOUTERBOUND(#8231,.T.);
#8233=IFCFACE((#8232));
#8234=IFCPOLYLOOP((#7358,#7288,#7337));
#8235=IFCFACEOUTERBOUND(#8234,.T.);
#8236=IFCFACE((#8235));
#8237=IFCPOLYLOOP((#7324,#7323,#7283));
#8238=IFCFACEOUTERBOUND(#8237,.T.);
#8239=IFCFACE((#8238));
#8240=IFCPOLYLOOP((#7310,#7274,#7353));
#8241=IFCFACEOUTERBOUND(#8240,.T.);
#8242=IFCFACE((#8241));
#8243=IFCPOLYLOOP((#7340,#7227,#7226));
#8244=IFCFACEOUTERBOUND(#8243,.T.);
#8245=IFCFACE((#8244));
#8246=IFCPOLYLOOP((#7274,#7311,#7278));
#8247=IFCFACEOUTERBOUND(#8246,.T.);
#8248=IFCFACE((#8247));
#8249=IFCPOLYLOOP((#7292,#7329,#7312));
#8250=IFCFACEOUTERBOUND(#8249,.T.);
#8251=IFCFACE((#8250));
#8252=IFCPOLYLOOP((#7292,#7312,#7311));
#8253=IFCFACEOUTERBOUND(#8252,.T.);
#8254=IFCFACE((#8253));
#8255=IFCPOLYLOOP((#7275,#7312,#7291));
#8256=IFCFACEOUTERBOUND(#8255,.T.);
#8257=IFCFACE((#8256));
#8258=IFCPOLYLOOP((#7338,#7313,#7259));
#8259=IFCFACEOUTERBOUND(#8258,.T.);
#8260=IFCFACE((#8259));
#8261=IFCPOLYLOOP((#7290,#7330,#7314));
#8262=IFCFACEOUTERBOUND(#8261,.T.);
#8263=IFCFACE((#8262));
#8264=IFCPOLYLOOP((#7290,#7314,#7313));
#8265=IFCFACEOUTERBOUND(#8264,.T.);
#8266=IFCFACE((#8265));
#8267=IFCPOLYLOOP((#7314,#7280,#7315));
#8268=IFCFACEOUTERBOUND(#8267,.T.);
#8269=IFCFACE((#8268));
#8270=IFCPOLYLOOP((#7323,#7315,#7280));
#8271=IFCFACEOUTERBOUND(#8270,.T.);
#8272=IFCFACE((#8271));
#8273=IFCPOLYLOOP((#7334,#7335,#7279));
#8274=IFCFACEOUTERBOUND(#8273,.T.);
#8275=IFCFACE((#8274));
#8276=IFCPOLYLOOP((#7312,#7329,#7291));
#8277=IFCFACEOUTERBOUND(#8276,.T.);
#8278=IFCFACE((#8277));
#8279=IFCPOLYLOOP((#7303,#7355,#7326));
#8280=IFCFACEOUTERBOUND(#8279,.T.);
#8281=IFCFACE((#8280));
#8282=IFCPOLYLOOP((#7270,#7316,#7321));
#8283=IFCFACEOUTERBOUND(#8282,.T.);
#8284=IFCFACE((#8283));
#8285=IFCPOLYLOOP((#7258,#7257,#7317));
#8286=IFCFACEOUTERBOUND(#8285,.T.);
#8287=IFCFACE((#8286));
#8288=IFCPOLYLOOP((#7296,#7318,#7261));
#8289=IFCFACEOUTERBOUND(#8288,.T.);
#8290=IFCFACE((#8289));
#8291=IFCPOLYLOOP((#7297,#7319,#7263));
#8292=IFCFACEOUTERBOUND(#8291,.T.);
#8293=IFCFACE((#8292));
#8294=IFCPOLYLOOP((#7299,#7320,#7220));
#8295=IFCFACEOUTERBOUND(#8294,.T.);
#8296=IFCFACE((#8295));
#8297=IFCPOLYLOOP((#7316,#7290,#7321));
#8298=IFCFACEOUTERBOUND(#8297,.T.);
#8299=IFCFACE((#8298));
#8300=IFCPOLYLOOP((#7338,#7321,#7290));
#8301=IFCFACEOUTERBOUND(#8300,.T.);
#8302=IFCFACE((#8301));
#8303=IFCPOLYLOOP((#7322,#7275,#7203));
#8304=IFCFACEOUTERBOUND(#8303,.T.);
#8305=IFCFACE((#8304));
#8306=IFCPOLYLOOP((#7322,#7201,#7200));
#8307=IFCFACEOUTERBOUND(#8306,.T.);
#8308=IFCFACE((#8307));
#8309=IFCPOLYLOOP((#7355,#7323,#7280));
#8310=IFCFACEOUTERBOUND(#8309,.T.);
#8311=IFCFACE((#8310));
#8312=IFCPOLYLOOP((#7356,#7324,#7283));
#8313=IFCFACEOUTERBOUND(#8312,.T.);
#8314=IFCFACE((#8313));
#8315=IFCPOLYLOOP((#7357,#7324,#7356));
#8316=IFCFACEOUTERBOUND(#8315,.T.);
#8317=IFCFACE((#8316));
#8318=IFCPOLYLOOP((#7324,#7279,#7335));
#8319=IFCFACEOUTERBOUND(#8318,.T.);
#8320=IFCFACE((#8319));
#8321=IFCPOLYLOOP((#7254,#7325,#7255));
#8322=IFCFACEOUTERBOUND(#8321,.T.);
#8323=IFCFACE((#8322));
#8324=IFCPOLYLOOP((#7293,#7208,#7325));
#8325=IFCFACEOUTERBOUND(#8324,.T.);
#8326=IFCFACE((#8325));
#8327=IFCPOLYLOOP((#7329,#7326,#7316));
#8328=IFCFACEOUTERBOUND(#8327,.T.);
#8329=IFCFACE((#8328));
#8330=IFCPOLYLOOP((#7292,#7327,#7333));
#8331=IFCFACEOUTERBOUND(#8330,.T.);
#8332=IFCFACE((#8331));
#8333=IFCPOLYLOOP((#7274,#7271,#7327));
#8334=IFCFACEOUTERBOUND(#8333,.T.);
#8335=IFCFACE((#8334));
#8336=IFCPOLYLOOP((#7333,#7271,#7332));
#8337=IFCFACEOUTERBOUND(#8336,.T.);
#8338=IFCFACE((#8337));
#8339=IFCPOLYLOOP((#7123,#7328,#7124));
#8340=IFCFACEOUTERBOUND(#8339,.T.);
#8341=IFCFACE((#8340));
#8342=IFCPOLYLOOP((#7328,#7276,#7160));
#8343=IFCFACEOUTERBOUND(#8342,.T.);
#8344=IFCFACE((#8343));
#8345=IFCPOLYLOOP((#7326,#7329,#7292));
#8346=IFCFACEOUTERBOUND(#8345,.T.);
#8347=IFCFACE((#8346));
#8348=IFCPOLYLOOP((#7316,#7291,#7329));
#8349=IFCFACEOUTERBOUND(#8348,.T.);
#8350=IFCFACE((#8349));
#8351=IFCPOLYLOOP((#7326,#7280,#7330));
#8352=IFCFACEOUTERBOUND(#8351,.T.);
#8353=IFCFACE((#8352));
#8354=IFCPOLYLOOP((#7314,#7330,#7280));
#8355=IFCFACEOUTERBOUND(#8354,.T.);
#8356=IFCFACE((#8355));
#8357=IFCPOLYLOOP((#7332,#7303,#7326));
#8358=IFCFACEOUTERBOUND(#8357,.T.);
#8359=IFCFACE((#8358));
#8360=IFCPOLYLOOP((#7339,#7306,#7331));
#8361=IFCFACEOUTERBOUND(#8360,.T.);
#8362=IFCFACE((#8361));
#8363=IFCPOLYLOOP((#7333,#7326,#7292));
#8364=IFCFACEOUTERBOUND(#8363,.T.);
#8365=IFCFACE((#8364));
#8366=IFCPOLYLOOP((#7339,#7332,#7271));
#8367=IFCFACEOUTERBOUND(#8366,.T.);
#8368=IFCFACE((#8367));
#8369=IFCPOLYLOOP((#7271,#7333,#7327));
#8370=IFCFACEOUTERBOUND(#8369,.T.);
#8371=IFCFACE((#8370));
#8372=IFCPOLYLOOP((#7326,#7333,#7332));
#8373=IFCFACEOUTERBOUND(#8372,.T.);
#8374=IFCFACE((#8373));
#8375=IFCPOLYLOOP((#7335,#7334,#7286));
#8376=IFCFACEOUTERBOUND(#8375,.T.);
#8377=IFCFACE((#8376));
#8378=IFCPOLYLOOP((#7336,#7334,#7279));
#8379=IFCFACEOUTERBOUND(#8378,.T.);
#8380=IFCFACE((#8379));
#8381=IFCPOLYLOOP((#7286,#7315,#7335));
#8382=IFCFACEOUTERBOUND(#8381,.T.);
#8383=IFCFACE((#8382));
#8384=IFCPOLYLOOP((#7335,#7315,#7359));
#8385=IFCFACEOUTERBOUND(#8384,.T.);
#8386=IFCFACE((#8385));
#8387=IFCPOLYLOOP((#7279,#7357,#7358));
#8388=IFCFACEOUTERBOUND(#8387,.T.);
#8389=IFCFACE((#8388));
#8390=IFCPOLYLOOP((#7342,#7287,#7336));
#8391=IFCFACEOUTERBOUND(#8390,.T.);
#8392=IFCFACE((#8391));
#8393=IFCPOLYLOOP((#7352,#7337,#7288));
#8394=IFCFACEOUTERBOUND(#8393,.T.);
#8395=IFCFACE((#8394));
#8396=IFCPOLYLOOP((#7342,#7343,#7300));
#8397=IFCFACEOUTERBOUND(#8396,.T.);
#8398=IFCFACE((#8397));
#8399=IFCPOLYLOOP((#7317,#7338,#7258));
#8400=IFCFACEOUTERBOUND(#8399,.T.);
#8401=IFCFACE((#8400));
#8402=IFCPOLYLOOP((#7313,#7338,#7290));
#8403=IFCFACEOUTERBOUND(#8402,.T.);
#8404=IFCFACE((#8403));
#8405=IFCPOLYLOOP((#7332,#7339,#7331));
#8406=IFCFACEOUTERBOUND(#8405,.T.);
#8407=IFCFACE((#8406));
#8408=IFCPOLYLOOP((#7340,#7271,#7310));
#8409=IFCFACEOUTERBOUND(#8408,.T.);
#8410=IFCFACE((#8409));
#8411=IFCPOLYLOOP((#7227,#7340,#7310));
#8412=IFCFACEOUTERBOUND(#8411,.T.);
#8413=IFCFACE((#8412));
#8414=IFCPOLYLOOP((#7226,#7306,#7340));
#8415=IFCFACEOUTERBOUND(#8414,.T.);
#8416=IFCFACE((#8415));
#8417=IFCPOLYLOOP((#7294,#7283,#7341));
#8418=IFCFACEOUTERBOUND(#8417,.T.);
#8419=IFCFACE((#8418));
#8420=IFCPOLYLOOP((#7323,#7341,#7283));
#8421=IFCFACEOUTERBOUND(#8420,.T.);
#8422=IFCFACE((#8421));
#8423=IFCPOLYLOOP((#7343,#7336,#7337));
#8424=IFCFACEOUTERBOUND(#8423,.T.);
#8425=IFCFACE((#8424));
#8426=IFCPOLYLOOP((#7344,#7342,#7300));
#8427=IFCFACEOUTERBOUND(#8426,.T.);
#8428=IFCFACE((#8427));
#8429=IFCPOLYLOOP((#7337,#7301,#7343));
#8430=IFCFACEOUTERBOUND(#8429,.T.);
#8431=IFCFACE((#8430));
#8432=IFCPOLYLOOP((#7301,#7350,#7347));
#8433=IFCFACEOUTERBOUND(#8432,.T.);
#8434=IFCFACE((#8433));
#8435=IFCPOLYLOOP((#7345,#7346,#7300));
#8436=IFCFACEOUTERBOUND(#8435,.T.);
#8437=IFCFACE((#8436));
#8438=IFCPOLYLOOP((#7287,#7344,#7298));
#8439=IFCFACEOUTERBOUND(#8438,.T.);
#8440=IFCFACE((#8439));
#8441=IFCPOLYLOOP((#7300,#7346,#7344));
#8442=IFCFACEOUTERBOUND(#8441,.T.);
#8443=IFCFACE((#8442));
#8444=IFCPOLYLOOP((#7345,#7284,#7346));
#8445=IFCFACEOUTERBOUND(#8444,.T.);
#8446=IFCFACE((#8445));
#8447=IFCPOLYLOOP((#7346,#7284,#7348));
#8448=IFCFACEOUTERBOUND(#8447,.T.);
#8449=IFCFACE((#8448));
#8450=IFCPOLYLOOP((#7301,#7347,#7343));
#8451=IFCFACEOUTERBOUND(#8450,.T.);
#8452=IFCFACE((#8451));
#8453=IFCPOLYLOOP((#7347,#7350,#7372,#7281,#7375,#7345));
#8454=IFCFACEOUTERBOUND(#8453,.T.);
#8455=IFCFACE((#8454));
#8456=IFCPOLYLOOP((#7346,#7348,#7298));
#8457=IFCFACEOUTERBOUND(#8456,.T.);
#8458=IFCFACE((#8457));
#8459=IFCPOLYLOOP((#7218,#7349,#7219));
#8460=IFCFACEOUTERBOUND(#8459,.T.);
#8461=IFCFACE((#8460));
#8462=IFCPOLYLOOP((#7351,#7350,#7301));
#8463=IFCFACEOUTERBOUND(#8462,.T.);
#8464=IFCFACE((#8463));
#8465=IFCPOLYLOOP((#7299,#7349,#7351));
#8466=IFCFACEOUTERBOUND(#8465,.T.);
#8467=IFCFACE((#8466));
#8468=IFCPOLYLOOP((#7352,#7351,#7301));
#8469=IFCFACEOUTERBOUND(#8468,.T.);
#8470=IFCFACE((#8469));
#8471=IFCPOLYLOOP((#7337,#7352,#7301));
#8472=IFCFACEOUTERBOUND(#8471,.T.);
#8473=IFCFACE((#8472));
#8474=IFCPOLYLOOP((#7288,#7299,#7352));
#8475=IFCFACEOUTERBOUND(#8474,.T.);
#8476=IFCFACE((#8475));
#8477=IFCPOLYLOOP((#7162,#7353,#7274));
#8478=IFCFACEOUTERBOUND(#8477,.T.);
#8479=IFCFACE((#8478));
#8480=IFCPOLYLOOP((#7353,#7276,#7121));
#8481=IFCFACEOUTERBOUND(#8480,.T.);
#8482=IFCFACE((#8481));
#8483=IFCPOLYLOOP((#7286,#7296,#7354));
#8484=IFCFACEOUTERBOUND(#8483,.T.);
#8485=IFCFACE((#8484));
#8486=IFCPOLYLOOP((#7314,#7354,#7296));
#8487=IFCFACEOUTERBOUND(#8486,.T.);
#8488=IFCFACE((#8487));
#8489=IFCPOLYLOOP((#7326,#7355,#7280));
#8490=IFCFACEOUTERBOUND(#8489,.T.);
#8491=IFCFACE((#8490));
#8492=IFCPOLYLOOP((#7303,#7323,#7355));
#8493=IFCFACEOUTERBOUND(#8492,.T.);
#8494=IFCFACE((#8493));
#8495=IFCPOLYLOOP((#7283,#7295,#7356));
#8496=IFCFACEOUTERBOUND(#8495,.T.);
#8497=IFCFACE((#8496));
#8498=IFCPOLYLOOP((#7309,#7356,#7295));
#8499=IFCFACEOUTERBOUND(#8498,.T.);
#8500=IFCFACE((#8499));
#8501=IFCPOLYLOOP((#7358,#7357,#7309));
#8502=IFCFACEOUTERBOUND(#8501,.T.);
#8503=IFCFACE((#8502));
#8504=IFCPOLYLOOP((#7279,#7324,#7357));
#8505=IFCFACEOUTERBOUND(#8504,.T.);
#8506=IFCFACE((#8505));
#8507=IFCPOLYLOOP((#7288,#7358,#7309));
#8508=IFCFACEOUTERBOUND(#8507,.T.);
#8509=IFCFACE((#8508));
#8510=IFCPOLYLOOP((#7279,#7358,#7337));
#8511=IFCFACEOUTERBOUND(#8510,.T.);
#8512=IFCFACE((#8511));
#8513=IFCPOLYLOOP((#7323,#7324,#7359));
#8514=IFCFACEOUTERBOUND(#8513,.T.);
#8515=IFCFACE((#8514));
#8516=IFCPOLYLOOP((#7335,#7359,#7324));
#8517=IFCFACEOUTERBOUND(#8516,.T.);
#8518=IFCFACE((#8517));
#8519=IFCPOLYLOOP((#7369,#7411,#7253));
#8520=IFCFACEOUTERBOUND(#8519,.T.);
#8521=IFCFACE((#8520));
#8522=IFCPOLYLOOP((#7411,#7254,#7253));
#8523=IFCFACEOUTERBOUND(#8522,.T.);
#8524=IFCFACE((#8523));
#8525=IFCPOLYLOOP((#7434,#7387,#7435));
#8526=IFCFACEOUTERBOUND(#8525,.T.);
#8527=IFCFACE((#8526));
#8528=IFCPOLYLOOP((#7378,#7404,#7388));
#8529=IFCFACEOUTERBOUND(#8528,.T.);
#8530=IFCFACE((#8529));
#8531=IFCPOLYLOOP((#7387,#7405,#7379));
#8532=IFCFACEOUTERBOUND(#8531,.T.);
#8533=IFCFACE((#8532));
#8534=IFCPOLYLOOP((#7217,#7216,#7407));
#8535=IFCFACEOUTERBOUND(#8534,.T.);
#8536=IFCFACE((#8535));
#8537=IFCPOLYLOOP((#7244,#7243,#7388));
#8538=IFCFACEOUTERBOUND(#8537,.T.);
#8539=IFCFACE((#8538));
#8540=IFCPOLYLOOP((#7371,#7365,#7407));
#8541=IFCFACEOUTERBOUND(#8540,.T.);
#8542=IFCFACE((#8541));
#8543=IFCPOLYLOOP((#7371,#7216,#7215));
#8544=IFCFACEOUTERBOUND(#8543,.T.);
#8545=IFCFACE((#8544));
#8546=IFCPOLYLOOP((#7367,#7370,#7172));
#8547=IFCFACEOUTERBOUND(#8546,.T.);
#8548=IFCFACE((#8547));
#8549=IFCPOLYLOOP((#7435,#7372,#7350,#7285));
#8550=IFCFACEOUTERBOUND(#8549,.T.);
#8551=IFCFACE((#8550));
#8552=IFCPOLYLOOP((#7368,#7428,#7427));
#8553=IFCFACEOUTERBOUND(#8552,.T.);
#8554=IFCFACE((#8553));
#8555=IFCPOLYLOOP((#7400,#7385,#7439));
#8556=IFCFACEOUTERBOUND(#8555,.T.);
#8557=IFCFACE((#8556));
#8558=IFCPOLYLOOP((#7210,#7411,#7211));
#8559=IFCFACEOUTERBOUND(#8558,.T.);
#8560=IFCFACE((#8559));
#8561=IFCPOLYLOOP((#7405,#7387,#7240));
#8562=IFCFACEOUTERBOUND(#8561,.T.);
#8563=IFCFACE((#8562));
#8564=IFCPOLYLOOP((#7369,#7212,#7211));
#8565=IFCFACEOUTERBOUND(#8564,.T.);
#8566=IFCFACE((#8565));
#8567=IFCPOLYLOOP((#7402,#7406,#7363));
#8568=IFCFACEOUTERBOUND(#8567,.T.);
#8569=IFCFACE((#8568));
#8570=IFCPOLYLOOP((#7415,#7408,#7368));
#8571=IFCFACEOUTERBOUND(#8570,.T.);
#8572=IFCFACE((#8571));
#8573=IFCPOLYLOOP((#7371,#7215,#7214));
#8574=IFCFACEOUTERBOUND(#8573,.T.);
#8575=IFCFACE((#8574));
#8576=IFCPOLYLOOP((#7366,#7363,#7382));
#8577=IFCFACEOUTERBOUND(#8576,.T.);
#8578=IFCFACE((#8577));
#8579=IFCPOLYLOOP((#7282,#7200,#7217));
#8580=IFCFACEOUTERBOUND(#8579,.T.);
#8581=IFCFACE((#8580));
#8582=IFCPOLYLOOP((#7175,#7289,#7158));
#8583=IFCFACEOUTERBOUND(#8582,.T.);
#8584=IFCFACE((#8583));
#8585=IFCPOLYLOOP((#7247,#7385,#7248));
#8586=IFCFACEOUTERBOUND(#8585,.T.);
#8587=IFCFACE((#8586));
#8588=IFCPOLYLOOP((#7245,#7244,#7404));
#8589=IFCFACEOUTERBOUND(#8588,.T.);
#8590=IFCFACE((#8589));
#8591=IFCPOLYLOOP((#7133,#7231,#7361));
#8592=IFCFACEOUTERBOUND(#8591,.T.);
#8593=IFCFACE((#8592));
#8594=IFCPOLYLOOP((#7382,#7371,#7366));
#8595=IFCFACEOUTERBOUND(#8594,.T.);
#8596=IFCFACE((#8595));
#8597=IFCPOLYLOOP((#7407,#7216,#7371));
#8598=IFCFACEOUTERBOUND(#8597,.T.);
#8599=IFCFACE((#8598));
#8600=IFCPOLYLOOP((#7253,#7252,#7369));
#8601=IFCFACEOUTERBOUND(#8600,.T.);
#8602=IFCFACE((#8601));
#8603=IFCPOLYLOOP((#7174,#7414,#7175));
#8604=IFCFACEOUTERBOUND(#8603,.T.);
#8605=IFCFACE((#8604));
#8606=IFCPOLYLOOP((#7420,#7386,#7378));
#8607=IFCFACEOUTERBOUND(#8606,.T.);
#8608=IFCFACE((#8607));
#8609=IFCPOLYLOOP((#7401,#7409,#7374));
#8610=IFCFACEOUTERBOUND(#8609,.T.);
#8611=IFCFACE((#8610));
#8612=IFCPOLYLOOP((#7116,#7133,#7361));
#8613=IFCFACEOUTERBOUND(#8612,.T.);
#8614=IFCFACE((#8613));
#8615=IFCPOLYLOOP((#7387,#7379,#7391));
#8616=IFCFACEOUTERBOUND(#8615,.T.);
#8617=IFCFACE((#8616));
#8618=IFCPOLYLOOP((#7379,#7396,#7397));
#8619=IFCFACEOUTERBOUND(#8618,.T.);
#8620=IFCFACE((#8619));
#8621=IFCPOLYLOOP((#7247,#7403,#7385));
#8622=IFCFACEOUTERBOUND(#8621,.T.);
#8623=IFCFACE((#8622));
#8624=IFCPOLYLOOP((#7422,#7419,#7392));
#8625=IFCFACEOUTERBOUND(#8624,.T.);
#8626=IFCFACE((#8625));
#8627=IFCPOLYLOOP((#7116,#7361,#7230));
#8628=IFCFACEOUTERBOUND(#8627,.T.);
#8629=IFCFACE((#8628));
#8630=IFCPOLYLOOP((#7399,#7248,#7385));
#8631=IFCFACEOUTERBOUND(#8630,.T.);
#8632=IFCFACE((#8631));
#8633=IFCPOLYLOOP((#7403,#7386,#7377));
#8634=IFCFACEOUTERBOUND(#8633,.T.);
#8635=IFCFACE((#8634));
#8636=IFCPOLYLOOP((#7126,#7414,#7127));
#8637=IFCFACEOUTERBOUND(#8636,.T.);
#8638=IFCFACE((#8637));
#8639=IFCPOLYLOOP((#7126,#7125,#7289));
#8640=IFCFACEOUTERBOUND(#8639,.T.);
#8641=IFCFACE((#8640));
#8642=IFCPOLYLOOP((#7168,#7167,#7413));
#8643=IFCFACEOUTERBOUND(#8642,.T.);
#8644=IFCFACE((#8643));
#8645=IFCPOLYLOOP((#7210,#7209,#7293));
#8646=IFCFACEOUTERBOUND(#8645,.T.);
#8647=IFCFACE((#8646));
#8648=IFCPOLYLOOP((#7366,#7371,#7214));
#8649=IFCFACEOUTERBOUND(#8648,.T.);
#8650=IFCFACE((#8649));
#8651=IFCPOLYLOOP((#7174,#7173,#7370));
#8652=IFCFACEOUTERBOUND(#8651,.T.);
#8653=IFCFACE((#8652));
#8654=IFCPOLYLOOP((#7132,#7231,#7133));
#8655=IFCFACEOUTERBOUND(#8654,.T.);
#8656=IFCFACE((#8655));
#8657=IFCPOLYLOOP((#7132,#7131,#7362));
#8658=IFCFACEOUTERBOUND(#8657,.T.);
#8659=IFCFACE((#8658));
#8660=IFCPOLYLOOP((#7367,#7364,#7398));
#8661=IFCFACEOUTERBOUND(#8660,.T.);
#8662=IFCFACE((#8661));
#8663=IFCPOLYLOOP((#7426,#7364,#7367));
#8664=IFCFACEOUTERBOUND(#8663,.T.);
#8665=IFCFACE((#8664));
#8666=IFCPOLYLOOP((#7369,#7252,#7389));
#8667=IFCFACEOUTERBOUND(#8666,.T.);
#8668=IFCFACE((#8667));
#8669=IFCPOLYLOOP((#7131,#7130,#7360));
#8670=IFCFACEOUTERBOUND(#8669,.T.);
#8671=IFCFACE((#8670));
#8672=IFCPOLYLOOP((#7128,#7127,#7370));
#8673=IFCFACEOUTERBOUND(#8672,.T.);
#8674=IFCFACE((#8673));
#8675=IFCPOLYLOOP((#7408,#7282,#7407));
#8676=IFCFACEOUTERBOUND(#8675,.T.);
#8677=IFCFACE((#8676));
#8678=IFCPOLYLOOP((#7171,#7368,#7427));
#8679=IFCFACEOUTERBOUND(#8678,.T.);
#8680=IFCFACE((#8679));
#8681=IFCPOLYLOOP((#7131,#7360,#7362));
#8682=IFCFACEOUTERBOUND(#8681,.T.);
#8683=IFCFACE((#8682));
#8684=IFCPOLYLOOP((#7282,#7408,#7269));
#8685=IFCFACEOUTERBOUND(#8684,.T.);
#8686=IFCFACE((#8685));
#8687=IFCPOLYLOOP((#7248,#7399,#7249));
#8688=IFCFACEOUTERBOUND(#8687,.T.);
#8689=IFCFACE((#8688));
#8690=IFCPOLYLOOP((#7402,#7363,#7389));
#8691=IFCFACEOUTERBOUND(#8690,.T.);
#8692=IFCFACE((#8691));
#8693=IFCPOLYLOOP((#7409,#7410,#7376));
#8694=IFCFACEOUTERBOUND(#8693,.T.);
#8695=IFCFACE((#8694));
#8696=IFCPOLYLOOP((#7440,#7374,#7409));
#8697=IFCFACEOUTERBOUND(#8696,.T.);
#8698=IFCFACE((#8697));
#8699=IFCPOLYLOOP((#7408,#7415,#7269));
#8700=IFCFACEOUTERBOUND(#8699,.T.);
#8701=IFCFACE((#8700));
#8702=IFCPOLYLOOP((#7383,#7235,#7395));
#8703=IFCFACEOUTERBOUND(#8702,.T.);
#8704=IFCFACE((#8703));
#8705=IFCPOLYLOOP((#7213,#7366,#7214));
#8706=IFCFACEOUTERBOUND(#8705,.T.);
#8707=IFCFACE((#8706));
#8708=IFCPOLYLOOP((#7389,#7251,#7402));
#8709=IFCFACEOUTERBOUND(#8708,.T.);
#8710=IFCFACE((#8709));
#8711=IFCPOLYLOOP((#7389,#7363,#7366));
#8712=IFCFACEOUTERBOUND(#8711,.T.);
#8713=IFCFACE((#8712));
#8714=IFCPOLYLOOP((#7212,#7369,#7213));
#8715=IFCFACEOUTERBOUND(#8714,.T.);
#8716=IFCFACE((#8715));
#8717=IFCPOLYLOOP((#7425,#7250,#7249));
#8718=IFCFACEOUTERBOUND(#8717,.T.);
#8719=IFCFACE((#8718));
#8720=IFCPOLYLOOP((#7399,#7400,#7380));
#8721=IFCFACEOUTERBOUND(#8720,.T.);
#8722=IFCFACE((#8721));
#8723=IFCPOLYLOOP((#7437,#7388,#7436));
#8724=IFCFACEOUTERBOUND(#8723,.T.);
#8725=IFCFACE((#8724));
#8726=IFCPOLYLOOP((#7406,#7393,#7382));
#8727=IFCFACEOUTERBOUND(#8726,.T.);
#8728=IFCFACE((#8727));
#8729=IFCPOLYLOOP((#7406,#7382,#7363));
#8730=IFCFACEOUTERBOUND(#8729,.T.);
#8731=IFCFACE((#8730));
#8732=IFCPOLYLOOP((#7419,#7420,#7378));
#8733=IFCFACEOUTERBOUND(#8732,.T.);
#8734=IFCFACE((#8733));
#8735=IFCPOLYLOOP((#7403,#7247,#7246));
#8736=IFCFACEOUTERBOUND(#8735,.T.);
#8737=IFCFACE((#8736));
#8738=IFCPOLYLOOP((#7218,#7241,#7434));
#8739=IFCFACEOUTERBOUND(#8738,.T.);
#8740=IFCFACE((#8739));
#8741=IFCPOLYLOOP((#7394,#7237,#7236));
#8742=IFCFACEOUTERBOUND(#8741,.T.);
#8743=IFCFACE((#8742));
#8744=IFCPOLYLOOP((#7411,#7369,#7211));
#8745=IFCFACEOUTERBOUND(#8744,.T.);
#8746=IFCFACE((#8745));
#8747=IFCPOLYLOOP((#7245,#7386,#7246));
#8748=IFCFACEOUTERBOUND(#8747,.T.);
#8749=IFCFACE((#8748));
#8750=IFCPOLYLOOP((#7245,#7404,#7386));
#8751=IFCFACEOUTERBOUND(#8750,.T.);
#8752=IFCFACE((#8751));
#8753=IFCPOLYLOOP((#7428,#7381,#7427));
#8754=IFCFACEOUTERBOUND(#8753,.T.);
#8755=IFCFACE((#8754));
#8756=IFCPOLYLOOP((#7395,#7235,#7234));
#8757=IFCFACEOUTERBOUND(#8756,.T.);
#8758=IFCFACE((#8757));
#8759=IFCPOLYLOOP((#7387,#7241,#7240));
#8760=IFCFACEOUTERBOUND(#8759,.T.);
#8761=IFCFACE((#8760));
#8762=IFCPOLYLOOP((#7130,#7129,#7232));
#8763=IFCFACEOUTERBOUND(#8762,.T.);
#8764=IFCFACE((#8763));
#8765=IFCPOLYLOOP((#7128,#7370,#7129));
#8766=IFCFACEOUTERBOUND(#8765,.T.);
#8767=IFCFACE((#8766));
#8768=IFCPOLYLOOP((#7438,#7367,#7398));
#8769=IFCFACEOUTERBOUND(#8768,.T.);
#8770=IFCFACE((#8769));
#8771=IFCPOLYLOOP((#7368,#7171,#7170));
#8772=IFCFACEOUTERBOUND(#8771,.T.);
#8773=IFCFACE((#8772));
#8774=IFCPOLYLOOP((#7366,#7213,#7369));
#8775=IFCFACEOUTERBOUND(#8774,.T.);
#8776=IFCFACE((#8775));
#8777=IFCPOLYLOOP((#7129,#7370,#7438));
#8778=IFCFACEOUTERBOUND(#8777,.T.);
#8779=IFCFACE((#8778));
#8780=IFCPOLYLOOP((#7415,#7170,#7169));
#8781=IFCFACEOUTERBOUND(#8780,.T.);
#8782=IFCFACE((#8781));
#8783=IFCPOLYLOOP((#7232,#7129,#7438));
#8784=IFCFACEOUTERBOUND(#8783,.T.);
#8785=IFCFACE((#8784));
#8786=IFCPOLYLOOP((#7171,#7367,#7172));
#8787=IFCFACEOUTERBOUND(#8786,.T.);
#8788=IFCFACE((#8787));
#8789=IFCPOLYLOOP((#7173,#7172,#7370));
#8790=IFCFACEOUTERBOUND(#8789,.T.);
#8791=IFCFACE((#8790));
#8792=IFCPOLYLOOP((#7233,#7398,#7432));
#8793=IFCFACEOUTERBOUND(#8792,.T.);
#8794=IFCFACE((#8793));
#8795=IFCPOLYLOOP((#7231,#7132,#7362));
#8796=IFCFACEOUTERBOUND(#8795,.T.);
#8797=IFCFACE((#8796));
#8798=IFCPOLYLOOP((#7381,#7382,#7393));
#8799=IFCFACEOUTERBOUND(#8798,.T.);
#8800=IFCFACE((#8799));
#8801=IFCPOLYLOOP((#7383,#7416,#7433));
#8802=IFCFACEOUTERBOUND(#8801,.T.);
#8803=IFCFACE((#8802));
#8804=IFCPOLYLOOP((#7236,#7383,#7394));
#8805=IFCFACEOUTERBOUND(#8804,.T.);
#8806=IFCFACE((#8805));
#8807=IFCPOLYLOOP((#7392,#7378,#7388));
#8808=IFCFACEOUTERBOUND(#8807,.T.);
#8809=IFCFACE((#8808));
#8810=IFCPOLYLOOP((#7126,#7289,#7414));
#8811=IFCFACEOUTERBOUND(#8810,.T.);
#8812=IFCFACE((#8811));
#8813=IFCPOLYLOOP((#7384,#7394,#7376));
#8814=IFCFACEOUTERBOUND(#8813,.T.);
#8815=IFCFACE((#8814));
#8816=IFCPOLYLOOP((#7440,#7418,#7374));
#8817=IFCFACEOUTERBOUND(#8816,.T.);
#8818=IFCFACE((#8817));
#8819=IFCPOLYLOOP((#7236,#7235,#7383));
#8820=IFCFACEOUTERBOUND(#8819,.T.);
#8821=IFCFACE((#8820));
#8822=IFCPOLYLOOP((#7238,#7237,#7384));
#8823=IFCFACEOUTERBOUND(#8822,.T.);
#8824=IFCFACE((#8823));
#8825=IFCPOLYLOOP((#7174,#7370,#7414));
#8826=IFCFACEOUTERBOUND(#8825,.T.);
#8827=IFCFACE((#8826));
#8828=IFCPOLYLOOP((#7239,#7405,#7240));
#8829=IFCFACEOUTERBOUND(#8828,.T.);
#8830=IFCFACE((#8829));
#8831=IFCPOLYLOOP((#7374,#7400,#7401));
#8832=IFCFACEOUTERBOUND(#8831,.T.);
#8833=IFCFACE((#8832));
#8834=IFCPOLYLOOP((#7384,#7396,#7238));
#8835=IFCFACEOUTERBOUND(#8834,.T.);
#8836=IFCFACE((#8835));
#8837=IFCPOLYLOOP((#7381,#7426,#7427));
#8838=IFCFACEOUTERBOUND(#8837,.T.);
#8839=IFCFACE((#8838));
#8840=IFCPOLYLOOP((#7382,#7365,#7371));
#8841=IFCFACEOUTERBOUND(#8840,.T.);
#8842=IFCFACE((#8841));
#8843=IFCPOLYLOOP((#7130,#7232,#7360));
#8844=IFCFACEOUTERBOUND(#8843,.T.);
#8845=IFCFACE((#8844));
#8846=IFCPOLYLOOP((#7238,#7396,#7239));
#8847=IFCFACEOUTERBOUND(#8846,.T.);
#8848=IFCFACE((#8847));
#8849=IFCPOLYLOOP((#7242,#7284,#7436));
#8850=IFCFACEOUTERBOUND(#8849,.T.);
#8851=IFCFACE((#8850));
#8852=IFCPOLYLOOP((#7218,#7434,#7285));
#8853=IFCFACEOUTERBOUND(#8852,.T.);
#8854=IFCFACE((#8853));
#8855=IFCPOLYLOOP((#7434,#7241,#7387));
#8856=IFCFACEOUTERBOUND(#8855,.T.);
#8857=IFCFACE((#8856));
#8858=IFCPOLYLOOP((#7243,#7436,#7388));
#8859=IFCFACEOUTERBOUND(#8858,.T.);
#8860=IFCFACE((#8859));
#8861=IFCPOLYLOOP((#7437,#7375,#7392));
#8862=IFCFACEOUTERBOUND(#8861,.T.);
#8863=IFCFACE((#8862));
#8864=IFCPOLYLOOP((#7369,#7389,#7366));
#8865=IFCFACEOUTERBOUND(#8864,.T.);
#8866=IFCFACE((#8865));
#8867=IFCPOLYLOOP((#7252,#7251,#7389));
#8868=IFCFACEOUTERBOUND(#8867,.T.);
#8869=IFCFACE((#8868));
#8870=IFCPOLYLOOP((#7416,#7383,#7395));
#8871=IFCFACEOUTERBOUND(#8870,.T.);
#8872=IFCFACE((#8871));
#8873=IFCPOLYLOOP((#7390,#7416,#7417));
#8874=IFCFACEOUTERBOUND(#8873,.T.);
#8875=IFCFACE((#8874));
#8876=IFCPOLYLOOP((#7443,#7379,#7397));
#8877=IFCFACEOUTERBOUND(#8876,.T.);
#8878=IFCFACE((#8877));
#8879=IFCPOLYLOOP((#7372,#7424,#7423,#7375,#7281));
#8880=IFCFACEOUTERBOUND(#8879,.T.);
#8881=IFCFACE((#8880));
#8882=IFCPOLYLOOP((#7424,#7391,#7422));
#8883=IFCFACEOUTERBOUND(#8882,.T.);
#8884=IFCFACE((#8883));
#8885=IFCPOLYLOOP((#7412,#7391,#7379));
#8886=IFCFACEOUTERBOUND(#8885,.T.);
#8887=IFCFACE((#8886));
#8888=IFCPOLYLOOP((#7400,#7430,#7380));
#8889=IFCFACEOUTERBOUND(#8888,.T.);
#8890=IFCFACE((#8889));
#8891=IFCPOLYLOOP((#7418,#7390,#7417));
#8892=IFCFACEOUTERBOUND(#8891,.T.);
#8893=IFCFACE((#8892));
#8894=IFCPOLYLOOP((#7376,#7394,#7383));
#8895=IFCFACEOUTERBOUND(#8894,.T.);
#8896=IFCFACE((#8895));
#8897=IFCPOLYLOOP((#7384,#7237,#7394));
#8898=IFCFACEOUTERBOUND(#8897,.T.);
#8899=IFCFACE((#8898));
#8900=IFCPOLYLOOP((#7432,#7398,#7364));
#8901=IFCFACEOUTERBOUND(#8900,.T.);
#8902=IFCFACE((#8901));
#8903=IFCPOLYLOOP((#7416,#7390,#7433));
#8904=IFCFACEOUTERBOUND(#8903,.T.);
#8905=IFCFACE((#8904));
#8906=IFCPOLYLOOP((#7397,#7396,#7384));
#8907=IFCFACEOUTERBOUND(#8906,.T.);
#8908=IFCFACE((#8907));
#8909=IFCPOLYLOOP((#7405,#7396,#7379));
#8910=IFCFACEOUTERBOUND(#8909,.T.);
#8911=IFCFACE((#8910));
#8912=IFCPOLYLOOP((#7386,#7404,#7378));
#8913=IFCFACEOUTERBOUND(#8912,.T.);
#8914=IFCFACE((#8913));
#8915=IFCPOLYLOOP((#7441,#7376,#7410));
#8916=IFCFACEOUTERBOUND(#8915,.T.);
#8917=IFCFACE((#8916));
#8918=IFCPOLYLOOP((#7397,#7442,#7443));
#8919=IFCFACEOUTERBOUND(#8918,.T.);
#8920=IFCFACE((#8919));
#8921=IFCPOLYLOOP((#7431,#7432,#7364));
#8922=IFCFACEOUTERBOUND(#8921,.T.);
#8923=IFCFACE((#8922));
#8924=IFCPOLYLOOP((#7438,#7233,#7232));
#8925=IFCFACEOUTERBOUND(#8924,.T.);
#8926=IFCFACE((#8925));
#8927=IFCPOLYLOOP((#7400,#7399,#7385));
#8928=IFCFACEOUTERBOUND(#8927,.T.);
#8929=IFCFACE((#8928));
#8930=IFCPOLYLOOP((#7425,#7399,#7380));
#8931=IFCFACEOUTERBOUND(#8930,.T.);
#8932=IFCFACE((#8931));
#8933=IFCPOLYLOOP((#7400,#7439,#7401));
#8934=IFCFACEOUTERBOUND(#8933,.T.);
#8935=IFCFACE((#8934));
#8936=IFCPOLYLOOP((#7400,#7374,#7430));
#8937=IFCFACEOUTERBOUND(#8936,.T.);
#8938=IFCFACE((#8937));
#8939=IFCPOLYLOOP((#7421,#7377,#7420));
#8940=IFCFACEOUTERBOUND(#8939,.T.);
#8941=IFCFACE((#8940));
#8942=IFCPOLYLOOP((#7410,#7442,#7441));
#8943=IFCFACEOUTERBOUND(#8942,.T.);
#8944=IFCFACE((#8943));
#8945=IFCPOLYLOOP((#7251,#7250,#7402));
#8946=IFCFACEOUTERBOUND(#8945,.T.);
#8947=IFCFACE((#8946));
#8948=IFCPOLYLOOP((#7402,#7250,#7425));
#8949=IFCFACEOUTERBOUND(#8948,.T.);
#8950=IFCFACE((#8949));
#8951=IFCPOLYLOOP((#7386,#7403,#7246));
#8952=IFCFACEOUTERBOUND(#8951,.T.);
#8953=IFCFACE((#8952));
#8954=IFCPOLYLOOP((#7385,#7403,#7377));
#8955=IFCFACEOUTERBOUND(#8954,.T.);
#8956=IFCFACE((#8955));
#8957=IFCPOLYLOOP((#7388,#7404,#7244));
#8958=IFCFACEOUTERBOUND(#8957,.T.);
#8959=IFCFACE((#8958));
#8960=IFCPOLYLOOP((#7396,#7405,#7239));
#8961=IFCFACEOUTERBOUND(#8960,.T.);
#8962=IFCFACE((#8961));
#8963=IFCPOLYLOOP((#7425,#7406,#7402));
#8964=IFCFACEOUTERBOUND(#8963,.T.);
#8965=IFCFACE((#8964));
#8966=IFCPOLYLOOP((#7393,#7406,#7380));
#8967=IFCFACEOUTERBOUND(#8966,.T.);
#8968=IFCFACE((#8967));
#8969=IFCPOLYLOOP((#7407,#7365,#7408));
#8970=IFCFACEOUTERBOUND(#8969,.T.);
#8971=IFCFACE((#8970));
#8972=IFCPOLYLOOP((#7217,#7407,#7282));
#8973=IFCFACEOUTERBOUND(#8972,.T.);
#8974=IFCFACE((#8973));
#8975=IFCPOLYLOOP((#7365,#7368,#7408));
#8976=IFCFACEOUTERBOUND(#8975,.T.);
#8977=IFCFACE((#8976));
#8978=IFCPOLYLOOP((#7413,#7415,#7168));
#8979=IFCFACEOUTERBOUND(#8978,.T.);
#8980=IFCFACE((#8979));
#8981=IFCPOLYLOOP((#7421,#7410,#7444));
#8982=IFCFACEOUTERBOUND(#8981,.T.);
#8983=IFCFACE((#8982));
#8984=IFCPOLYLOOP((#7409,#7376,#7433));
#8985=IFCFACEOUTERBOUND(#8984,.T.);
#8986=IFCFACE((#8985));
#8987=IFCPOLYLOOP((#7444,#7401,#7421));
#8988=IFCFACEOUTERBOUND(#8987,.T.);
#8989=IFCFACE((#8988));
#8990=IFCPOLYLOOP((#7397,#7441,#7442));
#8991=IFCFACEOUTERBOUND(#8990,.T.);
#8992=IFCFACE((#8991));
#8993=IFCPOLYLOOP((#7210,#7293,#7411));
#8994=IFCFACEOUTERBOUND(#8993,.T.);
#8995=IFCFACE((#8994));
#8996=IFCPOLYLOOP((#7254,#7411,#7293));
#8997=IFCFACEOUTERBOUND(#8996,.T.);
#8998=IFCFACE((#8997));
#8999=IFCPOLYLOOP((#7419,#7412,#7373));
#9000=IFCFACEOUTERBOUND(#8999,.T.);
#9001=IFCFACE((#9000));
#9002=IFCPOLYLOOP((#7170,#7415,#7368));
#9003=IFCFACEOUTERBOUND(#9002,.T.);
#9004=IFCFACE((#9003));
#9005=IFCPOLYLOOP((#7413,#7269,#7415));
#9006=IFCFACEOUTERBOUND(#9005,.T.);
#9007=IFCFACE((#9006));
#9008=IFCPOLYLOOP((#7175,#7414,#7289));
#9009=IFCFACEOUTERBOUND(#9008,.T.);
#9010=IFCFACE((#9009));
#9011=IFCPOLYLOOP((#7127,#7414,#7370));
#9012=IFCFACEOUTERBOUND(#9011,.T.);
#9013=IFCFACE((#9012));
#9014=IFCPOLYLOOP((#7422,#7391,#7412));
#9015=IFCFACEOUTERBOUND(#9014,.T.);
#9016=IFCFACE((#9015));
#9017=IFCPOLYLOOP((#7168,#7415,#7169));
#9018=IFCFACEOUTERBOUND(#9017,.T.);
#9019=IFCFACE((#9018));
#9020=IFCPOLYLOOP((#7395,#7431,#7416));
#9021=IFCFACEOUTERBOUND(#9020,.T.);
#9022=IFCFACE((#9021));
#9023=IFCPOLYLOOP((#7416,#7431,#7417));
#9024=IFCFACEOUTERBOUND(#9023,.T.);
#9025=IFCFACE((#9024));
#9026=IFCPOLYLOOP((#7426,#7417,#7364));
#9027=IFCFACEOUTERBOUND(#9026,.T.);
#9028=IFCFACE((#9027));
#9029=IFCPOLYLOOP((#7429,#7393,#7418));
#9030=IFCFACEOUTERBOUND(#9029,.T.);
#9031=IFCFACE((#9030));
#9032=IFCPOLYLOOP((#7429,#7418,#7417));
#9033=IFCFACEOUTERBOUND(#9032,.T.);
#9034=IFCFACE((#9033));
#9035=IFCPOLYLOOP((#7430,#7418,#7393));
#9036=IFCFACEOUTERBOUND(#9035,.T.);
#9037=IFCFACE((#9036));
#9038=IFCPOLYLOOP((#7420,#7419,#7373));
#9039=IFCFACEOUTERBOUND(#9038,.T.);
#9040=IFCFACE((#9039));
#9041=IFCPOLYLOOP((#7392,#7419,#7378));
#9042=IFCFACEOUTERBOUND(#9041,.T.);
#9043=IFCFACE((#9042));
#9044=IFCPOLYLOOP((#7421,#7420,#7373));
#9045=IFCFACEOUTERBOUND(#9044,.T.);
#9046=IFCFACE((#9045));
#9047=IFCPOLYLOOP((#7420,#7377,#7386));
#9048=IFCFACEOUTERBOUND(#9047,.T.);
#9049=IFCFACE((#9048));
#9050=IFCPOLYLOOP((#7421,#7373,#7442));
#9051=IFCFACEOUTERBOUND(#9050,.T.);
#9052=IFCFACE((#9051));
#9053=IFCPOLYLOOP((#7377,#7421,#7401));
#9054=IFCFACEOUTERBOUND(#9053,.T.);
#9055=IFCFACE((#9054));
#9056=IFCPOLYLOOP((#7419,#7422,#7412));
#9057=IFCFACEOUTERBOUND(#9056,.T.);
#9058=IFCFACE((#9057));
#9059=IFCPOLYLOOP((#7422,#7392,#7423));
#9060=IFCFACEOUTERBOUND(#9059,.T.);
#9061=IFCFACE((#9060));
#9062=IFCPOLYLOOP((#7392,#7375,#7423));
#9063=IFCFACEOUTERBOUND(#9062,.T.);
#9064=IFCFACE((#9063));
#9065=IFCPOLYLOOP((#7391,#7424,#7372));
#9066=IFCFACEOUTERBOUND(#9065,.T.);
#9067=IFCFACE((#9066));
#9068=IFCPOLYLOOP((#7423,#7424,#7422));
#9069=IFCFACEOUTERBOUND(#9068,.T.);
#9070=IFCFACE((#9069));
#9071=IFCPOLYLOOP((#7399,#7425,#7249));
#9072=IFCFACEOUTERBOUND(#9071,.T.);
#9073=IFCFACE((#9072));
#9074=IFCPOLYLOOP((#7425,#7380,#7406));
#9075=IFCFACEOUTERBOUND(#9074,.T.);
#9076=IFCFACE((#9075));
#9077=IFCPOLYLOOP((#7367,#7171,#7427));
#9078=IFCFACEOUTERBOUND(#9077,.T.);
#9079=IFCFACE((#9078));
#9080=IFCPOLYLOOP((#7426,#7381,#7429));
#9081=IFCFACEOUTERBOUND(#9080,.T.);
#9082=IFCFACE((#9081));
#9083=IFCPOLYLOOP((#7367,#7427,#7426));
#9084=IFCFACEOUTERBOUND(#9083,.T.);
#9085=IFCFACE((#9084));
#9086=IFCPOLYLOOP((#7428,#7368,#7365));
#9087=IFCFACEOUTERBOUND(#9086,.T.);
#9088=IFCFACE((#9087));
#9089=IFCPOLYLOOP((#7365,#7382,#7428));
#9090=IFCFACEOUTERBOUND(#9089,.T.);
#9091=IFCFACE((#9090));
#9092=IFCPOLYLOOP((#7382,#7381,#7428));
#9093=IFCFACEOUTERBOUND(#9092,.T.);
#9094=IFCFACE((#9093));
#9095=IFCPOLYLOOP((#7426,#7429,#7417));
#9096=IFCFACEOUTERBOUND(#9095,.T.);
#9097=IFCFACE((#9096));
#9098=IFCPOLYLOOP((#7393,#7429,#7381));
#9099=IFCFACEOUTERBOUND(#9098,.T.);
#9100=IFCFACE((#9099));
#9101=IFCPOLYLOOP((#7418,#7430,#7374));
#9102=IFCFACEOUTERBOUND(#9101,.T.);
#9103=IFCFACE((#9102));
#9104=IFCPOLYLOOP((#7393,#7380,#7430));
#9105=IFCFACEOUTERBOUND(#9104,.T.);
#9106=IFCFACE((#9105));
#9107=IFCPOLYLOOP((#7431,#7395,#7432));
#9108=IFCFACEOUTERBOUND(#9107,.T.);
#9109=IFCFACE((#9108));
#9110=IFCPOLYLOOP((#7417,#7431,#7364));
#9111=IFCFACEOUTERBOUND(#9110,.T.);
#9112=IFCFACE((#9111));
#9113=IFCPOLYLOOP((#7395,#7234,#7432));
#9114=IFCFACEOUTERBOUND(#9113,.T.);
#9115=IFCFACE((#9114));
#9116=IFCPOLYLOOP((#7233,#7432,#7234));
#9117=IFCFACEOUTERBOUND(#9116,.T.);
#9118=IFCFACE((#9117));
#9119=IFCPOLYLOOP((#7409,#7433,#7390));
#9120=IFCFACEOUTERBOUND(#9119,.T.);
#9121=IFCFACE((#9120));
#9122=IFCPOLYLOOP((#7376,#7383,#7433));
#9123=IFCFACEOUTERBOUND(#9122,.T.);
#9124=IFCFACE((#9123));
#9125=IFCPOLYLOOP((#7435,#7387,#7391));
#9126=IFCFACEOUTERBOUND(#9125,.T.);
#9127=IFCFACE((#9126));
#9128=IFCPOLYLOOP((#7372,#7435,#7391));
#9129=IFCFACEOUTERBOUND(#9128,.T.);
#9130=IFCFACE((#9129));
#9131=IFCPOLYLOOP((#7285,#7434,#7435));
#9132=IFCFACEOUTERBOUND(#9131,.T.);
#9133=IFCFACE((#9132));
#9134=IFCPOLYLOOP((#7242,#7436,#7243));
#9135=IFCFACEOUTERBOUND(#9134,.T.);
#9136=IFCFACE((#9135));
#9137=IFCPOLYLOOP((#7437,#7436,#7284));
#9138=IFCFACEOUTERBOUND(#9137,.T.);
#9139=IFCFACE((#9138));
#9140=IFCPOLYLOOP((#7437,#7284,#7345,#7375));
#9141=IFCFACEOUTERBOUND(#9140,.T.);
#9142=IFCFACE((#9141));
#9143=IFCPOLYLOOP((#7388,#7437,#7392));
#9144=IFCFACEOUTERBOUND(#9143,.T.);
#9145=IFCFACE((#9144));
#9146=IFCPOLYLOOP((#7367,#7438,#7370));
#9147=IFCFACEOUTERBOUND(#9146,.T.);
#9148=IFCFACE((#9147));
#9149=IFCPOLYLOOP((#7233,#7438,#7398));
#9150=IFCFACEOUTERBOUND(#9149,.T.);
#9151=IFCFACE((#9150));
#9152=IFCPOLYLOOP((#7385,#7377,#7439));
#9153=IFCFACEOUTERBOUND(#9152,.T.);
#9154=IFCFACE((#9153));
#9155=IFCPOLYLOOP((#7377,#7401,#7439));
#9156=IFCFACEOUTERBOUND(#9155,.T.);
#9157=IFCFACE((#9156));
#9158=IFCPOLYLOOP((#7409,#7390,#7440));
#9159=IFCFACEOUTERBOUND(#9158,.T.);
#9160=IFCFACE((#9159));
#9161=IFCPOLYLOOP((#7418,#7440,#7390));
#9162=IFCFACEOUTERBOUND(#9161,.T.);
#9163=IFCFACE((#9162));
#9164=IFCPOLYLOOP((#7397,#7384,#7441));
#9165=IFCFACEOUTERBOUND(#9164,.T.);
#9166=IFCFACE((#9165));
#9167=IFCPOLYLOOP((#7376,#7441,#7384));
#9168=IFCFACEOUTERBOUND(#9167,.T.);
#9169=IFCFACE((#9168));
#9170=IFCPOLYLOOP((#7421,#7442,#7410));
#9171=IFCFACEOUTERBOUND(#9170,.T.);
#9172=IFCFACE((#9171));
#9173=IFCPOLYLOOP((#7443,#7373,#7412));
#9174=IFCFACEOUTERBOUND(#9173,.T.);
#9175=IFCFACE((#9174));
#9176=IFCPOLYLOOP((#7373,#7443,#7442));
#9177=IFCFACEOUTERBOUND(#9176,.T.);
#9178=IFCFACE((#9177));
#9179=IFCPOLYLOOP((#7379,#7443,#7412));
#9180=IFCFACEOUTERBOUND(#9179,.T.);
#9181=IFCFACE((#9180));
#9182=IFCPOLYLOOP((#7410,#7409,#7444));
#9183=IFCFACEOUTERBOUND(#9182,.T.);
#9184=IFCFACE((#9183));
#9185=IFCPOLYLOOP((#7401,#7444,#7409));
#9186=IFCFACEOUTERBOUND(#9185,.T.);
#9187=IFCFACE((#9186));
#9188=IFCCLOSEDSHELL((#2302,#2305,#2308,#2311,#2314,#2317,#2320,#2323,#2326,#2329,#2332,#2335,#2338,#2341,#2344,#2347,#2350,#2353,#2356,#2359,#2362,#2365,#2368,#2371,#2374,#2377,#2380,#2383,#2386,#2389,#2392,#2395,#2398,#2401,#2404,#2407,#2410,#2413,#2416,#2419,#2422,#2425,#2428,#2431,#2434,#2437,#2440,#2443,#2446,#2449,#2452,#2455,#2458,#2461,#2464,#2467,#2470,#2473,#2476,#2479,#2482,#2485,#2488,#2491,#2494,#2497,#2500,#2503,#2506,#2509,#2512,#2515,#2518,#2521,#2524,#2527,#2530,#2533,#2536,#2539,#2542,#2545,#2548,#2551,#2554,#2557,#2560,#2563,#2566,#2569,#2572,#2575,#2578,#2581,#2584,#2587,#2590,#2593,#2596,#2599,#2602,#2605,#2608,#2611,#2614,#2617,#2620,#2623,#2626,#2629,#2632,#2635,#2638,#2641,#2644,#2647,#2650,#2653,#2656,#2659,#2662,#2665,#2668,#2671,#2674,#2677,#2680,#2683,#2686,#2689,#2692,#2695,#2698,#2701,#2704,#2707,#2710,#2713,#2716,#2719,#2722,#2725,#2728,#2731,#2734,#2737,#2740,#2743,#2746,#2749,#2752,#2755,#2758,#2761,#2764,#2767,#2770,#2773,#2776,#2779,#2782,#2785,#2788,#2791,#2794,#2797,#2800,#2803,#2806,#2809,#2812,#2815,#2818,#2821,#2824,#2827,#2830,#2833,#2836,#2839,#2842,#2845,#2848,#2851,#2854,#2857,#2860,#2863,#2866,#2869,#2872,#2875));
#9189=IFCFACETEDBREP(#9188);
#9190=IFCCLOSEDSHELL((#3002,#3005,#3008,#3011,#3014,#3017,#3020,#3023,#3026,#3029,#3032,#3035,#3038,#3041,#3044,#3047,#3050,#3053,#3056,#3059,#3062,#3065,#3068,#3071,#3074,#3077,#3080,#3083,#3086,#3089,#3092,#3095,#3098,#3101,#3104,#3107,#3110,#3113,#3116,#3119,#3122,#3125,#3128,#3131,#3134,#3137,#3140,#3143,#3146,#3149,#3152,#3155,#3158,#3161,#3164,#3167,#3170,#3173,#3176,#3179,#3182,#3185,#3188,#3191,#3194,#3197,#3200,#3203,#3206,#3209,#3212,#3215,#3218,#3221,#3224,#3227,#3230,#3233,#3236,#3239,#3242,#3245,#3248,#3251,#3254,#3257,#3260,#3263,#3266,#3269,#3272,#3275,#3278,#3281,#3284,#3287,#3290,#3293,#3296,#3299,#3302,#3305,#3308,#3311,#3314,#3317,#3320,#3323,#3326,#3329,#3332,#3335,#3338,#3341,#3344,#3347,#3350,#3353,#3356,#3359,#3362,#3365,#3368,#3371,#3374,#3377,#3380,#3383,#3386,#3389,#3392,#3395,#3398,#3401,#3404,#3407,#3410,#3413,#3416,#3419,#3422,#3425,#3428,#3431,#3434,#3437,#3440,#3443,#3446,#3449,#3452,#3455,#3458,#3461,#3464,#3467,#3470,#3473,#3476,#3479,#3482,#3485,#3488,#3491,#3494,#3497,#3500,#3503,#3506,#3509,#3512,#3515,#3518,#3521,#3524,#3527,#3530,#3533,#3536,#3539,#3542,#3545,#3548,#3551,#3554,#3557,#3560,#3563,#3566,#3569,#3572,#3575));
#9191=IFCFACETEDBREP(#9190);
#9192=IFCCLOSEDSHELL((#3702,#3705,#3708,#3711,#3714,#3717,#3720,#3723,#3726,#3729,#3732,#3735,#3738,#3741,#3744,#3747,#3750,#3753,#3756,#3759,#3762,#3765,#3768,#3771,#3774,#3777,#3780,#3783,#3786,#3789,#3792,#3795,#3798,#3801,#3804,#3807,#3810,#3813,#3816,#3819,#3822,#3825,#3828,#3831,#3834,#3837,#3840,#3843,#3846,#3849,#3852,#3855,#3858,#3861,#3864,#3867,#3870,#3873,#3876,#3879,#3882,#3885,#3888,#3891,#3894,#3897,#3900,#3903,#3906,#3909,#3912,#3915,#3918,#3921,#3924,#3927,#3930,#3933,#3936,#3939,#3942,#3945,#3948,#3951,#3954,#3957,#3960,#3963,#3966,#3969,#3972,#3975,#3978,#3981,#3984,#3987,#3990,#3993,#3996,#3999,#4002,#4005,#4008,#4011,#4014,#4017,#4020,#4023,#4026,#4029,#4032,#4035,#4038,#4041,#4044,#4047,#4050,#4053,#4056,#4059,#4062,#4065,#4068,#4071,#4074,#4077,#4080,#4083,#4086,#4089,#4092,#4095,#4098,#4101,#4104,#4107,#4110,#4113,#4116,#4119,#4122,#4125,#4128,#4131,#4134,#4137,#4140,#4143,#4146,#4149,#4152,#4155,#4158,#4161,#4164,#4167,#4170,#4173,#4176,#4179,#4182,#4185,#4188,#4191,#4194,#4197,#4200,#4203,#4206,#4209,#4212,#4215,#4218,#4221,#4224,#4227,#4230,#4233,#4236,#4239,#4242,#4245,#4248,#4251,#4254,#4257,#4260,#4263,#4266,#4269,#4272,#4275));
#9193=IFCFACETEDBREP(#9192);
#9194=IFCCLOSEDSHELL((#4402,#4405,#4408,#4411,#4414,#4417,#4420,#4423,#4426,#4429,#4432,#4435,#4438,#4441,#4444,#4447,#4450,#4453,#4456,#4459,#4462,#4465,#4468,#4471,#4474,#4477,#4480,#4483,#4486,#4489,#4492,#4495,#4498,#4501,#4504,#4507,#4510,#4513,#4516,#4519,#4522,#4525,#4528,#4531,#4534,#4537,#4540,#4543,#4546,#4549,#4552,#4555,#4558,#4561,#4564,#4567,#4570,#4573,#4576,#4579,#4582,#4585,#4588,#4591,#4594,#4597,#4600,#4603,#4606,#4609,#4612,#4615,#4618,#4621,#4624,#4627,#4630,#4633,#4636,#4639,#4642,#4645,#4648,#4651,#4654,#4657,#4660,#4663,#4666,#4669,#4672,#4675,#4678,#4681,#4684,#4687,#4690,#4693,#4696,#4699,#4702,#4705,#4708,#4711,#4714,#4717,#4720,#4723,#4726,#4729,#4732,#4735,#4738,#4741,#4744,#4747,#4750,#4753,#4756,#4759,#4762,#4765,#4768,#4771,#4774,#4777,#4780,#4783,#4786,#4789,#4792,#4795,#4798,#4801,#4804,#4807,#4810,#4813,#4816,#4819,#4822,#4825,#4828,#4831,#4834,#4837,#4840,#4843,#4846,#4849,#4852,#4855,#4858,#4861,#4864,#4867,#4870,#4873,#4876,#4879,#4882,#4885,#4888,#4891,#4894,#4897,#4900,#4903,#4906,#4909,#4912,#4915,#4918,#4921,#4924,#4927,#4930,#4933,#4936,#4939,#4942,#4945,#4948,#4951,#4954,#4957,#4960,#4963,#4966,#4969,#4972,#4975));
#9195=IFCFACETEDBREP(#9194);
#9196=IFCCLOSEDSHELL((#5333,#5336,#5339,#5342,#5345,#5348,#5351,#5354,#5357,#5360,#5363,#5366,#5369,#5372,#5375,#5378,#5381,#5384,#5387,#5390,#5393,#5396,#5399,#5402,#5405,#5408,#5411,#5414,#5417,#5420,#5423,#5426,#5429,#5432,#5435,#5438,#5441,#5444,#5447,#5450,#5453,#5456,#5459,#5462,#5465,#5468,#5471,#5474,#5477,#5480,#5483,#5486,#5489,#5492,#5495,#5498,#5501,#5504,#5507,#5510,#5513,#5516,#5519,#5522,#5525,#5528,#5531,#5534,#5537,#5540,#5543,#5546,#5549,#5552,#5555,#5558,#5561,#5564,#5567,#5570,#5573,#5576,#5579,#5582,#5585,#5588,#5591,#5594,#5597,#5600,#5603,#5606,#5609,#5612,#5615,#5618,#5621,#5624,#5627,#5630,#5633,#5636,#5639,#5642,#5645,#5648,#5651,#5654,#5657,#5660,#5663,#5666,#5669,#5672,#5675,#5678,#5681,#5684,#5687,#5690,#5693,#5696,#5699,#5702,#5705,#5708,#5711,#5714,#5717,#5720,#5723,#5726,#5729,#5732,#5735,#5738,#5741,#5744,#5747,#5750,#5753,#5756,#5759,#5762,#5765,#5768,#5771,#5774,#5777,#5780,#5783,#5786,#5789,#5792,#5795,#5798,#5801,#5804,#5807,#5810,#5813,#5816,#5819,#5822,#5825,#5828,#5831,#5834,#5837,#5840,#5843,#5846,#5849,#5852,#5855,#5858,#5861,#5864,#5867,#5870,#5873,#5876,#5879,#5882,#5885,#5888,#5891,#5894,#5897,#5900,#5903,#5906,#5909,#5912,#5915,#5918,#5921,#5924,#5927,#5930,#5933,#5936,#5939,#5942,#5945,#5948,#5951,#5954,#5957,#5960,#5963,#5966,#5969,#5972,#5975,#5978,#5981,#5984,#5987,#5990,#5993,#5996,#5999,#6002,#6005,#6008,#6011,#6014,#6017,#6020,#6023,#6026,#6029,#6032,#6035,#6038,#6041,#6044,#6047,#6050,#6053,#6056,#6059,#6062,#6065,#6068,#6071,#6074,#6077,#6080,#6083,#6086,#6089,#6092,#6095,#6098,#6101,#6104,#6107,#6110,#6113,#6116,#6119,#6122,#6125,#6128,#6131,#6134,#6137,#6140,#6143,#6146,#6149,#6152,#6155,#6158,#6161,#6164,#6167,#6170,#6173,#6176,#6179,#6182,#6185,#6188,#6191,#6194,#6197,#6200,#6203,#6206,#6209,#6212,#6215,#6218,#6221,#6224,#6227,#6230,#6233,#6236,#6239,#6242,#6245,#6248,#6251,#6254,#6257,#6260,#6263,#6266,#6269,#6272,#6275,#6278,#6281,#6284,#6287,#6290,#6293,#6296,#6299,#6302,#6305,#6308,#6311,#6314,#6317,#6320,#6323,#6326,#6329,#6332,#6335,#6338,#6341,#6344,#6347,#6350,#6353,#6356,#6359,#6362,#6365,#6368,#6371,#6374,#6377,#6380,#6383,#6386,#6389,#6392,#6395,#6398,#6401,#6404,#6407,#6410,#6413,#6416,#6419,#6422,#6425,#6428,#6431,#6434,#6437,#6440,#6443,#6446,#6449,#6452,#6455,#6458,#6461,#6464,#6467,#6470,#6473,#6476,#6479,#6482,#6485,#6488,#6491,#6494,#6497,#6500,#6503,#6506,#6509,#6512,#6515,#6518,#6521,#6524,#6527,#6530,#6533,#6536,#6539,#6542,#6545,#6548,#6551,#6554,#6557,#6560,#6563,#6566,#6569,#6572,#6575,#6578,#6581,#6584,#6587,#6590,#6593,#6596,#6599,#6602,#6605,#6608,#6611,#6614,#6617,#6620,#6623,#6626,#6629,#6632,#6635,#6638,#6641,#6644,#6647,#6650,#6653,#6656,#6659,#6662,#6665,#6668,#6671,#6674,#6677,#6680,#6683,#6686,#6689,#6692,#6695,#6698,#6701,#6704,#6707,#6710,#6713,#6716,#6719,#6722,#6725,#6728,#6731,#6734,#6737,#6740,#6743,#6746,#6749,#6752,#6755,#6758,#6761,#6764,#6767,#6770,#6773,#6776,#6779,#6782,#6785,#6788,#6791,#6794,#6797,#6800,#6803,#6806,#6809,#6812,#6815,#6818,#6821,#6824,#6827,#6830,#6833,#6836,#6839,#6842,#6845,#6848,#6851,#6854,#6857,#6860,#6863,#6866,#6869,#6872,#6875,#6878,#6881,#6884,#6887,#6890,#6893,#6896,#6899,#6902,#6905,#6908,#6911,#6914,#6917,#6920,#6923,#6926,#6929,#6932,#6935,#6938,#6941,#6944,#6947,#6950,#6953,#6956,#6959,#6962,#6965,#6968,#6971,#6974,#6977,#6980,#6983,#6986,#6989,#6992,#6995,#6998,#7001,#7004,#7007,#7010,#7013,#7016,#7019,#7022,#7025,#7028,#7031,#7034,#7037,#7040,#7043,#7046,#7049,#7052,#7055,#7058,#7061,#7064,#7067,#7070,#7073,#7076,#7079,#7082,#7085,#7088,#7091));
#9197=IFCFACETEDBREP(#9196);
#9198=IFCCLOSEDSHELL((#7447,#7450,#7453,#7456,#7459,#7462,#7465,#7468,#7471,#7474,#7477,#7480,#7483,#7486,#7489,#7492,#7495,#7498,#7501,#7504,#7507,#7510,#7513,#7516,#7519,#7522,#7525,#7528,#7531,#7534,#7537,#7540,#7543,#7546,#7549,#7552,#7555,#7558,#7561,#7564,#7567,#7570,#7573,#7576,#7579,#7582,#7585,#7588,#7591,#7594,#7597,#7600,#7603,#7606,#7609,#7612,#7615,#7618,#7621,#7624,#7627,#7630,#7633,#7636,#7639,#7642,#7645,#7648,#7651,#7654,#7657,#7660,#7663,#7666,#7669,#7672,#7675,#7678,#7681,#7684,#7687,#7690,#7693,#7696,#7699,#7702,#7705,#7708,#7711,#7714,#7717,#7720,#7723,#7726,#7729,#7732,#7735,#7738,#7741,#7744,#7747,#7750,#7753,#7756,#7759,#7762,#7765,#7768,#7771,#7774,#7777,#7780,#7783,#7786,#7789,#7792,#7795,#7798,#7801,#7804,#7807,#7810,#7813,#7816,#7819,#7822,#7825,#7828,#7831,#7834,#7837,#7840,#7843,#7846,#7849,#7852,#7855,#7858,#7861,#7864,#7867,#7870,#7873,#7876,#7879,#7882,#7885,#7888,#7891,#7894,#7897,#7900,#7903,#7906,#7909,#7912,#7915,#7918,#7921,#7924,#7927,#7930,#7933,#7936,#7939,#7942,#7945,#7948,#7951,#7954,#7957,#7960,#7963,#7966,#7969,#7972,#7975,#7978,#7981,#7984,#7987,#7990,#7993,#7996,#7999,#8002,#8005,#8008,#8011,#8014,#8017,#8020,#8023,#8026,#8029,#8032,#8035,#8038,#8041,#8044,#8047,#8050,#8053,#8056,#8059,#8062,#8065,#8068,#8071,#8074,#8077,#8080,#8083,#8086,#8089,#8092,#8095,#8098,#8101,#8104,#8107,#8110,#8113,#8116,#8119,#8122,#8125,#8128,#8131,#8134,#8137,#8140,#8143,#8146,#8149,#8152,#8155,#8158,#8161,#8164,#8167,#8170,#8173,#8176,#8179,#8182,#8185,#8188,#8191,#8194,#8197,#8200,#8203,#8206,#8209,#8212,#8215,#8218,#8221,#8224,#8227,#8230,#8233,#8236,#8239,#8242,#8245,#8248,#8251,#8254,#8257,#8260,#8263,#8266,#8269,#8272,#8275,#8278,#8281,#8284,#8287,#8290,#8293,#8296,#8299,#8302,#8305,#8308,#8311,#8314,#8317,#8320,#8323,#8326,#8329,#8332,#8335,#8338,#8341,#8344,#8347,#8350,#8353,#8356,#8359,#8362,#8365,#8368,#8371,#8374,#8377,#8380,#8383,#8386,#8389,#8392,#8395,#8398,#8401,#8404,#8407,#8410,#8413,#8416,#8419,#8422,#8425,#8428,#8431,#8434,#8437,#8440,#8443,#8446,#8449,#8452,#8455,#8458,#8461,#8464,#8467,#8470,#8473,#8476,#8479,#8482,#8485,#8488,#8491,#8494,#8497,#8500,#8503,#8506,#8509,#8512,#8515,#8518,#8521,#8524,#8527,#8530,#8533,#8536,#8539,#8542,#8545,#8548,#8551,#8554,#8557,#8560,#8563,#8566,#8569,#8572,#8575,#8578,#8581,#8584,#8587,#8590,#8593,#8596,#8599,#8602,#8605,#8608,#8611,#8614,#8617,#8620,#8623,#8626,#8629,#8632,#8635,#8638,#8641,#8644,#8647,#8650,#8653,#8656,#8659,#8662,#8665,#8668,#8671,#8674,#8677,#8680,#8683,#8686,#8689,#8692,#8695,#8698,#8701,#8704,#8707,#8710,#8713,#8716,#8719,#8722,#8725,#8728,#8731,#8734,#8737,#8740,#8743,#8746,#8749,#8752,#8755,#8758,#8761,#8764,#8767,#8770,#8773,#8776,#8779,#8782,#8785,#8788,#8791,#8794,#8797,#8800,#8803,#8806,#8809,#8812,#8815,#8818,#8821,#8824,#8827,#8830,#8833,#8836,#8839,#8842,#8845,#8848,#8851,#8854,#8857,#8860,#8863,#8866,#8869,#8872,#8875,#8878,#8881,#8884,#8887,#8890,#8893,#8896,#8899,#8902,#8905,#8908,#8911,#8914,#8917,#8920,#8923,#8926,#8929,#8932,#8935,#8938,#8941,#8944,#8947,#8950,#8953,#8956,#8959,#8962,#8965,#8968,#8971,#8974,#8977,#8980,#8983,#8986,#8989,#8992,#8995,#8998,#9001,#9004,#9007,#9010,#9013,#9016,#9019,#9022,#9025,#9028,#9031,#9034,#9037,#9040,#9043,#9046,#9049,#9052,#9055,#9058,#9061,#9064,#9067,#9070,#9073,#9076,#9079,#9082,#9085,#9088,#9091,#9094,#9097,#9100,#9103,#9106,#9109,#9112,#9115,#9118,#9121,#9124,#9127,#9130,#9133,#9136,#9139,#9142,#9145,#9148,#9151,#9154,#9157,#9160,#9163,#9166,#9169,#9172,#9175,#9178,#9181,#9184,#9187));
#9199=IFCFACETEDBREP(#9198);
#9200=IFCSHAPEREPRESENTATION(#24,'Body','Brep',(#9189,#9191,#9193,#9195,#9197,#9199));
#9201=IFCAXIS2PLACEMENT3D(#3,$,$);
#9202=IFCREPRESENTATIONMAP(#9201,#9200);
#9203=IFCBUILDINGELEMENTPROXYTYPE('3tfz9BOuv7FPSfJtwQ7elv',#18,'Andamio Parametrico:1x1 - Escalera',$,$,$,(#9202),'1661898',$,.NOTDEFINED.);
#9204=IFCMAPPEDITEM(#9202,#2160);
#9205=IFCSHAPEREPRESENTATION(#24,'Body','MappedRepresentation',(#9204));
#9206=IFCPRODUCTDEFINITIONSHAPE($,$,(#9205));
#9207=IFCCARTESIANPOINT((-2.9557043861127816,1.5187032362441482,0.));
#9208=IFCDIRECTION((0.7071058689619717,-0.70710769340994661,0.));
#9209=IFCAXIS2PLACEMENT3D(#9207,#9,#9208);
#9210=IFCLOCALPLACEMENT(#34,#9209);
#9211=IFCBUILDINGELEMENTPROXY('3tfz9BOuv7FPSfJtwQ7eok',#18,'Andamio Parametrico:1x1 - Escalera:1662109',$,'Andamio Parametrico:1x1 - Escalera',#9210,#9206,'1662109',$);
#9212=IFCPROPERTYSINGLEVALUE('Reference',$,IFCIDENTIFIER('1x1 - Escalera'),$);
#9213=IFCPROPERTYSET('3PJvtxRyKqT9CnoRY820aD',#18,'Pset_BuildingElementProxyCommon',$,(#9212));
#9214=IFCPROPERTYSET('3jFwdTY7iz5XV1RUC21Qp9',#18,'Pset_QuantityTakeOff',$,(#9212));
#9215=IFCRELDEFINESBYPROPERTIES('2A19mqi4v7mrLWZ1bsLSc0',#18,$,$,(#9211),#9213);
#9216=IFCRELDEFINESBYPROPERTIES('2fK4JF54MJ7UyukUutJ2d_',#18,$,$,(#9211),#9214);
#9217=IFCMAPPEDITEM(#9202,#2160);
#9218=IFCSHAPEREPRESENTATION(#24,'Body','MappedRepresentation',(#9217));
#9219=IFCPRODUCTDEFINITIONSHAPE($,$,(#9218));
#9220=IFCCARTESIANPOINT((-1.8809020787101232,1.5187018496636888,0.));
#9221=IFCDIRECTION((0.7071058689619717,-0.70710769340994661,0.));
#9222=IFCAXIS2PLACEMENT3D(#9220,#9,#9221);
#9223=IFCLOCALPLACEMENT(#34,#9222);
#9224=IFCBUILDINGELEMENTPROXY('3tfz9BOuv7FPSfJtwQ7h3H',#18,'Andamio Parametrico:1x1 - Escalera:1663202',$,'Andamio Parametrico:1x1 - Escalera',#9223,#9219,'1663202',$);
#9225=IFCPROPERTYSET('2S9pnX4IloLm_ADMQKizEw',#18,'Pset_BuildingElementProxyCommon',$,(#9212));
#9226=IFCPROPERTYSET('0pp_SbfYEpNnNXsvpRXlU$',#18,'Pset_QuantityTakeOff',$,(#9212));
#9227=IFCRELDEFINESBYPROPERTIES('37F$d9Qm8Pl0i3pWrOgm4_',#18,$,$,(#9224),#9225);
#9228=IFCRELDEFINESBYPROPERTIES('3uy$$IV_F2kS1WxuK9FNMV',#18,$,$,(#9224),#9226);
#9229=IFCMAPPEDITEM(#9202,#2160);
#9230=IFCSHAPEREPRESENTATION(#24,'Body','MappedRepresentation',(#9229));
#9231=IFCPRODUCTDEFINITIONSHAPE($,$,(#9230));
#9232=IFCCARTESIANPOINT((-0.80609977130746324,1.5187004630832308,0.));
#9233=IFCDIRECTION((0.7071058689619717,-0.70710769340994661,0.));
#9234=IFCAXIS2PLACEMENT3D(#9232,#9,#9233);
#9235=IFCLOCALPLACEMENT(#34,#9234);
#9236=IFCBUILDINGELEMENTPROXY('3tfz9BOuv7FPSfJtwQ7h3V',#18,'Andamio Parametrico:1x1 - Escalera:1663212',$,'Andamio Parametrico:1x1 - Escalera',#9235,#9231,'1663212',$);
#9237=IFCPROPERTYSET('0JDofgeGOVBqvhVKEA4$zC',#18,'Pset_BuildingElementProxyCommon',$,(#9212));
#9238=IFCPROPERTYSET('1E$KKFbvF_Az3JhKGc5_Je',#18,'Pset_QuantityTakeOff',$,(#9212));
#9239=IFCRELDEFINESBYPROPERTIES('0ARzsuOMKXFx1UPIqJQtOL',#18,$,$,(#9236),#9237);
#9240=IFCRELDEFINESBYPROPERTIES('2fivmrO_I$xzEs6tu2BCTS',#18,$,$,(#9236),#9238);
#9241=IFCMAPPEDITEM(#9202,#2160);
#9242=IFCSHAPEREPRESENTATION(#24,'Body','MappedRepresentation',(#9241));
#9243=IFCPRODUCTDEFINITIONSHAPE($,$,(#9242));
#9244=IFCCARTESIANPOINT((0.26870253609519668,1.5186990765027724,0.));
#9245=IFCDIRECTION((0.7071058689619717,-0.70710769340994661,0.));
#9246=IFCAXIS2PLACEMENT3D(#9244,#9,#9245);
#9247=IFCLOCALPLACEMENT(#34,#9246);
#9248=IFCBUILDINGELEMENTPROXY('3tfz9BOuv7FPSfJtwQ7h35',#18,'Andamio Parametrico:1x1 - Escalera:1663222',$,'Andamio Parametrico:1x1 - Escalera',#9247,#9243,'1663222',$);
#9249=IFCPROPERTYSET('0Q9TLyjjAA0xvAoO34hoLc',#18,'Pset_BuildingElementProxyCommon',$,(#9212));
#9250=IFCPROPERTYSET('2bIXv0_l8$VVhmAwx3ZtB3',#18,'Pset_QuantityTakeOff',$,(#9212));
#9251=IFCRELDEFINESBYPROPERTIES('2vJimJW6UN7IrnDCnp$YCz',#18,$,$,(#9248),#9249);
#9252=IFCRELDEFINESBYPROPERTIES('1ugseSJvZ5KNNvvIHcEoUM',#18,$,$,(#9248),#9250);
#9253=IFCMAPPEDITEM(#9202,#2160);
#9254=IFCSHAPEREPRESENTATION(#24,'Body','MappedRepresentation',(#9253));
#9255=IFCPRODUCTDEFINITIONSHAPE($,$,(#9254));
#9256=IFCCARTESIANPOINT((1.3435048434978549,1.5186976899223144,0.));
#9257=IFCDIRECTION((0.7071058689619717,-0.70710769340994661,0.));
#9258=IFCAXIS2PLACEMENT3D(#9256,#9,#9257);
#9259=IFCLOCALPLACEMENT(#34,#9258);
#9260=IFCBUILDINGELEMENTPROXY('3tfz9BOuv7FPSfJtwQ7h4p',#18,'Andamio Parametrico:1x1 - Escalera:1663232',$,'Andamio Parametrico:1x1 - Escalera',#9259,#9255,'1663232',$);
#9261=IFCPROPERTYSET('30$7UmY9aunAy$B87j9Fih',#18,'Pset_BuildingElementProxyCommon',$,(#9212));
#9262=IFCPROPERTYSET('3wn$MM5rSD$sScix_lm20p',#18,'Pset_QuantityTakeOff',$,(#9212));
#9263=IFCRELDEFINESBYPROPERTIES('2G2o0BVzTUzWx5YI719Rvm',#18,$,$,(#9260),#9261);
#9264=IFCRELDEFINESBYPROPERTIES('1$xLs44bq15_mExIaAq8$d',#18,$,$,(#9260),#9262);
#9265=IFCMAPPEDITEM(#9202,#2160);
#9266=IFCSHAPEREPRESENTATION(#24,'Body','MappedRepresentation',(#9265));
#9267=IFCPRODUCTDEFINITIONSHAPE($,$,(#9266));
#9268=IFCCARTESIANPOINT((2.4183071509005138,1.5186963033418561,0.));
#9269=IFCDIRECTION((0.7071058689619717,-0.70710769340994661,0.));
#9270=IFCAXIS2PLACEMENT3D(#9268,#9,#9269);
#9271=IFCLOCALPLACEMENT(#34,#9270);
#9272=IFCBUILDINGELEMENTPROXY('3tfz9BOuv7FPSfJtwQ7h4x',#18,'Andamio Parametrico:1x1 - Escalera:1663240',$,'Andamio Parametrico:1x1 - Escalera',#9271,#9267,'1663240',$);
#9273=IFCPROPERTYSET('2Z3s9ROpyMG7vWcz$VgjRN',#18,'Pset_BuildingElementProxyCommon',$,(#9212));
#9274=IFCPROPERTYSET('3Zy2ToI4Gpzj$roc2BVAWa',#18,'Pset_QuantityTakeOff',$,(#9212));
#9275=IFCRELDEFINESBYPROPERTIES('3jGwjfY8whLpxMJ0HAOm7n',#18,$,$,(#9272),#9273);
#9276=IFCRELDEFINESBYPROPERTIES('3OCDHVtJXNdSyq3YFNVWrs',#18,$,$,(#9272),#9274);
#9277=IFCMAPPEDITEM(#9202,#2160);
#9278=IFCSHAPEREPRESENTATION(#24,'Body','MappedRepresentation',(#9277));
#9279=IFCPRODUCTDEFINITIONSHAPE($,$,(#9278));
#9280=IFCCARTESIANPOINT((3.4931094583031741,1.5186949167613968,0.));
#9281=IFCDIRECTION((0.7071058689619717,-0.70710769340994661,0.));
#9282=IFCAXIS2PLACEMENT3D(#9280,#9,#9281);
#9283=IFCLOCALPLACEMENT(#34,#9282);
#9284=IFCBUILDINGELEMENTPROXY('3tfz9BOuv7FPSfJtwQ7h4X',#18,'Andamio Parametrico:1x1 - Escalera:1663250',$,'Andamio Parametrico:1x1 - Escalera',#9283,#9279,'1663250',$);
#9285=IFCPROPERTYSET('0NSxgz_1w74tfbeSTgUsJ2',#18,'Pset_BuildingElementProxyCommon',$,(#9212));
#9286=IFCPROPERTYSET('2x$4dlHcMXnpn9IwKVKgxn',#18,'Pset_QuantityTakeOff',$,(#9212));
#9287=IFCRELDEFINESBYPROPERTIES('1TQIlkY7gGjd6Jjx32PBoB',#18,$,$,(#9284),#9285);
#9288=IFCRELDEFINESBYPROPERTIES('165WsYGnwnYeHPJzsoj74F',#18,$,$,(#9284),#9286);
#9289=IFCMAPPEDITEM(#9202,#2160);
#9290=IFCSHAPEREPRESENTATION(#24,'Body','MappedRepresentation',(#9289));
#9291=IFCPRODUCTDEFINITIONSHAPE($,$,(#9290));
#9292=IFCCARTESIANPOINT((-1.880900692129664,2.5935041570663468,0.));
#9293=IFCDIRECTION((0.7071058689619717,-0.70710769340994661,0.));
#9294=IFCAXIS2PLACEMENT3D(#9292,#9,#9293);
#9295=IFCLOCALPLACEMENT(#34,#9294);
#9296=IFCBUILDINGELEMENTPROXY('3tfz9BOuv7FPSfJtwQ7h45',#18,'Andamio Parametrico:1x1 - Escalera:1663286',$,'Andamio Parametrico:1x1 - Escalera',#9295,#9291,'1663286',$);
#9297=IFCPROPERTYSET('1sBZq0bwHlY1c_UsP3VzKA',#18,'Pset_BuildingElementProxyCommon',$,(#9212));
#9298=IFCPROPERTYSET('0AG75d1ZNdeqG3MiPUxCHR',#18,'Pset_QuantityTakeOff',$,(#9212));
#9299=IFCRELDEFINESBYPROPERTIES('0LkZs8nDlGu29QZdi$yAFl',#18,$,$,(#9296),#9297);
#9300=IFCRELDEFINESBYPROPERTIES('04pM4jWoBaqoJ8XWnepYw1',#18,$,$,(#9296),#9298);
#9301=IFCMAPPEDITEM(#9202,#2160);
#9302=IFCSHAPEREPRESENTATION(#24,'Body','MappedRepresentation',(#9301));
#9303=IFCPRODUCTDEFINITIONSHAPE($,$,(#9302));
#9304=IFCCARTESIANPOINT((-0.80609838472700501,2.5935027704858875,0.));
#9305=IFCDIRECTION((0.7071058689619717,-0.70710769340994661,0.));
#9306=IFCAXIS2PLACEMENT3D(#9304,#9,#9305);
#9307=IFCLOCALPLACEMENT(#34,#9306);
#9308=IFCBUILDINGELEMENTPROXY('3tfz9BOuv7FPSfJtwQ7h44',#18,'Andamio Parametrico:1x1 - Escalera:1663287',$,'Andamio Parametrico:1x1 - Escalera',#9307,#9303,'1663287',$);
#9309=IFCPROPERTYSET('0DgHfb9Zy6dO6OybtBWV8v',#18,'Pset_BuildingElementProxyCommon',$,(#9212));
#9310=IFCPROPERTYSET('1Kn6XNgQkU$j_kzlaUuC_L',#18,'Pset_QuantityTakeOff',$,(#9212));
#9311=IFCRELDEFINESBYPROPERTIES('1PjYGiV6UCOSpQWIOWlYF6',#18,$,$,(#9308),#9309);
#9312=IFCRELDEFINESBYPROPERTIES('17GvJNhg38SAObZmLOLop6',#18,$,$,(#9308),#9310);
#9313=IFCMAPPEDITEM(#9202,#2160);
#9314=IFCSHAPEREPRESENTATION(#24,'Body','MappedRepresentation',(#9313));
#9315=IFCPRODUCTDEFINITIONSHAPE($,$,(#9314));
#9316=IFCCARTESIANPOINT((0.26870392267565374,2.5935013839054286,0.));
#9317=IFCDIRECTION((0.7071058689619717,-0.70710769340994661,0.));
#9318=IFCAXIS2PLACEMENT3D(#9316,#9,#9317);
#9319=IFCLOCALPLACEMENT(#34,#9318);
#9320=IFCBUILDINGELEMENTPROXY('3tfz9BOuv7FPSfJtwQ7h4B',#18,'Andamio Parametrico:1x1 - Escalera:1663288',$,'Andamio Parametrico:1x1 - Escalera',#9319,#9315,'1663288',$);
#9321=IFCPROPERTYSET('0NbAINgGKeYdfrgeoaxKY9',#18,'Pset_BuildingElementProxyCommon',$,(#9212));
#9322=IFCPROPERTYSET('1JTdB$qAuArnOh8yy6bzFN',#18,'Pset_QuantityTakeOff',$,(#9212));
#9323=IFCRELDEFINESBYPROPERTIES('18LnaQocNdZYtrpH9JzqEJ',#18,$,$,(#9320),#9321);
#9324=IFCRELDEFINESBYPROPERTIES('2QOKKFT0vvOGUDXQRi3Yrc',#18,$,$,(#9320),#9322);
#9325=IFCMAPPEDITEM(#9202,#2160);
#9326=IFCSHAPEREPRESENTATION(#24,'Body','MappedRepresentation',(#9325));
#9327=IFCPRODUCTDEFINITIONSHAPE($,$,(#9326));
#9328=IFCCARTESIANPOINT((1.3435062300783132,2.5934999973249711,0.));
#9329=IFCDIRECTION((0.7071058689619717,-0.70710769340994661,0.));
#9330=IFCAXIS2PLACEMENT3D(#9328,#9,#9329);
#9331=IFCLOCALPLACEMENT(#34,#9330);
#9332=IFCBUILDINGELEMENTPROXY('3tfz9BOuv7FPSfJtwQ7h4A',#18,'Andamio Parametrico:1x1 - Escalera:1663289',$,'Andamio Parametrico:1x1 - Escalera',#9331,#9327,'1663289',$);
#9333=IFCPROPERTYSET('0tHUkfVy$12hHTRV4dyOxQ',#18,'Pset_BuildingElementProxyCommon',$,(#9212));
#9334=IFCPROPERTYSET('0C9BPBqRCo7A4XH9OJAYD6',#18,'Pset_QuantityTakeOff',$,(#9212));
#9335=IFCRELDEFINESBYPROPERTIES('3g4wiFRlgL5$ALY0k0tkcr',#18,$,$,(#9332),#9333);
#9336=IFCRELDEFINESBYPROPERTIES('3ufv$IKr11BIuTYxRsUC7W',#18,$,$,(#9332),#9334);
#9337=IFCMAPPEDITEM(#9202,#2160);
#9338=IFCSHAPEREPRESENTATION(#24,'Body','MappedRepresentation',(#9337));
#9339=IFCPRODUCTDEFINITIONSHAPE($,$,(#9338));
#9340=IFCCARTESIANPOINT((2.4183085374809727,2.5934986107445117,0.));
#9341=IFCDIRECTION((0.7071058689619717,-0.70710769340994661,0.));
#9342=IFCAXIS2PLACEMENT3D(#9340,#9,#9341);
#9343=IFCLOCALPLACEMENT(#34,#9342);
#9344=IFCBUILDINGELEMENTPROXY('3tfz9BOuv7FPSfJtwQ7h49',#18,'Andamio Parametrico:1x1 - Escalera:1663290',$,'Andamio Parametrico:1x1 - Escalera',#9343,#9339,'1663290',$);
#9345=IFCPROPERTYSET('1wCIi1fb1ZnlXFNiB0mObB',#18,'Pset_BuildingElementProxyCommon',$,(#9212));
#9346=IFCPROPERTYSET('2me_efM0T$B6PR7OywYwOp',#18,'Pset_QuantityTakeOff',$,(#9212));
#9347=IFCRELDEFINESBYPROPERTIES('0XnJik_JA_ZhIa5zMvH4EZ',#18,$,$,(#9344),#9345);
#9348=IFCRELDEFINESBYPROPERTIES('1tUy8OqiqrH1sVYtwG8QZh',#18,$,$,(#9344),#9346);
#9349=IFCMAPPEDITEM(#9202,#2160);
#9350=IFCSHAPEREPRESENTATION(#24,'Body','MappedRepresentation',(#9349));
#9351=IFCPRODUCTDEFINITIONSHAPE($,$,(#9350));
#9352=IFCCARTESIANPOINT((-0.80609699814654678,3.6683050778885442,0.));
#9353=IFCDIRECTION((0.7071058689619717,-0.70710769340994661,0.));
#9354=IFCAXIS2PLACEMENT3D(#9352,#9,#9353);
#9355=IFCLOCALPLACEMENT(#34,#9354);
#9356=IFCBUILDINGELEMENTPROXY('3tfz9BOuv7FPSfJtwQ7h5s',#18,'Andamio Parametrico:1x1 - Escalera:1663301',$,'Andamio Parametrico:1x1 - Escalera',#9355,#9351,'1663301',$);
#9357=IFCPROPERTYSET('0IDlP9rxhn7IzedobmT2RL',#18,'Pset_BuildingElementProxyCommon',$,(#9212));
#9358=IFCPROPERTYSET('1CjdAHrDOgqiUxabJzEssV',#18,'Pset_QuantityTakeOff',$,(#9212));
#9359=IFCRELDEFINESBYPROPERTIES('2IX_zIfDYH17jJasva3Upp',#18,$,$,(#9356),#9357);
#9360=IFCRELDEFINESBYPROPERTIES('1bia487$2cIXdZeQ6NZ3pw',#18,$,$,(#9356),#9358);
#9361=IFCMAPPEDITEM(#9202,#2160);
#9362=IFCSHAPEREPRESENTATION(#24,'Body','MappedRepresentation',(#9361));
#9363=IFCPRODUCTDEFINITIONSHAPE($,$,(#9362));
#9364=IFCCARTESIANPOINT((0.26870530925611302,3.6683036913080862,0.));
#9365=IFCDIRECTION((0.7071058689619717,-0.70710769340994661,0.));
#9366=IFCAXIS2PLACEMENT3D(#9364,#9,#9365);
#9367=IFCLOCALPLACEMENT(#34,#9366);
#9368=IFCBUILDINGELEMENTPROXY('3tfz9BOuv7FPSfJtwQ7h5r',#18,'Andamio Parametrico:1x1 - Escalera:1663302',$,'Andamio Parametrico:1x1 - Escalera',#9367,#9363,'1663302',$);
#9369=IFCPROPERTYSET('22bObO30f25CnuafS2FrVR',#18,'Pset_BuildingElementProxyCommon',$,(#9212));
#9370=IFCPROPERTYSET('0W8umSqtR7_P_Z3iQ4D_Ce',#18,'Pset_QuantityTakeOff',$,(#9212));
#9371=IFCRELDEFINESBYPROPERTIES('2wa_Pi8mjhUaYWkEh_XCgw',#18,$,$,(#9368),#9369);
#9372=IFCRELDEFINESBYPROPERTIES('3ks6BV1QE7rklqAhHnwckM',#18,$,$,(#9368),#9370);
#9373=IFCMAPPEDITEM(#9202,#2160);
#9374=IFCSHAPEREPRESENTATION(#24,'Body','MappedRepresentation',(#9373));
#9375=IFCPRODUCTDEFINITIONSHAPE($,$,(#9374));
#9376=IFCCARTESIANPOINT((1.3435076166587703,3.6683023047276269,0.));
#9377=IFCDIRECTION((0.7071058689619717,-0.70710769340994661,0.));
#9378=IFCAXIS2PLACEMENT3D(#9376,#9,#9377);
#9379=IFCLOCALPLACEMENT(#34,#9378);
#9380=IFCBUILDINGELEMENTPROXY('3tfz9BOuv7FPSfJtwQ7h5q',#18,'Andamio Parametrico:1x1 - Escalera:1663303',$,'Andamio Parametrico:1x1 - Escalera',#9379,#9375,'1663303',$);
#9381=IFCPROPERTYSET('3z_JD16IXEBpm9FXdtqWzv',#18,'Pset_BuildingElementProxyCommon',$,(#9212));
#9382=IFCPROPERTYSET('0KBu0ZCnu9DO7dYF4UIqdK',#18,'Pset_QuantityTakeOff',$,(#9212));
#9383=IFCRELDEFINESBYPROPERTIES('0KUg8ix5ZsAU3Y8LXQwjXO',#18,$,$,(#9380),#9381);
#9384=IFCRELDEFINESBYPROPERTIES('0t5eXIuEhVM98z4uSB0fYc',#18,$,$,(#9380),#9382);
#9385=IFCAXIS2PLACEMENT3D(#3,$,$);
#9387=IFCCARTESIANPOINT((1.8405416080113923E-015,-1.2576745200831851E-017));
#9388=IFCAXIS2PLACEMENT2D(#9387,#11);
#9389=IFCRECTANGLEPROFILEDEF(.AREA.,'1x1 - Cruces Completas',#9388,0.034999999999996645,0.0099999999999933024);
#9390=IFCCARTESIANPOINT((0.40104427745419274,-0.03040000000000637,0.35203326285686315));
#9391=IFCDIRECTION((-0.60126507012012431,0.,0.79904963265960016));
#9392=IFCDIRECTION((0.79904963265960016,-0.,0.60126507012012431));
#9393=IFCAXIS2PLACEMENT3D(#9390,#9391,#9392);
#9394=IFCEXTRUDEDAREASOLID(#9389,#9393,#9,1.3340015822774598);
#9395=IFCSIUNIT(*,.PLANEANGLEUNIT.,$,.RADIAN.);
#9396=IFCDIMENSIONALEXPONENTS(0,0,0,0,0,0,0);
#9397=IFCMEASUREWITHUNIT(IFCPLANEANGLEMEASURE(0.017453292519943278),#9395);
#9398=IFCCONVERSIONBASEDUNIT(#9396,.PLANEANGLEUNIT.,'DEGREE',#9397);
#9399=IFCSIUNIT(*,.AREAUNIT.,$,.SQUARE_METRE.);
#9400=IFCCARTESIANPOINT((-1.5178830414797062E-017,-2.0781987242202149E-015));
#9401=IFCAXIS2PLACEMENT2D(#9400,#13);
#9402=IFCRECTANGLEPROFILEDEF(.AREA.,'1x1 - Cruces Completas',#9401,0.035000000000004264,0.0099999999999993514);
#9403=IFCCARTESIANPOINT((-0.40104427745423166,-0.030400000000006821,0.35203326285685027));
#9404=IFCDIRECTION((0.60126507012013619,0.,0.79904963265959128));
#9405=IFCAXIS2PLACEMENT3D(#9403,#9404,#7);
#9406=IFCEXTRUDEDAREASOLID(#9402,#9405,#9,1.3340015822774285);
#9407=IFCCARTESIANPOINT((0.,-4.3368086899420177E-018));
#9408=IFCAXIS2PLACEMENT2D(#9407,#11);
#9409=IFCRECTANGLEPROFILEDEF(.AREA.,'1x1 - Cruces Completas',#9408,0.82999999999999985,0.0099999999999850452);
#9410=IFCCARTESIANPOINT((-0.,-0.030399999999998858,0.36249999999993993));
#9411=IFCAXIS2PLACEMENT3D(#9410,$,$);
#9412=IFCEXTRUDEDAREASOLID(#9409,#9411,#9,0.034999999999999962);
#9413=IFCCARTESIANPOINT((0.,-4.3368086899420177E-018));
#9414=IFCAXIS2PLACEMENT2D(#9413,#11);
#9415=IFCRECTANGLEPROFILEDEF(.AREA.,'1x1 - Cruces Completas',#9414,0.82999999999999985,0.0099999999999850452);
#9416=IFCCARTESIANPOINT((-0.,-0.030399999999998858,1.3724999999999397));
#9417=IFCAXIS2PLACEMENT3D(#9416,$,$);
#9418=IFCEXTRUDEDAREASOLID(#9415,#9417,#9,0.035000000000000163);
#9419=IFCSHAPEREPRESENTATION(#24,'Body','SweptSolid',(#9394,#9406,#9412,#9418));
#9420=IFCAXIS2PLACEMENT3D(#3,$,$);
#9421=IFCREPRESENTATIONMAP(#9420,#9419);
#9422=IFCBUILDINGELEMENTPROXYTYPE('3tfz9BOuv7FPSfJtwQ7el$',#18,'Andamio Parametrico:1x1 - Cruces Completas',$,$,$,(#9421),'1661900',$,.NOTDEFINED.);
#9423=IFCMAPPEDITEM(#9421,#2160);
#9424=IFCSHAPEREPRESENTATION(#24,'Body','MappedRepresentation',(#9423));
#9425=IFCPRODUCTDEFINITIONSHAPE($,$,(#9424));
#9426=IFCCARTESIANPOINT((-2.9557036928225622,2.0561043899454434,0.));
#9427=IFCDIRECTION((0.70710769341001134,0.70710586896190697,0.));
#9428=IFCAXIS2PLACEMENT3D(#9426,#9,#9427);
#9429=IFCLOCALPLACEMENT(#34,#9428);
#9430=IFCBUILDINGELEMENTPROXY('3tfz9BOuv7FPSfJtwQ7h6X',#18,'Andamio Parametrico:1x1 - Cruces Completas:1663378',$,'Andamio Parametrico:1x1 - Cruces Completas',#9429,#9425,'1663378',$);
#9431=IFCPROPERTYSINGLEVALUE('Reference',$,IFCIDENTIFIER('1x1 - Cruces Completas'),$);
#9432=IFCPROPERTYSET('2Pt5lRH$xT7TyLlWKPQ21c',#18,'Pset_BuildingElementProxyCommon',$,(#9431));
#9433=IFCPROPERTYSET('3KzSyPbqhsLravOa2KPIvD',#18,'Pset_QuantityTakeOff',$,(#9431));
#9434=IFCRELDEFINESBYPROPERTIES('1gD5spu8h08FNDYcWOcHfZ',#18,$,$,(#9430),#9432);
#9435=IFCRELDEFINESBYPROPERTIES('18_KCxWudQaIyhLe3jx1PS',#18,$,$,(#9430),#9433);
#9436=IFCMAPPEDITEM(#9421,#2160);
#9437=IFCSHAPEREPRESENTATION(#24,'Body','MappedRepresentation',(#9436));
#9438=IFCPRODUCTDEFINITIONSHAPE($,$,(#9437));
#9439=IFCCARTESIANPOINT((-1.8809013854198795,2.0561030033649854,0.));
#9440=IFCDIRECTION((0.70710769341001134,0.70710586896190697,0.));
#9441=IFCAXIS2PLACEMENT3D(#9439,#9,#9440);
#9442=IFCLOCALPLACEMENT(#34,#9441);
#9443=IFCBUILDINGELEMENTPROXY('3tfz9BOuv7FPSfJtwQ7h65',#18,'Andamio Parametrico:1x1 - Cruces Completas:1663414',$,'Andamio Parametrico:1x1 - Cruces Completas',#9442,#9438,'1663414',$);
#9444=IFCPROPERTYSET('0zDM2NK6ZxnKnpWS90sba3',#18,'Pset_BuildingElementProxyCommon',$,(#9431));
#9445=IFCPROPERTYSET('0sl0q5o7N$H0sV5CcFkzcp',#18,'Pset_QuantityTakeOff',$,(#9431));
#9446=IFCRELDEFINESBYPROPERTIES('0T6ugDzUQ9$HqGzXmyn1Ol',#18,$,$,(#9443),#9444);
#9447=IFCRELDEFINESBYPROPERTIES('3b_WHwD76CuuLuFtP8GXPy',#18,$,$,(#9443),#9445);
#9448=IFCMAPPEDITEM(#9421,#2160);
#9449=IFCSHAPEREPRESENTATION(#24,'Body','MappedRepresentation',(#9448));
#9450=IFCPRODUCTDEFINITIONSHAPE($,$,(#9449));
#9451=IFCCARTESIANPOINT((-0.80609907801722003,2.0561016167845261,0.));
#9452=IFCDIRECTION((0.70710769341001134,0.70710586896190697,0.));
#9453=IFCAXIS2PLACEMENT3D(#9451,#9,#9452);
#9454=IFCLOCALPLACEMENT(#34,#9453);
#9455=IFCBUILDINGELEMENTPROXY('3tfz9BOuv7FPSfJtwQ7h6D',#18,'Andamio Parametrico:1x1 - Cruces Completas:1663422',$,'Andamio Parametrico:1x1 - Cruces Completas',#9454,#9450,'1663422',$);
#9456=IFCPROPERTYSET('3hRrp5hqgre1A6vkUXHsyX',#18,'Pset_BuildingElementProxyCommon',$,(#9431));
#9457=IFCPROPERTYSET('3iFekTcAkJ1MCu386QCxbe',#18,'Pset_QuantityTakeOff',$,(#9431));
#9458=IFCRELDEFINESBYPROPERTIES('1JlxDldHbO$OIkGXuFJUaN',#18,$,$,(#9455),#9456);
#9459=IFCRELDEFINESBYPROPERTIES('0gqa$h5X9QRMTDUochaCzu',#18,$,$,(#9455),#9457);
#9460=IFCMAPPEDITEM(#9421,#2160);
#9461=IFCSHAPEREPRESENTATION(#24,'Body','MappedRepresentation',(#9460));
#9462=IFCPRODUCTDEFINITIONSHAPE($,$,(#9461));
#9463=IFCCARTESIANPOINT((0.26870322938543928,2.056100230204069,0.));
#9464=IFCDIRECTION((0.70710769341001134,0.70710586896190697,0.));
#9465=IFCAXIS2PLACEMENT3D(#9463,#9,#9464);
#9466=IFCLOCALPLACEMENT(#34,#9465);
#9467=IFCBUILDINGELEMENTPROXY('3tfz9BOuv7FPSfJtwQ7h7x',#18,'Andamio Parametrico:1x1 - Cruces Completas:1663432',$,'Andamio Parametrico:1x1 - Cruces Completas',#9466,#9462,'1663432',$);
#9468=IFCPROPERTYSET('3ImXIxrdDgA2baGwSDMyqO',#18,'Pset_BuildingElementProxyCommon',$,(#9431));
#9469=IFCPROPERTYSET('2CkJxnL_Nodn7P0UbgU_cj',#18,'Pset_QuantityTakeOff',$,(#9431));
#9470=IFCRELDEFINESBYPROPERTIES('1NzfIOcZJbczmfAz9$CLkK',#18,$,$,(#9467),#9468);
#9471=IFCRELDEFINESBYPROPERTIES('0ZPmF_$oX$Fmd30_B8MnvT',#18,$,$,(#9467),#9469);
#9472=IFCMAPPEDITEM(#9421,#2160);
#9473=IFCSHAPEREPRESENTATION(#24,'Body','MappedRepresentation',(#9472));
#9474=IFCPRODUCTDEFINITIONSHAPE($,$,(#9473));
#9475=IFCCARTESIANPOINT((1.3435055367880977,2.0560988436236105,0.));
#9476=IFCDIRECTION((0.70710769341001134,0.70710586896190697,0.));
#9477=IFCAXIS2PLACEMENT3D(#9475,#9,#9476);
#9478=IFCLOCALPLACEMENT(#34,#9477);
#9479=IFCBUILDINGELEMENTPROXY('3tfz9BOuv7FPSfJtwQ7h7X',#18,'Andamio Parametrico:1x1 - Cruces Completas:1663442',$,'Andamio Parametrico:1x1 - Cruces Completas',#9478,#9474,'1663442',$);
#9480=IFCPROPERTYSET('1n156hqa1bA99qh3WzGU92',#18,'Pset_BuildingElementProxyCommon',$,(#9431));
#9481=IFCPROPERTYSET('2yfjTr6AI5oxGLuXE7GNuh',#18,'Pset_QuantityTakeOff',$,(#9431));
#9482=IFCRELDEFINESBYPROPERTIES('1$JdL3DXn$s_FyOsS2PSA3',#18,$,$,(#9479),#9480);
#9483=IFCRELDEFINESBYPROPERTIES('2$Zl3X5eQ3LUD0JhbF60X7',#18,$,$,(#9479),#9481);
#9484=IFCMAPPEDITEM(#9421,#2160);
#9485=IFCSHAPEREPRESENTATION(#24,'Body','MappedRepresentation',(#9484));
#9486=IFCPRODUCTDEFINITIONSHAPE($,$,(#9485));
#9487=IFCCARTESIANPOINT((2.4183078441907564,2.0560974570431516,0.));
#9488=IFCDIRECTION((0.70710769341001134,0.70710586896190697,0.));
#9489=IFCAXIS2PLACEMENT3D(#9487,#9,#9488);
#9490=IFCLOCALPLACEMENT(#34,#9489);
#9491=IFCBUILDINGELEMENTPROXY('3tfz9BOuv7FPSfJtwQ7h7l',#18,'Andamio Parametrico:1x1 - Cruces Completas:1663452',$,'Andamio Parametrico:1x1 - Cruces Completas',#9490,#9486,'1663452',$);
#9492=IFCPROPERTYSET('2ZDpKO8k$pfPCcEnf1CHjS',#18,'Pset_BuildingElementProxyCommon',$,(#9431));
#9493=IFCPROPERTYSET('1nd_YpLTJN5$YUzzK9x3di',#18,'Pset_QuantityTakeOff',$,(#9431));
#9494=IFCRELDEFINESBYPROPERTIES('3ApQyVqnz67ATSy4jLDnki',#18,$,$,(#9491),#9492);
#9495=IFCRELDEFINESBYPROPERTIES('3gv1zLQ9qKMaYWzXg1rZf1',#18,$,$,(#9491),#9493);
#9496=IFCMAPPEDITEM(#9421,#2160);
#9497=IFCSHAPEREPRESENTATION(#24,'Body','MappedRepresentation',(#9496));
#9498=IFCPRODUCTDEFINITIONSHAPE($,$,(#9497));
#9499=IFCCARTESIANPOINT((1.3435069233685568,3.1309011510262663,0.));
#9500=IFCDIRECTION((0.70710769341001134,0.70710586896190697,0.));
#9501=IFCAXIS2PLACEMENT3D(#9499,#9,#9500);
#9502=IFCLOCALPLACEMENT(#34,#9501);
#9503=IFCBUILDINGELEMENTPROXY('3tfz9BOuv7FPSfJtwQ7h7N',#18,'Andamio Parametrico:1x1 - Cruces Completas:1663460',$,'Andamio Parametrico:1x1 - Cruces Completas',#9502,#9498,'1663460',$);
#9504=IFCPROPERTYSET('1wX757H5SKoxa92UwHOo8B',#18,'Pset_BuildingElementProxyCommon',$,(#9431));
#9505=IFCPROPERTYSET('3INVxtdP8zOG88pGNpiae9',#18,'Pset_QuantityTakeOff',$,(#9431));
#9506=IFCRELDEFINESBYPROPERTIES('1NU22zUHV5uNWB3QQx6Y8S',#18,$,$,(#9503),#9504);
#9507=IFCRELDEFINESBYPROPERTIES('3coK6lVO4NTLeLT5hIizP3',#18,$,$,(#9503),#9505);
#9508=IFCMAPPEDITEM(#9421,#2160);
#9509=IFCSHAPEREPRESENTATION(#24,'Body','MappedRepresentation',(#9508));
#9510=IFCPRODUCTDEFINITIONSHAPE($,$,(#9509));
#9511=IFCCARTESIANPOINT((0.26870461596589751,3.1309025376067248,0.));
#9512=IFCDIRECTION((0.70710769341001134,0.70710586896190697,0.));
#9513=IFCAXIS2PLACEMENT3D(#9511,#9,#9512);
#9514=IFCLOCALPLACEMENT(#34,#9513);
#9515=IFCBUILDINGELEMENTPROXY('3tfz9BOuv7FPSfJtwQ7h7V',#18,'Andamio Parametrico:1x1 - Cruces Completas:1663468',$,'Andamio Parametrico:1x1 - Cruces Completas',#9514,#9510,'1663468',$);
#9516=IFCPROPERTYSET('0jNutuia2cXf5Id_SJXqwr',#18,'Pset_BuildingElementProxyCommon',$,(#9431));
#9517=IFCPROPERTYSET('3J0_VT6e984QVzk$AlHI0D',#18,'Pset_QuantityTakeOff',$,(#9431));
#9518=IFCRELDEFINESBYPROPERTIES('3BPC017fbCv4nJUl9FDSdf',#18,$,$,(#9515),#9516);
#9519=IFCRELDEFINESBYPROPERTIES('2A_sSBte7RM6eUAxPs0OZT',#18,$,$,(#9515),#9517);
#9520=IFCMAPPEDITEM(#9421,#2160);
#9521=IFCSHAPEREPRESENTATION(#24,'Body','MappedRepresentation',(#9520));
#9522=IFCPRODUCTDEFINITIONSHAPE($,$,(#9521));
#9523=IFCCARTESIANPOINT((-0.80609769143676246,3.1309039241871828,0.));
#9524=IFCDIRECTION((0.70710769341001134,0.70710586896190697,0.));
#9525=IFCAXIS2PLACEMENT3D(#9523,#9,#9524);
#9526=IFCLOCALPLACEMENT(#34,#9525);
#9527=IFCBUILDINGELEMENTPROXY('3tfz9BOuv7FPSfJtwQ7h77',#18,'Andamio Parametrico:1x1 - Cruces Completas:1663476',$,'Andamio Parametrico:1x1 - Cruces Completas',#9526,#9522,'1663476',$);
#9528=IFCPROPERTYSET('1PMeQiWaeU5LberDE0KAj0',#18,'Pset_BuildingElementProxyCommon',$,(#9431));
#9529=IFCPROPERTYSET('04f$VWWTHUoxlPCV0LCOI$',#18,'Pset_QuantityTakeOff',$,(#9431));
#9530=IFCRELDEFINESBYPROPERTIES('0tmm1U4I0jP6ZGrWg8hbUZ',#18,$,$,(#9527),#9528);
#9531=IFCRELDEFINESBYPROPERTIES('0$m7sc7Sl70JRTnBypgr4v',#18,$,$,(#9527),#9529);
#9532=IFCMAPPEDITEM(#9421,#2160);
#9533=IFCSHAPEREPRESENTATION(#24,'Body','MappedRepresentation',(#9532));
#9534=IFCPRODUCTDEFINITIONSHAPE($,$,(#9533));
#9535=IFCCARTESIANPOINT((-1.8808999988394219,3.1309053107676421,0.));
#9536=IFCDIRECTION((0.70710769341001134,0.70710586896190697,0.));
#9537=IFCAXIS2PLACEMENT3D(#9535,#9,#9536);
#9538=IFCLOCALPLACEMENT(#34,#9537);
#9539=IFCBUILDINGELEMENTPROXY('3tfz9BOuv7FPSfJtwQ7h7F',#18,'Andamio Parametrico:1x1 - Cruces Completas:1663484',$,'Andamio Parametrico:1x1 - Cruces Completas',#9538,#9534,'1663484',$);
#9540=IFCPROPERTYSET('0njsENSJ4C_gXdp4kI9eAs',#18,'Pset_BuildingElementProxyCommon',$,(#9431));
#9541=IFCPROPERTYSET('3inswOT_2Okqssj5FW0eM4',#18,'Pset_QuantityTakeOff',$,(#9431));
#9542=IFCRELDEFINESBYPROPERTIES('2tzkfAr7rDJJ6t5jzWtYIa',#18,$,$,(#9539),#9540);
#9543=IFCRELDEFINESBYPROPERTIES('0W42ZViytpWco$fmyRwt0x',#18,$,$,(#9539),#9541);
#9544=IFCMAPPEDITEM(#9202,#2160);
#9545=IFCSHAPEREPRESENTATION(#24,'Body','MappedRepresentation',(#9544));
#9546=IFCPRODUCTDEFINITIONSHAPE($,$,(#9545));
#9547=IFCCARTESIANPOINT((-3.4931055398141031,1.518703929534341,0.));
#9548=IFCDIRECTION((-0.70710769340994528,-0.70710586896197303,0.));
#9549=IFCAXIS2PLACEMENT3D(#9547,#9,#9548);
#9550=IFCLOCALPLACEMENT(#38,#9549);
#9551=IFCBUILDINGELEMENTPROXY('3tfz9BOuv7FPSfJtwQ7h8v',#18,'Andamio Parametrico:1x1 - Escalera:1663498',$,'Andamio Parametrico:1x1 - Escalera',#9550,#9546,'1663498',$);
#9552=IFCPROPERTYSET('0Kug4XNtUjzyHlOYrDSObu',#18,'Pset_BuildingElementProxyCommon',$,(#9212));
#9553=IFCPROPERTYSET('04zgtwwjjvDOA58KsFBG5I',#18,'Pset_QuantityTakeOff',$,(#9212));
#9554=IFCRELDEFINESBYPROPERTIES('26fZKjsD_pJto4aR$Yr8KJ',#18,$,$,(#9551),#9552);
#9555=IFCRELDEFINESBYPROPERTIES('3hoTTujVeifVg4$ivPSgHp',#18,$,$,(#9551),#9553);
#9556=IFCMAPPEDITEM(#9202,#2160);
#9557=IFCSHAPEREPRESENTATION(#24,'Body','MappedRepresentation',(#9556));
#9558=IFCPRODUCTDEFINITIONSHAPE($,$,(#9557));
#9559=IFCCARTESIANPOINT((-2.4183032324114446,1.518702542953883,0.));
#9560=IFCDIRECTION((-0.70710769340994528,-0.70710586896197303,0.));
#9561=IFCAXIS2PLACEMENT3D(#9559,#9,#9560);
#9562=IFCLOCALPLACEMENT(#38,#9561);
#9563=IFCBUILDINGELEMENTPROXY('3tfz9BOuv7FPSfJtwQ7h9$',#18,'Andamio Parametrico:1x1 - Escalera:1663564',$,'Andamio Parametrico:1x1 - Escalera',#9562,#9558,'1663564',$);
#9564=IFCPROPERTYSET('1lV4xm_1wO_X_M$5Cd2_9v',#18,'Pset_BuildingElementProxyCommon',$,(#9212));
#9565=IFCPROPERTYSET('2ih7zSQnFNMY3g1eZ4RKnG',#18,'Pset_QuantityTakeOff',$,(#9212));
#9566=IFCRELDEFINESBYPROPERTIES('3URRtECoYgNKagznN8D6gi',#18,$,$,(#9563),#9564);
#9567=IFCRELDEFINESBYPROPERTIES('36_ugPgU0ldzsZp29n8n4E',#18,$,$,(#9563),#9565);
#9568=IFCMAPPEDITEM(#9202,#2160);
#9569=IFCSHAPEREPRESENTATION(#24,'Body','MappedRepresentation',(#9568));
#9570=IFCPRODUCTDEFINITIONSHAPE($,$,(#9569));
#9571=IFCCARTESIANPOINT((-1.3435009250087857,1.5187011563734245,0.));
#9572=IFCDIRECTION((-0.70710769340994528,-0.70710586896197303,0.));
#9573=IFCAXIS2PLACEMENT3D(#9571,#9,#9572);
#9574=IFCLOCALPLACEMENT(#38,#9573);
#9575=IFCBUILDINGELEMENTPROXY('3tfz9BOuv7FPSfJtwQ7h9b',#18,'Andamio Parametrico:1x1 - Escalera:1663574',$,'Andamio Parametrico:1x1 - Escalera',#9574,#9570,'1663574',$);
#9576=IFCPROPERTYSET('0KrVVy5Tc2tDUO792$bmQd',#18,'Pset_BuildingElementProxyCommon',$,(#9212));
#9577=IFCPROPERTYSET('3hEXDyKhcodTzkztTrzrfK',#18,'Pset_QuantityTakeOff',$,(#9212));
#9578=IFCRELDEFINESBYPROPERTIES('1VQQ1m8CHh0943cgl31a25',#18,$,$,(#9575),#9576);
#9579=IFCRELDEFINESBYPROPERTIES('2$itlKids0Io8dLfwC4qg8',#18,$,$,(#9575),#9577);
#9580=IFCMAPPEDITEM(#9202,#2160);
#9581=IFCSHAPEREPRESENTATION(#24,'Body','MappedRepresentation',(#9580));
#9582=IFCPRODUCTDEFINITIONSHAPE($,$,(#9581));
#9583=IFCCARTESIANPOINT((-0.26869861760612546,1.5186997697929654,0.));
#9584=IFCDIRECTION((-0.70710769340994528,-0.70710586896197303,0.));
#9585=IFCAXIS2PLACEMENT3D(#9583,#9,#9584);
#9586=IFCLOCALPLACEMENT(#38,#9585);
#9587=IFCBUILDINGELEMENTPROXY('3tfz9BOuv7FPSfJtwQ7h9J',#18,'Andamio Parametrico:1x1 - Escalera:1663584',$,'Andamio Parametrico:1x1 - Escalera',#9586,#9582,'1663584',$);
#9588=IFCPROPERTYSET('3lq0Yi$zemG8pKNBbr5V55',#18,'Pset_BuildingElementProxyCommon',$,(#9212));
#9589=IFCPROPERTYSET('1VAMf7jQnbyllx_xsgD7wf',#18,'Pset_QuantityTakeOff',$,(#9212));
#9590=IFCRELDEFINESBYPROPERTIES('1zktuolnQabefcVyi8yUN3',#18,$,$,(#9587),#9588);
#9591=IFCRELDEFINESBYPROPERTIES('1sVU2RfdL_Cfye9sBRopgs',#18,$,$,(#9587),#9589);
#9592=IFCMAPPEDITEM(#9202,#2160);
#9593=IFCSHAPEREPRESENTATION(#24,'Body','MappedRepresentation',(#9592));
#9594=IFCPRODUCTDEFINITIONSHAPE($,$,(#9593));
#9595=IFCCARTESIANPOINT((0.80610368979653435,1.5186983832125072,0.));
#9596=IFCDIRECTION((-0.70710769340994528,-0.70710586896197303,0.));
#9597=IFCAXIS2PLACEMENT3D(#9595,#9,#9596);
#9598=IFCLOCALPLACEMENT(#38,#9597);
#9599=IFCBUILDINGELEMENTPROXY('3tfz9BOuv7FPSfJtwQ7h9V',#18,'Andamio Parametrico:1x1 - Escalera:1663596',$,'Andamio Parametrico:1x1 - Escalera',#9598,#9594,'1663596',$);
#9600=IFCPROPERTYSET('3rXXtO6OMIqpDisFvSXtlV',#18,'Pset_BuildingElementProxyCommon',$,(#9212));
#9601=IFCPROPERTYSET('240sK5q_jVdh2bxerqnvrD',#18,'Pset_QuantityTakeOff',$,(#9212));
#9602=IFCRELDEFINESBYPROPERTIES('1q_aOyT6UclhNJSMBS6aJ4',#18,$,$,(#9599),#9600);
#9603=IFCRELDEFINESBYPROPERTIES('0Gha3uFrdhAxom17xUul2q',#18,$,$,(#9599),#9601);
#9604=IFCMAPPEDITEM(#9202,#2160);
#9605=IFCSHAPEREPRESENTATION(#24,'Body','MappedRepresentation',(#9604));
#9606=IFCPRODUCTDEFINITIONSHAPE($,$,(#9605));
#9607=IFCCARTESIANPOINT((1.8809059971991926,1.5186969966320489,0.));
#9608=IFCDIRECTION((-0.70710769340994528,-0.70710586896197303,0.));
#9609=IFCAXIS2PLACEMENT3D(#9607,#9,#9608);
#9610=IFCLOCALPLACEMENT(#38,#9609);
#9611=IFCBUILDINGELEMENTPROXY('3tfz9BOuv7FPSfJtwQ7h95',#18,'Andamio Parametrico:1x1 - Escalera:1663606',$,'Andamio Parametrico:1x1 - Escalera',#9610,#9606,'1663606',$);
#9612=IFCPROPERTYSET('2Jat50eo4s22lux1PEVRYX',#18,'Pset_BuildingElementProxyCommon',$,(#9212));
#9613=IFCPROPERTYSET('18mfI2CduFgZGbtTEiSP5z',#18,'Pset_QuantityTakeOff',$,(#9212));
#9614=IFCRELDEFINESBYPROPERTIES('1SrVn$BjCNZh8q2l_wW2kb',#18,$,$,(#9611),#9612);
#9615=IFCRELDEFINESBYPROPERTIES('15vMBVF3X$T17zggfcN5hu',#18,$,$,(#9611),#9613);
#9616=IFCMAPPEDITEM(#9202,#2160);
#9617=IFCSHAPEREPRESENTATION(#24,'Body','MappedRepresentation',(#9616));
#9618=IFCPRODUCTDEFINITIONSHAPE($,$,(#9617));
#9619=IFCCARTESIANPOINT((2.9557083046018344,1.5186956100516427,0.));
#9620=IFCDIRECTION((0.70710769340993795,0.70710586896198036,0.));
#9621=IFCAXIS2PLACEMENT3D(#9619,#9,#9620);
#9622=IFCLOCALPLACEMENT(#38,#9621);
#9623=IFCBUILDINGELEMENTPROXY('3tfz9BOuv7FPSfJtwQ7hAp',#18,'Andamio Parametrico:1x1 - Escalera:1663616',$,'Andamio Parametrico:1x1 - Escalera',#9622,#9618,'1663616',$);
#9624=IFCPROPERTYSET('1jiWnBk3mPQVVIvy6ahGRy',#18,'Pset_BuildingElementProxyCommon',$,(#9212));
#9625=IFCPROPERTYSET('2jwr64psR35sUV57r$SvaY',#18,'Pset_QuantityTakeOff',$,(#9212));
#9626=IFCRELDEFINESBYPROPERTIES('3BSjkfM7EdbAdgXmbLn4_q',#18,$,$,(#9623),#9624);
#9627=IFCRELDEFINESBYPROPERTIES('3vzeqfX$TF$Iw_riFzCXde',#18,$,$,(#9623),#9625);
#9628=IFCMAPPEDITEM(#9202,#2160);
#9629=IFCSHAPEREPRESENTATION(#24,'Body','MappedRepresentation',(#9628));
#9630=IFCPRODUCTDEFINITIONSHAPE($,$,(#9629));
#9631=IFCCARTESIANPOINT((1.8809073837796992,2.5934993040346561,0.));
#9632=IFCDIRECTION((-0.70710769340994528,-0.70710586896197303,0.));
#9633=IFCAXIS2PLACEMENT3D(#9631,#9,#9632);
#9634=IFCLOCALPLACEMENT(#38,#9633);
#9635=IFCBUILDINGELEMENTPROXY('3tfz9BOuv7FPSfJtwQ7hAx',#18,'Andamio Parametrico:1x1 - Escalera:1663624',$,'Andamio Parametrico:1x1 - Escalera',#9634,#9630,'1663624',$);
#9636=IFCPROPERTYSET('0HJ9gNzl_lvZf18QsY3ZWJ',#18,'Pset_BuildingElementProxyCommon',$,(#9212));
#9637=IFCPROPERTYSET('2DuR7_CK2uNLg4X18HLQRB',#18,'Pset_QuantityTakeOff',$,(#9212));
#9638=IFCRELDEFINESBYPROPERTIES('0hEjx87Btl7yDvnu9Fxei8',#18,$,$,(#9635),#9636);
#9639=IFCRELDEFINESBYPROPERTIES('04fUjQD3nr2Pv1qhVWyydJ',#18,$,$,(#9635),#9637);
#9640=IFCMAPPEDITEM(#9202,#2160);
#9641=IFCSHAPEREPRESENTATION(#24,'Body','MappedRepresentation',(#9640));
#9642=IFCPRODUCTDEFINITIONSHAPE($,$,(#9641));
#9643=IFCCARTESIANPOINT((0.80610507637706519,2.5935006906151141,0.));
#9644=IFCDIRECTION((-0.70710769340994528,-0.70710586896197303,0.));
#9645=IFCAXIS2PLACEMENT3D(#9643,#9,#9644);
#9646=IFCLOCALPLACEMENT(#38,#9645);
#9647=IFCBUILDINGELEMENTPROXY('3tfz9BOuv7FPSfJtwQ7hAZ',#18,'Andamio Parametrico:1x1 - Escalera:1663632',$,'Andamio Parametrico:1x1 - Escalera',#9646,#9642,'1663632',$);
#9648=IFCPROPERTYSET('3sam85XEBUe6Y91Wxy5fT7',#18,'Pset_BuildingElementProxyCommon',$,(#9212));
#9649=IFCPROPERTYSET('31KWDDS73db19InaARCa1S',#18,'Pset_QuantityTakeOff',$,(#9212));
#9650=IFCRELDEFINESBYPROPERTIES('2rYo60M3u7qGJvNnNtqmgF',#18,$,$,(#9647),#9648);
#9651=IFCRELDEFINESBYPROPERTIES('10rxF5JFtDlr7Cfp98$FjY',#18,$,$,(#9647),#9649);
#9652=IFCMAPPEDITEM(#9202,#2160);
#9653=IFCSHAPEREPRESENTATION(#24,'Body','MappedRepresentation',(#9652));
#9654=IFCPRODUCTDEFINITIONSHAPE($,$,(#9653));
#9655=IFCCARTESIANPOINT((-0.26869723102559367,2.593502077195573,0.));
#9656=IFCDIRECTION((-0.70710769340994528,-0.70710586896197303,0.));
#9657=IFCAXIS2PLACEMENT3D(#9655,#9,#9656);
#9658=IFCLOCALPLACEMENT(#38,#9657);
#9659=IFCBUILDINGELEMENTPROXY('3tfz9BOuv7FPSfJtwQ7hAh',#18,'Andamio Parametrico:1x1 - Escalera:1663640',$,'Andamio Parametrico:1x1 - Escalera',#9658,#9654,'1663640',$);
#9660=IFCPROPERTYSET('0nP9WHOnQMVljDBQ8M7MB8',#18,'Pset_BuildingElementProxyCommon',$,(#9212));
#9661=IFCPROPERTYSET('1$1VNgK5Yys0ExtX0$IyIR',#18,'Pset_QuantityTakeOff',$,(#9212));
#9662=IFCRELDEFINESBYPROPERTIES('2IOrFBMMmt2xJnqH5uJGzh',#18,$,$,(#9659),#9660);
#9663=IFCRELDEFINESBYPROPERTIES('2BJ3yciqQGZW3kyx6rd2K$',#18,$,$,(#9659),#9661);
#9664=IFCMAPPEDITEM(#9202,#2160);
#9665=IFCSHAPEREPRESENTATION(#24,'Body','MappedRepresentation',(#9664));
#9666=IFCPRODUCTDEFINITIONSHAPE($,$,(#9665));
#9667=IFCCARTESIANPOINT((-1.343499538428254,2.5935034637760328,0.));
#9668=IFCDIRECTION((-0.70710769340994528,-0.70710586896197303,0.));
#9669=IFCAXIS2PLACEMENT3D(#9667,#9,#9668);
#9670=IFCLOCALPLACEMENT(#38,#9669);
#9671=IFCBUILDINGELEMENTPROXY('3tfz9BOuv7FPSfJtwQ7hAJ',#18,'Andamio Parametrico:1x1 - Escalera:1663648',$,'Andamio Parametrico:1x1 - Escalera',#9670,#9666,'1663648',$);
#9672=IFCPROPERTYSET('1JECVTgiuWioCc1rY7mlR0',#18,'Pset_BuildingElementProxyCommon',$,(#9212));
#9673=IFCPROPERTYSET('0RNUwEltEyxTrWlsXSucwi',#18,'Pset_QuantityTakeOff',$,(#9212));
#9674=IFCRELDEFINESBYPROPERTIES('2HUoir9kxCAvga05CPibBu',#18,$,$,(#9671),#9672);
#9675=IFCRELDEFINESBYPROPERTIES('0m4joHlstr4YzyXvYxd2oT',#18,$,$,(#9671),#9673);
#9676=IFCMAPPEDITEM(#9202,#2160);
#9677=IFCSHAPEREPRESENTATION(#24,'Body','MappedRepresentation',(#9676));
#9678=IFCPRODUCTDEFINITIONSHAPE($,$,(#9677));
#9679=IFCCARTESIANPOINT((-2.4183018458309364,2.5935048503564908,0.));
#9680=IFCDIRECTION((-0.70710769340994528,-0.70710586896197303,0.));
#9681=IFCAXIS2PLACEMENT3D(#9679,#9,#9680);
#9682=IFCLOCALPLACEMENT(#38,#9681);
#9683=IFCBUILDINGELEMENTPROXY('3tfz9BOuv7FPSfJtwQ7hAR',#18,'Andamio Parametrico:1x1 - Escalera:1663656',$,'Andamio Parametrico:1x1 - Escalera',#9682,#9678,'1663656',$);
#9684=IFCPROPERTYSET('02uwAxpRO1nISQx5qepzEO',#18,'Pset_BuildingElementProxyCommon',$,(#9212));
#9685=IFCPROPERTYSET('2vNCWmQgKA_gBND9RK0D5O',#18,'Pset_QuantityTakeOff',$,(#9212));
#9686=IFCRELDEFINESBYPROPERTIES('34vvH9u6c4aWg5KunvMyvh',#18,$,$,(#9683),#9684);
#9687=IFCRELDEFINESBYPROPERTIES('0nSQGKUEJR5NBJrWuLtQ9b',#18,$,$,(#9683),#9685);
#9688=IFCMAPPEDITEM(#9202,#2160);
#9689=IFCSHAPEREPRESENTATION(#24,'Body','MappedRepresentation',(#9688));
#9690=IFCPRODUCTDEFINITIONSHAPE($,$,(#9689));
#9691=IFCCARTESIANPOINT((-1.3434981518478075,3.668305771178701,0.));
#9692=IFCDIRECTION((-0.70710769340994528,-0.70710586896197303,0.));
#9693=IFCAXIS2PLACEMENT3D(#9691,#9,#9692);
#9694=IFCLOCALPLACEMENT(#38,#9693);
#9695=IFCBUILDINGELEMENTPROXY('3tfz9BOuv7FPSfJtwQ7hA5',#18,'Andamio Parametrico:1x1 - Escalera:1663670',$,'Andamio Parametrico:1x1 - Escalera',#9694,#9690,'1663670',$);
#9696=IFCPROPERTYSET('1Rf_EQSvl_ptWajw$ghUpk',#18,'Pset_BuildingElementProxyCommon',$,(#9212));
#9697=IFCPROPERTYSET('3iTfg$4GWbjVX_w1Oy6p0G',#18,'Pset_QuantityTakeOff',$,(#9212));
#9698=IFCRELDEFINESBYPROPERTIES('3c7Gz_jDEBwOJxKDd3NTf6',#18,$,$,(#9695),#9696);
#9699=IFCRELDEFINESBYPROPERTIES('0cqRR$KsqqYXQaWyHhOJ2R',#18,$,$,(#9695),#9697);
#9700=IFCMAPPEDITEM(#9202,#2160);
#9701=IFCSHAPEREPRESENTATION(#24,'Body','MappedRepresentation',(#9700));
#9702=IFCPRODUCTDEFINITIONSHAPE($,$,(#9701));
#9703=IFCCARTESIANPOINT((-0.26869584444514955,3.6683043845982417,0.));
#9704=IFCDIRECTION((-0.70710769340994528,-0.70710586896197303,0.));
#9705=IFCAXIS2PLACEMENT3D(#9703,#9,#9704);
#9706=IFCLOCALPLACEMENT(#38,#9705);
#9707=IFCBUILDINGELEMENTPROXY('3tfz9BOuv7FPSfJtwQ7hBp',#18,'Andamio Parametrico:1x1 - Escalera:1663680',$,'Andamio Parametrico:1x1 - Escalera',#9706,#9702,'1663680',$);
#9708=IFCPROPERTYSET('0kUiikWodq6U6Xlz5NXMbj',#18,'Pset_BuildingElementProxyCommon',$,(#9212));
#9709=IFCPROPERTYSET('25RxLqJ794JLiINnWeFr11',#18,'Pset_QuantityTakeOff',$,(#9212));
#9710=IFCRELDEFINESBYPROPERTIES('3A_XLXVI0iqKI_G8IUGtWs',#18,$,$,(#9707),#9708);
#9711=IFCRELDEFINESBYPROPERTIES('2adJG7AplTn3IgRNMy4FdI',#18,$,$,(#9707),#9709);
#9712=IFCMAPPEDITEM(#9202,#2160);
#9713=IFCSHAPEREPRESENTATION(#24,'Body','MappedRepresentation',(#9712));
#9714=IFCPRODUCTDEFINITIONSHAPE($,$,(#9713));
#9715=IFCCARTESIANPOINT((0.80610646295751043,3.6683029980177828,0.));
#9716=IFCDIRECTION((-0.70710769340994528,-0.70710586896197303,0.));
#9717=IFCAXIS2PLACEMENT3D(#9715,#9,#9716);
#9718=IFCLOCALPLACEMENT(#38,#9717);
#9719=IFCBUILDINGELEMENTPROXY('3tfz9BOuv7FPSfJtwQ7hB$',#18,'Andamio Parametrico:1x1 - Escalera:1663692',$,'Andamio Parametrico:1x1 - Escalera',#9718,#9714,'1663692',$);
#9720=IFCPROPERTYSET('3mL8f1ke0$vaoxzeLsGVvf',#18,'Pset_BuildingElementProxyCommon',$,(#9212));
#9721=IFCPROPERTYSET('3al6ngCv9ywYHeuPG8fKjR',#18,'Pset_QuantityTakeOff',$,(#9212));
#9722=IFCRELDEFINESBYPROPERTIES('0Ct70wMuodu5ditdpeTlhw',#18,$,$,(#9719),#9720);
#9723=IFCRELDEFINESBYPROPERTIES('3hKwRhxdxqaBcJgOpqpvry',#18,$,$,(#9719),#9721);
#9724=IFCMAPPEDITEM(#9202,#2160);
#9725=IFCSHAPEREPRESENTATION(#24,'Body','MappedRepresentation',(#9724));
#9726=IFCPRODUCTDEFINITIONSHAPE($,$,(#9725));
#9727=IFCCARTESIANPOINT((-2.9557043861128607,1.5187032362441557,0.));
#9728=IFCDIRECTION((-0.70710586896196914,0.70710769340994917,0.));
#9729=IFCAXIS2PLACEMENT3D(#9727,#9,#9728);
#9730=IFCLOCALPLACEMENT(#42,#9729);
#9731=IFCBUILDINGELEMENTPROXY('3tfz9BOuv7FPSfJtwQ7hDq',#18,'Andamio Parametrico:1x1 - Escalera:1663815',$,'Andamio Parametrico:1x1 - Escalera',#9730,#9726,'1663815',$);
#9732=IFCPROPERTYSET('0ruWBkEM5iS4wtOEOiAUfC',#18,'Pset_BuildingElementProxyCommon',$,(#9212));
#9733=IFCPROPERTYSET('19n8DmK6NoOiedwpYfoUMJ',#18,'Pset_QuantityTakeOff',$,(#9212));
#9734=IFCRELDEFINESBYPROPERTIES('2iLl1gNOEi1ta0U$cyCzTz',#18,$,$,(#9731),#9732);
#9735=IFCRELDEFINESBYPROPERTIES('1rqHtaRhE_HwpUGO7rERg8',#18,$,$,(#9731),#9733);
#9736=IFCMAPPEDITEM(#9202,#2160);
#9737=IFCSHAPEREPRESENTATION(#24,'Body','MappedRepresentation',(#9736));
#9738=IFCPRODUCTDEFINITIONSHAPE($,$,(#9737));
#9739=IFCCARTESIANPOINT((-1.8809020787101232,1.5187018496636888,0.));
#9740=IFCDIRECTION((0.7071058689619717,-0.70710769340994661,0.));
#9741=IFCAXIS2PLACEMENT3D(#9739,#9,#9740);
#9742=IFCLOCALPLACEMENT(#42,#9741);
#9743=IFCBUILDINGELEMENTPROXY('3tfz9BOuv7FPSfJtwQ7hDx',#18,'Andamio Parametrico:1x1 - Escalera:1663816',$,'Andamio Parametrico:1x1 - Escalera',#9742,#9738,'1663816',$);
#9744=IFCPROPERTYSET('3hZr4_cy$bPCTkJ8FRpZZT',#18,'Pset_BuildingElementProxyCommon',$,(#9212));
#9745=IFCPROPERTYSET('1yuCnOE3bzQ99ohQ0QCtaG',#18,'Pset_QuantityTakeOff',$,(#9212));
#9746=IFCRELDEFINESBYPROPERTIES('0vX6UdIfVLlLYXLtFC15Bo',#18,$,$,(#9743),#9744);
#9747=IFCRELDEFINESBYPROPERTIES('0Wv$0wGDySeLdQeehzByNu',#18,$,$,(#9743),#9745);
#9748=IFCMAPPEDITEM(#9202,#2160);
#9749=IFCSHAPEREPRESENTATION(#24,'Body','MappedRepresentation',(#9748));
#9750=IFCPRODUCTDEFINITIONSHAPE($,$,(#9749));
#9751=IFCCARTESIANPOINT((-0.80609977130746324,1.5187004630832308,0.));
#9752=IFCDIRECTION((0.7071058689619717,-0.70710769340994661,0.));
#9753=IFCAXIS2PLACEMENT3D(#9751,#9,#9752);
#9754=IFCLOCALPLACEMENT(#42,#9753);
#9755=IFCBUILDINGELEMENTPROXY('3tfz9BOuv7FPSfJtwQ7hDw',#18,'Andamio Parametrico:1x1 - Escalera:1663817',$,'Andamio Parametrico:1x1 - Escalera',#9754,#9750,'1663817',$);
#9756=IFCPROPERTYSET('32_49Zg6M$isQzGR_8dtBW',#18,'Pset_BuildingElementProxyCommon',$,(#9212));
#9757=IFCPROPERTYSET('14cigAJ6tRueXIItCtS72J',#18,'Pset_QuantityTakeOff',$,(#9212));
#9758=IFCRELDEFINESBYPROPERTIES('3x2k4_9qeO__wJ0Mrnk7PQ',#18,$,$,(#9755),#9756);
#9759=IFCRELDEFINESBYPROPERTIES('1LameGldL6zDTzuQOotUOa',#18,$,$,(#9755),#9757);
#9760=IFCMAPPEDITEM(#9202,#2160);
#9761=IFCSHAPEREPRESENTATION(#24,'Body','MappedRepresentation',(#9760));
#9762=IFCPRODUCTDEFINITIONSHAPE($,$,(#9761));
#9763=IFCCARTESIANPOINT((0.26870253609519668,1.5186990765027724,0.));
#9764=IFCDIRECTION((0.7071058689619717,-0.70710769340994661,0.));
#9765=IFCAXIS2PLACEMENT3D(#9763,#9,#9764);
#9766=IFCLOCALPLACEMENT(#42,#9765);
#9767=IFCBUILDINGELEMENTPROXY('3tfz9BOuv7FPSfJtwQ7hDv',#18,'Andamio Parametrico:1x1 - Escalera:1663818',$,'Andamio Parametrico:1x1 - Escalera',#9766,#9762,'1663818',$);
#9768=IFCPROPERTYSET('2QXZVXPzp6P7xPiY4m48Pu',#18,'Pset_BuildingElementProxyCommon',$,(#9212));
#9769=IFCPROPERTYSET('1IsAakVeQuhARAfsV47oAx',#18,'Pset_QuantityTakeOff',$,(#9212));
#9770=IFCRELDEFINESBYPROPERTIES('3_CrL88wBK35xe93h9biA0',#18,$,$,(#9767),#9768);
#9771=IFCRELDEFINESBYPROPERTIES('3Q4PrdUOF6pe0y_GzRdC5u',#18,$,$,(#9767),#9769);
#9772=IFCMAPPEDITEM(#9202,#2160);
#9773=IFCSHAPEREPRESENTATION(#24,'Body','MappedRepresentation',(#9772));
#9774=IFCPRODUCTDEFINITIONSHAPE($,$,(#9773));
#9775=IFCCARTESIANPOINT((1.3435048434978549,1.5186976899223144,0.));
#9776=IFCDIRECTION((0.7071058689619717,-0.70710769340994661,0.));
#9777=IFCAXIS2PLACEMENT3D(#9775,#9,#9776);
#9778=IFCLOCALPLACEMENT(#42,#9777);
#9779=IFCBUILDINGELEMENTPROXY('3tfz9BOuv7FPSfJtwQ7hDu',#18,'Andamio Parametrico:1x1 - Escalera:1663819',$,'Andamio Parametrico:1x1 - Escalera',#9778,#9774,'1663819',$);
#9780=IFCPROPERTYSET('0TQ34h7Rz8$mvHO4Guu02g',#18,'Pset_BuildingElementProxyCommon',$,(#9212));
#9781=IFCPROPERTYSET('3QT5h3baehVT6lK1nr5UwH',#18,'Pset_QuantityTakeOff',$,(#9212));
#9782=IFCRELDEFINESBYPROPERTIES('1dp_b8wIDs9gOSvL5qjIHh',#18,$,$,(#9779),#9780);
#9783=IFCRELDEFINESBYPROPERTIES('3i2iqKnkM749VDf6VKQtEb',#18,$,$,(#9779),#9781);
#9784=IFCMAPPEDITEM(#9202,#2160);
#9785=IFCSHAPEREPRESENTATION(#24,'Body','MappedRepresentation',(#9784));
#9786=IFCPRODUCTDEFINITIONSHAPE($,$,(#9785));
#9787=IFCCARTESIANPOINT((-1.880900692129664,2.5935041570663468,0.));
#9788=IFCDIRECTION((0.7071058689619717,-0.70710769340994661,0.));
#9789=IFCAXIS2PLACEMENT3D(#9787,#9,#9788);
#9790=IFCLOCALPLACEMENT(#42,#9789);
#9791=IFCBUILDINGELEMENTPROXY('3tfz9BOuv7FPSfJtwQ7hDy',#18,'Andamio Parametrico:1x1 - Escalera:1663823',$,'Andamio Parametrico:1x1 - Escalera',#9790,#9786,'1663823',$);
#9792=IFCPROPERTYSET('3iCWp0tiLm$m39tsGG$5L1',#18,'Pset_BuildingElementProxyCommon',$,(#9212));
#9793=IFCPROPERTYSET('27gSttVL4CDwLeP5IFy_sy',#18,'Pset_QuantityTakeOff',$,(#9212));
#9794=IFCRELDEFINESBYPROPERTIES('0C$98xo_q5_9G3mvrmOAfY',#18,$,$,(#9791),#9792);
#9795=IFCRELDEFINESBYPROPERTIES('3fQm5xiQSzwpbXNOyI9lyb',#18,$,$,(#9791),#9793);
#9796=IFCMAPPEDITEM(#9202,#2160);
#9797=IFCSHAPEREPRESENTATION(#24,'Body','MappedRepresentation',(#9796));
#9798=IFCPRODUCTDEFINITIONSHAPE($,$,(#9797));
#9799=IFCCARTESIANPOINT((-0.80609838472700501,2.5935027704858875,0.));
#9800=IFCDIRECTION((0.7071058689619717,-0.70710769340994661,0.));
#9801=IFCAXIS2PLACEMENT3D(#9799,#9,#9800);
#9802=IFCLOCALPLACEMENT(#42,#9801);
#9803=IFCBUILDINGELEMENTPROXY('3tfz9BOuv7FPSfJtwQ7hDZ',#18,'Andamio Parametrico:1x1 - Escalera:1663824',$,'Andamio Parametrico:1x1 - Escalera',#9802,#9798,'1663824',$);
#9804=IFCPROPERTYSET('0VrE7vNXSGqq_gryckJCgl',#18,'Pset_BuildingElementProxyCommon',$,(#9212));
#9805=IFCPROPERTYSET('0pjxvrIvlOEDBWvaSJKe10',#18,'Pset_QuantityTakeOff',$,(#9212));
#9806=IFCRELDEFINESBYPROPERTIES('12WCQuaDu7fpJwyW$_plQG',#18,$,$,(#9803),#9804);
#9807=IFCRELDEFINESBYPROPERTIES('0jLY9yYOOCACC1hAycFXDm',#18,$,$,(#9803),#9805);
#9808=IFCMAPPEDITEM(#9202,#2160);
#9809=IFCSHAPEREPRESENTATION(#24,'Body','MappedRepresentation',(#9808));
#9810=IFCPRODUCTDEFINITIONSHAPE($,$,(#9809));
#9811=IFCCARTESIANPOINT((0.26870392267565374,2.5935013839054286,0.));
#9812=IFCDIRECTION((0.7071058689619717,-0.70710769340994661,0.));
#9813=IFCAXIS2PLACEMENT3D(#9811,#9,#9812);
#9814=IFCLOCALPLACEMENT(#42,#9813);
#9815=IFCBUILDINGELEMENTPROXY('3tfz9BOuv7FPSfJtwQ7hDY',#18,'Andamio Parametrico:1x1 - Escalera:1663825',$,'Andamio Parametrico:1x1 - Escalera',#9814,#9810,'1663825',$);
#9816=IFCPROPERTYSET('0yu_gnVgj3otIfQhm9mEbf',#18,'Pset_BuildingElementProxyCommon',$,(#9212));
#9817=IFCPROPERTYSET('1fDxl6XKv9xxiWrCxE6KRz',#18,'Pset_QuantityTakeOff',$,(#9212));
#9818=IFCRELDEFINESBYPROPERTIES('2WQq2hoU21D6px$QRQUX2p',#18,$,$,(#9815),#9816);
#9819=IFCRELDEFINESBYPROPERTIES('3GT3C5zCe5q1pxgWwl_EM7',#18,$,$,(#9815),#9817);
#9820=IFCMAPPEDITEM(#9202,#2160);
#9821=IFCSHAPEREPRESENTATION(#24,'Body','MappedRepresentation',(#9820));
#9822=IFCPRODUCTDEFINITIONSHAPE($,$,(#9821));
#9823=IFCCARTESIANPOINT((1.3435062300783132,2.5934999973249711,0.));
#9824=IFCDIRECTION((0.7071058689619717,-0.70710769340994661,0.));
#9825=IFCAXIS2PLACEMENT3D(#9823,#9,#9824);
#9826=IFCLOCALPLACEMENT(#42,#9825);
#9827=IFCBUILDINGELEMENTPROXY('3tfz9BOuv7FPSfJtwQ7hDX',#18,'Andamio Parametrico:1x1 - Escalera:1663826',$,'Andamio Parametrico:1x1 - Escalera',#9826,#9822,'1663826',$);
#9828=IFCPROPERTYSET('1w7_icgJRPd8cdtvo6wCc5',#18,'Pset_BuildingElementProxyCommon',$,(#9212));
#9829=IFCPROPERTYSET('1fkqc4B4d$bpZdZzvdcozB',#18,'Pset_QuantityTakeOff',$,(#9212));
#9830=IFCRELDEFINESBYPROPERTIES('0Ylpydl4aKtbBhbfyDF$8s',#18,$,$,(#9827),#9828);
#9831=IFCRELDEFINESBYPROPERTIES('2jqOL__8x69yqaulfIFS1M',#18,$,$,(#9827),#9829);
#9832=IFCMAPPEDITEM(#9421,#2160);
#9833=IFCSHAPEREPRESENTATION(#24,'Body','MappedRepresentation',(#9832));
#9834=IFCPRODUCTDEFINITIONSHAPE($,$,(#9833));
#9835=IFCCARTESIANPOINT((-1.8809013854198795,2.0561030033649854,0.));
#9836=IFCDIRECTION((0.70710769341001134,0.70710586896190697,0.));
#9837=IFCAXIS2PLACEMENT3D(#9835,#9,#9836);
#9838=IFCLOCALPLACEMENT(#42,#9837);
#9839=IFCBUILDINGELEMENTPROXY('3tfz9BOuv7FPSfJtwQ7hDg',#18,'Andamio Parametrico:1x1 - Cruces Completas:1663833',$,'Andamio Parametrico:1x1 - Cruces Completas',#9838,#9834,'1663833',$);
#9840=IFCPROPERTYSET('3ddK1RMOjK33DatDNUVo$B',#18,'Pset_BuildingElementProxyCommon',$,(#9431));
#9841=IFCPROPERTYSET('2hbKfvxChzk7_qSChzy$ZI',#18,'Pset_QuantityTakeOff',$,(#9431));
#9842=IFCRELDEFINESBYPROPERTIES('1IZCDassK7kglI4aSX95c2',#18,$,$,(#9839),#9840);
#9843=IFCRELDEFINESBYPROPERTIES('3Tw6UC0$WR9Nsbyw75WNQ6',#18,$,$,(#9839),#9841);
#9844=IFCMAPPEDITEM(#9421,#2160);
#9845=IFCSHAPEREPRESENTATION(#24,'Body','MappedRepresentation',(#9844));
#9846=IFCPRODUCTDEFINITIONSHAPE($,$,(#9845));
#9847=IFCCARTESIANPOINT((-0.80609907801722003,2.0561016167845261,0.));
#9848=IFCDIRECTION((0.70710769341001134,0.70710586896190697,0.));
#9849=IFCAXIS2PLACEMENT3D(#9847,#9,#9848);
#9850=IFCLOCALPLACEMENT(#42,#9849);
#9851=IFCBUILDINGELEMENTPROXY('3tfz9BOuv7FPSfJtwQ7hDf',#18,'Andamio Parametrico:1x1 - Cruces Completas:1663834',$,'Andamio Parametrico:1x1 - Cruces Completas',#9850,#9846,'1663834',$);
#9852=IFCPROPERTYSET('0iJ2Drd7bw1SfUIOKE7Ji3',#18,'Pset_BuildingElementProxyCommon',$,(#9431));
#9853=IFCPROPERTYSET('1BHufMQIfsSNB5cnfiCKZ$',#18,'Pset_QuantityTakeOff',$,(#9431));
#9854=IFCRELDEFINESBYPROPERTIES('0wAAV0Wl3wGjpY2AvnxeiU',#18,$,$,(#9851),#9852);
#9855=IFCRELDEFINESBYPROPERTIES('2d0trPkl7Epbbk9tvePRt5',#18,$,$,(#9851),#9853);
#9856=IFCMAPPEDITEM(#9421,#2160);
#9857=IFCSHAPEREPRESENTATION(#24,'Body','MappedRepresentation',(#9856));
#9858=IFCPRODUCTDEFINITIONSHAPE($,$,(#9857));
#9859=IFCCARTESIANPOINT((0.26870322938543928,2.056100230204069,0.));
#9860=IFCDIRECTION((0.70710769341001134,0.70710586896190697,0.));
#9861=IFCAXIS2PLACEMENT3D(#9859,#9,#9860);
#9862=IFCLOCALPLACEMENT(#42,#9861);
#9863=IFCBUILDINGELEMENTPROXY('3tfz9BOuv7FPSfJtwQ7hDe',#18,'Andamio Parametrico:1x1 - Cruces Completas:1663835',$,'Andamio Parametrico:1x1 - Cruces Completas',#9862,#9858,'1663835',$);
#9864=IFCPROPERTYSET('1FvMGZwCxQj_J53$g8JNOA',#18,'Pset_BuildingElementProxyCommon',$,(#9431));
#9865=IFCPROPERTYSET('1QZipF2UaSfL85jsVy0dYt',#18,'Pset_QuantityTakeOff',$,(#9431));
#9866=IFCRELDEFINESBYPROPERTIES('1bsOTsIncCM$Xz7zuskP7I',#18,$,$,(#9863),#9864);
#9867=IFCRELDEFINESBYPROPERTIES('3gy9D99v51uP7K1g7Ro2PH',#18,$,$,(#9863),#9865);
#9868=IFCMAPPEDITEM(#9421,#2160);
#9869=IFCSHAPEREPRESENTATION(#24,'Body','MappedRepresentation',(#9868));
#9870=IFCPRODUCTDEFINITIONSHAPE($,$,(#9869));
#9871=IFCCARTESIANPOINT((1.3435055367880977,2.0560988436236105,0.));
#9872=IFCDIRECTION((0.70710769341001134,0.70710586896190697,0.));
#9873=IFCAXIS2PLACEMENT3D(#9871,#9,#9872);
#9874=IFCLOCALPLACEMENT(#42,#9873);
#9875=IFCBUILDINGELEMENTPROXY('3tfz9BOuv7FPSfJtwQ7hDl',#18,'Andamio Parametrico:1x1 - Cruces Completas:1663836',$,'Andamio Parametrico:1x1 - Cruces Completas',#9874,#9870,'1663836',$);
#9876=IFCPROPERTYSET('03gzZsj86jLuxrKFI$0001',#18,'Pset_BuildingElementProxyCommon',$,(#9431));
#9877=IFCPROPERTYSET('2337LkevzOx7zN4uAG7nZw',#18,'Pset_QuantityTakeOff',$,(#9431));
#9878=IFCRELDEFINESBYPROPERTIES('2fMFgV7mK9ydsirtF0z6a$',#18,$,$,(#9875),#9876);
#9879=IFCRELDEFINESBYPROPERTIES('1g_bk1IHiW1o9Z9Fu1iv4m',#18,$,$,(#9875),#9877);
#9880=IFCMAPPEDITEM(#9421,#2160);
#9881=IFCSHAPEREPRESENTATION(#24,'Body','MappedRepresentation',(#9880));
#9882=IFCPRODUCTDEFINITIONSHAPE($,$,(#9881));
#9883=IFCCARTESIANPOINT((-2.4183025391212225,2.0561036966552693,0.));
#9884=IFCDIRECTION((0.70710586896197158,-0.70710769340994672,0.));
#9885=IFCAXIS2PLACEMENT3D(#9883,#9,#9884);
#9886=IFCLOCALPLACEMENT(#38,#9885);
#9887=IFCBUILDINGELEMENTPROXY('3tfz9BOuv7FPSfJtwQ7hEp',#18,'Andamio Parametrico:1x1 - Cruces Completas:1663872',$,'Andamio Parametrico:1x1 - Cruces Completas',#9886,#9882,'1663872',$);
#9888=IFCPROPERTYSET('0d1su8wZdYBpcGIEH$zVi_',#18,'Pset_BuildingElementProxyCommon',$,(#9431));
#9889=IFCPROPERTYSET('0iptiMQZrzk8XdRNvH2p08',#18,'Pset_QuantityTakeOff',$,(#9431));
#9890=IFCRELDEFINESBYPROPERTIES('0gJbJyQbaLeWpgHxyqPhxI',#18,$,$,(#9887),#9888);
#9891=IFCRELDEFINESBYPROPERTIES('1AjFnhn8xxYBfbm4d3J5YM',#18,$,$,(#9887),#9889);
#9892=IFCMAPPEDITEM(#9421,#2160);
#9893=IFCSHAPEREPRESENTATION(#24,'Body','MappedRepresentation',(#9892));
#9894=IFCPRODUCTDEFINITIONSHAPE($,$,(#9893));
#9895=IFCCARTESIANPOINT((-1.3435002317185392,2.0561023100748095,0.));
#9896=IFCDIRECTION((0.70710586896197158,-0.70710769340994672,0.));
#9897=IFCAXIS2PLACEMENT3D(#9895,#9,#9896);
#9898=IFCLOCALPLACEMENT(#38,#9897);
#9899=IFCBUILDINGELEMENTPROXY('3tfz9BOuv7FPSfJtwQ7hES',#18,'Andamio Parametrico:1x1 - Cruces Completas:1663919',$,'Andamio Parametrico:1x1 - Cruces Completas',#9898,#9894,'1663919',$);
#9900=IFCPROPERTYSET('3RpQ2ZGel65BGXKviTccjp',#18,'Pset_BuildingElementProxyCommon',$,(#9431));
#9901=IFCPROPERTYSET('2u0qUm4pNWoV68Rl0_CLhI',#18,'Pset_QuantityTakeOff',$,(#9431));
#9902=IFCRELDEFINESBYPROPERTIES('2oi_shbmTrztRgMIufGbhO',#18,$,$,(#9899),#9900);
#9903=IFCRELDEFINESBYPROPERTIES('1yL584Tm$M27y8C2ukTOcA',#18,$,$,(#9899),#9901);
#9904=IFCMAPPEDITEM(#9421,#2160);
#9905=IFCSHAPEREPRESENTATION(#24,'Body','MappedRepresentation',(#9904));
#9906=IFCPRODUCTDEFINITIONSHAPE($,$,(#9905));
#9907=IFCCARTESIANPOINT((-0.2686979243158798,2.0561009234943506,0.));
#9908=IFCDIRECTION((0.70710586896197158,-0.70710769340994672,0.));
#9909=IFCAXIS2PLACEMENT3D(#9907,#9,#9908);
#9910=IFCLOCALPLACEMENT(#38,#9909);
#9911=IFCBUILDINGELEMENTPROXY('3tfz9BOuv7FPSfJtwQ7hE4',#18,'Andamio Parametrico:1x1 - Cruces Completas:1663927',$,'Andamio Parametrico:1x1 - Cruces Completas',#9910,#9906,'1663927',$);
#9912=IFCPROPERTYSET('3I8DWVDpl9f681RkXoqq5k',#18,'Pset_BuildingElementProxyCommon',$,(#9431));
#9913=IFCPROPERTYSET('0qCDNBtmlJaTmqf1VR$my$',#18,'Pset_QuantityTakeOff',$,(#9431));
#9914=IFCRELDEFINESBYPROPERTIES('0W4ykxoH96q4_kWR0RSBsl',#18,$,$,(#9911),#9912);
#9915=IFCRELDEFINESBYPROPERTIES('3jSWudYil90ZWHQpqLbnex',#18,$,$,(#9911),#9913);
#9916=IFCMAPPEDITEM(#9421,#2160);
#9917=IFCSHAPEREPRESENTATION(#24,'Body','MappedRepresentation',(#9916));
#9918=IFCPRODUCTDEFINITIONSHAPE($,$,(#9917));
#9919=IFCCARTESIANPOINT((0.80610438308678012,2.0560995369138926,0.));
#9920=IFCDIRECTION((0.70710586896197158,-0.70710769340994672,0.));
#9921=IFCAXIS2PLACEMENT3D(#9919,#9,#9920);
#9922=IFCLOCALPLACEMENT(#38,#9921);
#9923=IFCBUILDINGELEMENTPROXY('3tfz9BOuv7FPSfJtwQ7hEC',#18,'Andamio Parametrico:1x1 - Cruces Completas:1663935',$,'Andamio Parametrico:1x1 - Cruces Completas',#9922,#9918,'1663935',$);
#9924=IFCPROPERTYSET('3OGfSnqIRiHq3Pil5Y6Ixa',#18,'Pset_BuildingElementProxyCommon',$,(#9431));
#9925=IFCPROPERTYSET('0A8rcvauezncv5fBQt$FwK',#18,'Pset_QuantityTakeOff',$,(#9431));
#9926=IFCRELDEFINESBYPROPERTIES('2l0HEyX9d5Msx09NpAdYQQ',#18,$,$,(#9923),#9924);
#9927=IFCRELDEFINESBYPROPERTIES('1P$rX0YqMhzYHp14WoDLyD',#18,$,$,(#9923),#9925);
#9928=IFCMAPPEDITEM(#9421,#2160);
#9929=IFCSHAPEREPRESENTATION(#24,'Body','MappedRepresentation',(#9928));
#9930=IFCPRODUCTDEFINITIONSHAPE($,$,(#9929));
#9931=IFCCARTESIANPOINT((1.8809066904894385,2.0560981503334341,0.));
#9932=IFCDIRECTION((0.70710586896197158,-0.70710769340994672,0.));
#9933=IFCAXIS2PLACEMENT3D(#9931,#9,#9932);
#9934=IFCLOCALPLACEMENT(#38,#9933);
#9935=IFCBUILDINGELEMENTPROXY('3tfz9BOuv7FPSfJtwQ7hFq',#18,'Andamio Parametrico:1x1 - Cruces Completas:1663943',$,'Andamio Parametrico:1x1 - Cruces Completas',#9934,#9930,'1663943',$);
#9936=IFCPROPERTYSET('1d2oi2iJ5Btoweaxrshyv2',#18,'Pset_BuildingElementProxyCommon',$,(#9431));
#9937=IFCPROPERTYSET('1zuwCy4Kj8NCv2yAssgZAY',#18,'Pset_QuantityTakeOff',$,(#9431));
#9938=IFCRELDEFINESBYPROPERTIES('2kNX2rnWtYTh8A1YIk0daY',#18,$,$,(#9935),#9936);
#9939=IFCRELDEFINESBYPROPERTIES('1d4vwakDIUSZEcXCJp4VYA',#18,$,$,(#9935),#9937);
#9940=IFCMAPPEDITEM(#9421,#2160);
#9941=IFCSHAPEREPRESENTATION(#24,'Body','MappedRepresentation',(#9940));
#9942=IFCPRODUCTDEFINITIONSHAPE($,$,(#9941));
#9943=IFCCARTESIANPOINT((-1.3434988451380812,3.1309046174774653,0.));
#9944=IFCDIRECTION((0.70710586896197158,-0.70710769340994672,0.));
#9945=IFCAXIS2PLACEMENT3D(#9943,#9,#9944);
#9946=IFCLOCALPLACEMENT(#38,#9945);
#9947=IFCBUILDINGELEMENTPROXY('3tfz9BOuv7FPSfJtwQ7hFy',#18,'Andamio Parametrico:1x1 - Cruces Completas:1663951',$,'Andamio Parametrico:1x1 - Cruces Completas',#9946,#9942,'1663951',$);
#9948=IFCPROPERTYSET('3cZwxphg7Mp20QJ6j707m1',#18,'Pset_BuildingElementProxyCommon',$,(#9431));
#9949=IFCPROPERTYSET('0LqPix4pBsBIz_d3Qaaupb',#18,'Pset_QuantityTakeOff',$,(#9431));
#9950=IFCRELDEFINESBYPROPERTIES('0RnhZx8WMeRRot4nF0pVjp',#18,$,$,(#9947),#9948);
#9951=IFCRELDEFINESBYPROPERTIES('1nYPanoOVbMClt7lILb64P',#18,$,$,(#9947),#9949);
#9952=IFCMAPPEDITEM(#9421,#2160);
#9953=IFCSHAPEREPRESENTATION(#24,'Body','MappedRepresentation',(#9952));
#9954=IFCPRODUCTDEFINITIONSHAPE($,$,(#9953));
#9955=IFCCARTESIANPOINT((-0.26869653773542268,3.1309032308970073,0.));
#9956=IFCDIRECTION((0.70710586896197158,-0.70710769340994672,0.));
#9957=IFCAXIS2PLACEMENT3D(#9955,#9,#9956);
#9958=IFCLOCALPLACEMENT(#38,#9957);
#9959=IFCBUILDINGELEMENTPROXY('3tfz9BOuv7FPSfJtwQ7hFa',#18,'Andamio Parametrico:1x1 - Cruces Completas:1663959',$,'Andamio Parametrico:1x1 - Cruces Completas',#9958,#9954,'1663959',$);
#9960=IFCPROPERTYSET('0KamUFvUltNhPD7XqOK$hc',#18,'Pset_BuildingElementProxyCommon',$,(#9431));
#9961=IFCPROPERTYSET('3vs3C6xuA6BK0XPszhgbGt',#18,'Pset_QuantityTakeOff',$,(#9431));
#9962=IFCRELDEFINESBYPROPERTIES('2WsuBk8Q1W5qqiSkhvgp4U',#18,$,$,(#9959),#9960);
#9963=IFCRELDEFINESBYPROPERTIES('1uUJeTTs36auAKtlB2yotw',#18,$,$,(#9959),#9961);
#9964=IFCMAPPEDITEM(#9421,#2160);
#9965=IFCSHAPEREPRESENTATION(#24,'Body','MappedRepresentation',(#9964));
#9966=IFCPRODUCTDEFINITIONSHAPE($,$,(#9965));
#9967=IFCCARTESIANPOINT((0.80610576966723824,3.1309018443165493,0.));
#9968=IFCDIRECTION((0.70710586896197158,-0.70710769340994672,0.));
#9969=IFCAXIS2PLACEMENT3D(#9967,#9,#9968);
#9970=IFCLOCALPLACEMENT(#38,#9969);
#9971=IFCBUILDINGELEMENTPROXY('3tfz9BOuv7FPSfJtwQ7hFI',#18,'Andamio Parametrico:1x1 - Cruces Completas:1663969',$,'Andamio Parametrico:1x1 - Cruces Completas',#9970,#9966,'1663969',$);
#9972=IFCPROPERTYSET('3b7xh5ldTYEeaudujxBvXl',#18,'Pset_BuildingElementProxyCommon',$,(#9431));
#9973=IFCPROPERTYSET('1TAs1Y67iyJq9Hg1Kjd6RW',#18,'Pset_QuantityTakeOff',$,(#9431));
#9974=IFCRELDEFINESBYPROPERTIES('3npDh1R_45eQvCvQ2wT_Ha',#18,$,$,(#9971),#9972);
#9975=IFCRELDEFINESBYPROPERTIES('0zfP87hNFNR3IXD1Ph7ZFx',#18,$,$,(#9971),#9973);
#9976=IFCMAPPEDITEM(#9202,#2160);
#9977=IFCSHAPEREPRESENTATION(#24,'Body','MappedRepresentation',(#9976));
#9978=IFCPRODUCTDEFINITIONSHAPE($,$,(#9977));
#9979=IFCCARTESIANPOINT((-1.3435009250087857,1.5187011563734245,0.));
#9980=IFCDIRECTION((-0.70710769340994528,-0.70710586896197303,0.));
#9981=IFCAXIS2PLACEMENT3D(#9979,#9,#9980);
#9982=IFCLOCALPLACEMENT(#46,#9981);
#9983=IFCBUILDINGELEMENTPROXY('3tfz9BOuv7FPSfJtwQ7geq',#18,'Andamio Parametrico:1x1 - Escalera:1669639',$,'Andamio Parametrico:1x1 - Escalera',#9982,#9978,'1669639',$);
#9984=IFCPROPERTYSET('1l7hiwfZX9AHnGGRLlekrL',#18,'Pset_BuildingElementProxyCommon',$,(#9212));
#9985=IFCPROPERTYSET('0xGQC$iz_jiE$YUxf7wFyb',#18,'Pset_QuantityTakeOff',$,(#9212));
#9986=IFCRELDEFINESBYPROPERTIES('3sjXZkYuERS$nmPEUfz4yF',#18,$,$,(#9983),#9984);
#9987=IFCRELDEFINESBYPROPERTIES('0A2jXmHa8_Z6Bm3sny9nQ0',#18,$,$,(#9983),#9985);
#9988=IFCMAPPEDITEM(#9202,#2160);
#9989=IFCSHAPEREPRESENTATION(#24,'Body','MappedRepresentation',(#9988));
#9990=IFCPRODUCTDEFINITIONSHAPE($,$,(#9989));
#9991=IFCCARTESIANPOINT((-0.26869861760612546,1.5186997697929654,0.));
#9992=IFCDIRECTION((-0.70710769340994528,-0.70710586896197303,0.));
#9993=IFCAXIS2PLACEMENT3D(#9991,#9,#9992);
#9994=IFCLOCALPLACEMENT(#46,#9993);
#9995=IFCBUILDINGELEMENTPROXY('3tfz9BOuv7FPSfJtwQ7gex',#18,'Andamio Parametrico:1x1 - Escalera:1669640',$,'Andamio Parametrico:1x1 - Escalera',#9994,#9990,'1669640',$);
#9996=IFCPROPERTYSET('31zF1z0xLAgI$D4LsDyA4H',#18,'Pset_BuildingElementProxyCommon',$,(#9212));
#9997=IFCPROPERTYSET('351HCP0Pm0gSdyW35pwjiD',#18,'Pset_QuantityTakeOff',$,(#9212));
#9998=IFCRELDEFINESBYPROPERTIES('1TtZqm54uEsLpJ6A$rZgvi',#18,$,$,(#9995),#9996);
#9999=IFCRELDEFINESBYPROPERTIES('1lR4ehbGO4Is5HhWsLjpb9',#18,$,$,(#9995),#9997);
#10000=IFCMAPPEDITEM(#9202,#2160);
#10001=IFCSHAPEREPRESENTATION(#24,'Body','MappedRepresentation',(#10000));
#10002=IFCPRODUCTDEFINITIONSHAPE($,$,(#10001));
#10003=IFCCARTESIANPOINT((0.80610368979654823,1.5186983832124759,0.));
#10004=IFCDIRECTION((0.70710769340994784,0.70710586896197047,0.));
#10005=IFCAXIS2PLACEMENT3D(#10003,#9,#10004);
#10006=IFCLOCALPLACEMENT(#46,#10005);
#10007=IFCBUILDINGELEMENTPROXY('3tfz9BOuv7FPSfJtwQ7gew',#18,'Andamio Parametrico:1x1 - Escalera:1669641',$,'Andamio Parametrico:1x1 - Escalera',#10006,#10002,'1669641',$);
#10008=IFCPROPERTYSET('0MCXMjYv1wkd$euPyYubHx',#18,'Pset_BuildingElementProxyCommon',$,(#9212));
#10009=IFCPROPERTYSET('0VABmNBvCd65FQbnsRskw3',#18,'Pset_QuantityTakeOff',$,(#9212));
#10010=IFCRELDEFINESBYPROPERTIES('0LRr3Y2dKy5ZTyFvpRiPJI',#18,$,$,(#10007),#10008);
#10011=IFCRELDEFINESBYPROPERTIES('1YCvkRN$9hPn_vqH9hvdg4',#18,$,$,(#10007),#10009);
#10012=IFCMAPPEDITEM(#9202,#2160);
#10013=IFCSHAPEREPRESENTATION(#24,'Body','MappedRepresentation',(#10012));
#10014=IFCPRODUCTDEFINITIONSHAPE($,$,(#10013));
#10015=IFCCARTESIANPOINT((-0.26869723102559367,2.593502077195573,0.));
#10016=IFCDIRECTION((-0.70710769340994528,-0.70710586896197303,0.));
#10017=IFCAXIS2PLACEMENT3D(#10015,#9,#10016);
#10018=IFCLOCALPLACEMENT(#46,#10017);
#10019=IFCBUILDINGELEMENTPROXY('3tfz9BOuv7FPSfJtwQ7ge$',#18,'Andamio Parametrico:1x1 - Escalera:1669644',$,'Andamio Parametrico:1x1 - Escalera',#10018,#10014,'1669644',$);
#10020=IFCPROPERTYSET('0TLVsj1AdEwTGz1f7PyMQH',#18,'Pset_BuildingElementProxyCommon',$,(#9212));
#10021=IFCPROPERTYSET('1aTuIxX3j96GF2g6fRs5Jw',#18,'Pset_QuantityTakeOff',$,(#9212));
#10022=IFCRELDEFINESBYPROPERTIES('3gYFql$i9JgJ0ErzQgheyX',#18,$,$,(#10019),#10020);
#10023=IFCRELDEFINESBYPROPERTIES('3DT3UiECldZw70Nd$Ckfl0',#18,$,$,(#10019),#10021);
#10024=IFCAXIS2PLACEMENT3D(#3,$,$);
#10026=IFCCARTESIANPOINT((-2.1684043449710089E-019,0.));
#10027=IFCAXIS2PLACEMENT2D(#10026,#11);
#10028=IFCRECTANGLEPROFILEDEF(.AREA.,'Placa Diagonal',#10027,0.0050000000000000001,1.0747999999999962);
#10029=IFCCARTESIANPOINT((0.,-0.0025000000000084295,-0.));
#10030=IFCAXIS2PLACEMENT3D(#10029,#9,#7);
#10031=IFCEXTRUDEDAREASOLID(#10028,#10030,#9,1.800000000000066);
#10032=IFCCOLOURRGB($,0.94117647058823528,0.,0.42352941176470588);
#10033=IFCSURFACESTYLERENDERING(#10032,0.,$,$,$,$,IFCNORMALISEDRATIOMEASURE(0.5),IFCSPECULAREXPONENT(128.),.NOTDEFINED.);
#10034=IFCSURFACESTYLE('Boundary Condition \X2\2013\X0\ Z-Axis',.BOTH.,(#10033));
#10035=IFCPRESENTATIONSTYLEASSIGNMENT((#10034));
#10036=IFCSTYLEDITEM(#10031,(#10035),$);
#10037=IFCSHAPEREPRESENTATION(#24,'Body','SweptSolid',(#10031));
#10038=IFCAXIS2PLACEMENT3D(#3,$,$);
#10039=IFCREPRESENTATIONMAP(#10038,#10037);
#10040=IFCBUILDINGELEMENTPROXYTYPE('1RWt3Rffz2MRhkI7TvrrDw',#18,'Cubo Parametrico:Placa Diagonal',$,$,$,(#10039),'1671399',$,.NOTDEFINED.);
#10041=IFCMATERIAL('Boundary Condition \X2\2013\X0\ Z-Axis');
#10042=IFCPRESENTATIONSTYLEASSIGNMENT((#10034));
#10043=IFCSTYLEDITEM($,(#10042),$);
#10044=IFCSTYLEDREPRESENTATION(#22,'Style','Material',(#10043));
#10045=IFCMATERIALDEFINITIONREPRESENTATION($,$,(#10044),#10041);
#10046=IFCMAPPEDITEM(#10039,#2160);
#10047=IFCSHAPEREPRESENTATION(#24,'Body','MappedRepresentation',(#10046));
#10048=IFCPRODUCTDEFINITIONSHAPE($,$,(#10047));
#10049=IFCCARTESIANPOINT((3.224407345112378,1.2220946865573439,0.));
#10050=IFCAXIS2PLACEMENT3D(#10049,$,$);
#10051=IFCLOCALPLACEMENT(#34,#10050);
#10052=IFCBUILDINGELEMENTPROXY('0iZfBHQQv8eeIThXtQSaRz',#18,'Cubo Parametrico:Placa Diagonal:1671264',$,'Cubo Parametrico:Placa Diagonal',#10051,#10048,'1671264',$);
#10053=IFCPROPERTYSINGLEVALUE('Reference',$,IFCIDENTIFIER('Placa Diagonal'),$);
#10054=IFCPROPERTYSET('2X3mbr84riaiYWTtBh9k6X',#18,'Pset_BuildingElementProxyCommon',$,(#10053));
#10055=IFCPROPERTYSET('0zeMG4pQVtVncLdFHYs64W',#18,'Pset_QuantityTakeOff',$,(#10053));
#10056=IFCRELDEFINESBYPROPERTIES('1$tnvHAiqSF9OfKfCHR7L4',#18,$,$,(#10052),#10054);
#10057=IFCRELDEFINESBYPROPERTIES('3$0W0HzpFqe0qGYAd3yQoe',#18,$,$,(#10052),#10055);
#10058=IFCMAPPEDITEM(#10039,#2160);
#10059=IFCSHAPEREPRESENTATION(#24,'Body','MappedRepresentation',(#10058));
#10060=IFCPRODUCTDEFINITIONSHAPE($,$,(#10059));
#10061=IFCCARTESIANPOINT((2.1496050377097209,1.2220960731378019,0.));
#10062=IFCAXIS2PLACEMENT3D(#10061,$,$);
#10063=IFCLOCALPLACEMENT(#34,#10062);
#10064=IFCBUILDINGELEMENTPROXY('0iZfBHQQv8eeIThXtQSaS6',#18,'Cubo Parametrico:Placa Diagonal:1671579',$,'Cubo Parametrico:Placa Diagonal',#10063,#10060,'1671579',$);
#10065=IFCPROPERTYSET('2SEsNqztR568E6o8s7nKKS',#18,'Pset_BuildingElementProxyCommon',$,(#10053));
#10066=IFCPROPERTYSET('0ythi$_Ub1jb$gkNQL$gWu',#18,'Pset_QuantityTakeOff',$,(#10053));
#10067=IFCRELDEFINESBYPROPERTIES('0MkOJqy5dxYz7KlFI_GuEA',#18,$,$,(#10064),#10065);
#10068=IFCRELDEFINESBYPROPERTIES('1fGtQogEh3_O79NJOo1Vi0',#18,$,$,(#10064),#10066);
#10069=IFCMAPPEDITEM(#10039,#2160);
#10070=IFCSHAPEREPRESENTATION(#24,'Body','MappedRepresentation',(#10069));
#10071=IFCPRODUCTDEFINITIONSHAPE($,$,(#10070));
#10072=IFCCARTESIANPOINT((1.0748027303070617,1.2220974597182603,0.));
#10073=IFCAXIS2PLACEMENT3D(#10072,$,$);
#10074=IFCLOCALPLACEMENT(#34,#10073);
#10075=IFCBUILDINGELEMENTPROXY('0iZfBHQQv8eeIThXtQSaS_',#18,'Cubo Parametrico:Placa Diagonal:1671587',$,'Cubo Parametrico:Placa Diagonal',#10074,#10071,'1671587',$);
#10076=IFCPROPERTYSET('2zvqpgoVeP12QYK59EEeYY',#18,'Pset_BuildingElementProxyCommon',$,(#10053));
#10077=IFCPROPERTYSET('21r8Gw7Fye5jUO9bh_uvzW',#18,'Pset_QuantityTakeOff',$,(#10053));
#10078=IFCRELDEFINESBYPROPERTIES('3r6ZDgUsjadZ9zHHKdL7Ty',#18,$,$,(#10075),#10076);
#10079=IFCRELDEFINESBYPROPERTIES('2Zf7cMdtII8blYZB_yQfmB',#18,$,$,(#10075),#10077);
#10080=IFCMAPPEDITEM(#10039,#2160);
#10081=IFCSHAPEREPRESENTATION(#24,'Body','MappedRepresentation',(#10080));
#10082=IFCPRODUCTDEFINITIONSHAPE($,$,(#10081));
#10083=IFCCARTESIANPOINT((4.2290440293212174E-007,1.2220988462987195,0.));
#10084=IFCAXIS2PLACEMENT3D(#10083,$,$);
#10085=IFCLOCALPLACEMENT(#34,#10084);
#10086=IFCBUILDINGELEMENTPROXY('0iZfBHQQv8eeIThXtQSaSs',#18,'Cubo Parametrico:Placa Diagonal:1671595',$,'Cubo Parametrico:Placa Diagonal',#10085,#10082,'1671595',$);
#10087=IFCPROPERTYSET('2TI4H4x1zzgsHtZxHvXBb4',#18,'Pset_BuildingElementProxyCommon',$,(#10053));
#10088=IFCPROPERTYSET('1i1ownIbg_bkgducelkWGo',#18,'Pset_QuantityTakeOff',$,(#10053));
#10089=IFCRELDEFINESBYPROPERTIES('1VpZWuHqm0ufUN$PkeDKg3',#18,$,$,(#10086),#10087);
#10090=IFCRELDEFINESBYPROPERTIES('1OuHQXWHvvdXsLNiNLZFUA',#18,$,$,(#10086),#10088);
#10091=IFCMAPPEDITEM(#10039,#2160);
#10092=IFCSHAPEREPRESENTATION(#24,'Body','MappedRepresentation',(#10091));
#10093=IFCPRODUCTDEFINITIONSHAPE($,$,(#10092));
#10094=IFCCARTESIANPOINT((-1.0748018844982563,1.2221002328791777,0.));
#10095=IFCAXIS2PLACEMENT3D(#10094,$,$);
#10096=IFCLOCALPLACEMENT(#34,#10095);
#10097=IFCBUILDINGELEMENTPROXY('0iZfBHQQv8eeIThXtQSaSe',#18,'Cubo Parametrico:Placa Diagonal:1671605',$,'Cubo Parametrico:Placa Diagonal',#10096,#10093,'1671605',$);
#10098=IFCPROPERTYSET('1_KfrGF1RigiL$j$5kjUc8',#18,'Pset_BuildingElementProxyCommon',$,(#10053));
#10099=IFCPROPERTYSET('016kQ05BYs2TtGemuIvw3J',#18,'Pset_QuantityTakeOff',$,(#10053));
#10100=IFCRELDEFINESBYPROPERTIES('2UswIQNlqcA8WGBmCV6NgK',#18,$,$,(#10097),#10098);
#10101=IFCRELDEFINESBYPROPERTIES('2uSqncbv4gTBMu9R6c_nk9',#18,$,$,(#10097),#10099);
#10102=IFCMAPPEDITEM(#10039,#2160);
#10103=IFCSHAPEREPRESENTATION(#24,'Body','MappedRepresentation',(#10102));
#10104=IFCPRODUCTDEFINITIONSHAPE($,$,(#10103));
#10105=IFCCARTESIANPOINT((-2.1496041919009161,1.2221016194596359,0.));
#10106=IFCAXIS2PLACEMENT3D(#10105,$,$);
#10107=IFCLOCALPLACEMENT(#34,#10106);
#10108=IFCBUILDINGELEMENTPROXY('0iZfBHQQv8eeIThXtQSaSW',#18,'Cubo Parametrico:Placa Diagonal:1671613',$,'Cubo Parametrico:Placa Diagonal',#10107,#10104,'1671613',$);
#10109=IFCPROPERTYSET('2vBFZN8q6p4Ynw$hTzsDxe',#18,'Pset_BuildingElementProxyCommon',$,(#10053));
#10110=IFCPROPERTYSET('1l4SpNWCrBtRFEEPVOZoOa',#18,'Pset_QuantityTakeOff',$,(#10053));
#10111=IFCRELDEFINESBYPROPERTIES('1HeEAPr67hlukkxIGC40Wv',#18,$,$,(#10108),#10109);
#10112=IFCRELDEFINESBYPROPERTIES('3QEuYgdDGLfKJ8EnQvS1iS',#18,$,$,(#10108),#10110);
#10113=IFCMAPPEDITEM(#10039,#2160);
#10114=IFCSHAPEREPRESENTATION(#24,'Body','MappedRepresentation',(#10113));
#10115=IFCPRODUCTDEFINITIONSHAPE($,$,(#10114));
#10116=IFCCARTESIANPOINT((-3.2244064993035755,1.222103006040095,0.));
#10117=IFCAXIS2PLACEMENT3D(#10116,$,$);
#10118=IFCLOCALPLACEMENT(#34,#10117);
#10119=IFCBUILDINGELEMENTPROXY('0iZfBHQQv8eeIThXtQSaTO',#18,'Cubo Parametrico:Placa Diagonal:1671621',$,'Cubo Parametrico:Placa Diagonal',#10118,#10115,'1671621',$);
#10120=IFCPROPERTYSET('1Um188tl3g0Mb7CB1axNZz',#18,'Pset_BuildingElementProxyCommon',$,(#10053));
#10121=IFCPROPERTYSET('0PzJ779E5A1pHkLvKJh_NB',#18,'Pset_QuantityTakeOff',$,(#10053));
#10122=IFCRELDEFINESBYPROPERTIES('1EQCqpb_9ukfxv73KvJcY9',#18,$,$,(#10119),#10120);
#10123=IFCRELDEFINESBYPROPERTIES('0d9hJ6Nj44ykcFC2WBPM6U',#18,$,$,(#10119),#10121);
#10124=IFCMAPPEDITEM(#10039,#2160);
#10125=IFCSHAPEREPRESENTATION(#24,'Body','MappedRepresentation',(#10124));
#10126=IFCPRODUCTDEFINITIONSHAPE($,$,(#10125));
#10127=IFCCARTESIANPOINT((2.1496050377097209,1.2220960731378019,0.));
#10128=IFCAXIS2PLACEMENT3D(#10127,$,$);
#10129=IFCLOCALPLACEMENT(#38,#10128);
#10130=IFCBUILDINGELEMENTPROXY('0iZfBHQQv8eeIThXtQSaT$',#18,'Cubo Parametrico:Placa Diagonal:1671650',$,'Cubo Parametrico:Placa Diagonal',#10129,#10126,'1671650',$);
#10131=IFCPROPERTYSET('0aIMXnNHXRB2pWvDlx$4Qq',#18,'Pset_BuildingElementProxyCommon',$,(#10053));
#10132=IFCPROPERTYSET('385_pJYb9TBUT2sYDsOkiH',#18,'Pset_QuantityTakeOff',$,(#10053));
#10133=IFCRELDEFINESBYPROPERTIES('04XWbKPI4lEKxQcEzPknZm',#18,$,$,(#10130),#10131);
#10134=IFCRELDEFINESBYPROPERTIES('2yrLTTDy2TnpwvcpeYAsL_',#18,$,$,(#10130),#10132);
#10135=IFCMAPPEDITEM(#10039,#2160);
#10136=IFCSHAPEREPRESENTATION(#24,'Body','MappedRepresentation',(#10135));
#10137=IFCPRODUCTDEFINITIONSHAPE($,$,(#10136));
#10138=IFCCARTESIANPOINT((1.0748027303070617,1.2220974597182603,0.));
#10139=IFCAXIS2PLACEMENT3D(#10138,$,$);
#10140=IFCLOCALPLACEMENT(#38,#10139);
#10141=IFCBUILDINGELEMENTPROXY('0iZfBHQQv8eeIThXtQSaT_',#18,'Cubo Parametrico:Placa Diagonal:1671651',$,'Cubo Parametrico:Placa Diagonal',#10140,#10137,'1671651',$);
#10142=IFCPROPERTYSET('1mxCGBfPzYHRZHbJyjALma',#18,'Pset_BuildingElementProxyCommon',$,(#10053));
#10143=IFCPROPERTYSET('2L2AbiNTlN0Qs2xfO9ZCLH',#18,'Pset_QuantityTakeOff',$,(#10053));
#10144=IFCRELDEFINESBYPROPERTIES('0KANb3BTxKs9aIn0N0xMaM',#18,$,$,(#10141),#10142);
#10145=IFCRELDEFINESBYPROPERTIES('0G3i5rCIuxy42Jh9KEC1eA',#18,$,$,(#10141),#10143);
#10146=IFCMAPPEDITEM(#10039,#2160);
#10147=IFCSHAPEREPRESENTATION(#24,'Body','MappedRepresentation',(#10146));
#10148=IFCPRODUCTDEFINITIONSHAPE($,$,(#10147));
#10149=IFCCARTESIANPOINT((4.2290440293212174E-007,1.2220988462987195,0.));
#10150=IFCAXIS2PLACEMENT3D(#10149,$,$);
#10151=IFCLOCALPLACEMENT(#38,#10150);
#10152=IFCBUILDINGELEMENTPROXY('0iZfBHQQv8eeIThXtQSaTv',#18,'Cubo Parametrico:Placa Diagonal:1671652',$,'Cubo Parametrico:Placa Diagonal',#10151,#10148,'1671652',$);
#10153=IFCPROPERTYSET('3TqCB$6nvQt71x5M3efHJH',#18,'Pset_BuildingElementProxyCommon',$,(#10053));
#10154=IFCPROPERTYSET('1U6utducizBjPUH9ikmNSc',#18,'Pset_QuantityTakeOff',$,(#10053));
#10155=IFCRELDEFINESBYPROPERTIES('3JbXpGkibcdXhD9ebO87Mh',#18,$,$,(#10152),#10153);
#10156=IFCRELDEFINESBYPROPERTIES('1ZyzrKtqL8D3gOoyR5_ZqJ',#18,$,$,(#10152),#10154);
#10157=IFCMAPPEDITEM(#10039,#2160);
#10158=IFCSHAPEREPRESENTATION(#24,'Body','MappedRepresentation',(#10157));
#10159=IFCPRODUCTDEFINITIONSHAPE($,$,(#10158));
#10160=IFCCARTESIANPOINT((-1.0748018844982563,1.2221002328791777,0.));
#10161=IFCAXIS2PLACEMENT3D(#10160,$,$);
#10162=IFCLOCALPLACEMENT(#38,#10161);
#10163=IFCBUILDINGELEMENTPROXY('0iZfBHQQv8eeIThXtQSaTu',#18,'Cubo Parametrico:Placa Diagonal:1671653',$,'Cubo Parametrico:Placa Diagonal',#10162,#10159,'1671653',$);
#10164=IFCPROPERTYSET('0$RZhVEVbiWNbhRSTyHukV',#18,'Pset_BuildingElementProxyCommon',$,(#10053));
#10165=IFCPROPERTYSET('0GEXxKl53zoArHD_d5DBHd',#18,'Pset_QuantityTakeOff',$,(#10053));
#10166=IFCRELDEFINESBYPROPERTIES('1Vvm$_kVYKX2gyVWg_F2Ny',#18,$,$,(#10163),#10164);
#10167=IFCRELDEFINESBYPROPERTIES('0MQYMEGHKn9O8zP2e9a9EW',#18,$,$,(#10163),#10165);
#10168=IFCMAPPEDITEM(#10039,#2160);
#10169=IFCSHAPEREPRESENTATION(#24,'Body','MappedRepresentation',(#10168));
#10170=IFCPRODUCTDEFINITIONSHAPE($,$,(#10169));
#10171=IFCCARTESIANPOINT((-2.1496041919009161,1.2221016194596359,0.));
#10172=IFCAXIS2PLACEMENT3D(#10171,$,$);
#10173=IFCLOCALPLACEMENT(#38,#10172);
#10174=IFCBUILDINGELEMENTPROXY('0iZfBHQQv8eeIThXtQSaTx',#18,'Cubo Parametrico:Placa Diagonal:1671654',$,'Cubo Parametrico:Placa Diagonal',#10173,#10170,'1671654',$);
#10175=IFCPROPERTYSET('0OKRQhmRx5Zl477OU2MpP8',#18,'Pset_BuildingElementProxyCommon',$,(#10053));
#10176=IFCPROPERTYSET('13u9vobLRLpHqr5ZIulFrj',#18,'Pset_QuantityTakeOff',$,(#10053));
#10177=IFCRELDEFINESBYPROPERTIES('1ykBx2OMydUr34ADt1R7s$',#18,$,$,(#10174),#10175);
#10178=IFCRELDEFINESBYPROPERTIES('1$vobz7KydYbzRPXLoZ0wc',#18,$,$,(#10174),#10176);
#10179=IFCMAPPEDITEM(#10039,#2160);
#10180=IFCSHAPEREPRESENTATION(#24,'Body','MappedRepresentation',(#10179));
#10181=IFCPRODUCTDEFINITIONSHAPE($,$,(#10180));
#10182=IFCCARTESIANPOINT((-3.2244064993035755,1.222103006040095,0.));
#10183=IFCAXIS2PLACEMENT3D(#10182,$,$);
#10184=IFCLOCALPLACEMENT(#38,#10183);
#10185=IFCBUILDINGELEMENTPROXY('0iZfBHQQv8eeIThXtQSaTw',#18,'Cubo Parametrico:Placa Diagonal:1671655',$,'Cubo Parametrico:Placa Diagonal',#10184,#10181,'1671655',$);
#10186=IFCPROPERTYSET('3FbFFv19fLtLfKk1SPnKYX',#18,'Pset_BuildingElementProxyCommon',$,(#10053));
#10187=IFCPROPERTYSET('3GxYzacXd_9CViKlt8zRXu',#18,'Pset_QuantityTakeOff',$,(#10053));
#10188=IFCRELDEFINESBYPROPERTIES('0PD0otSMrETOIKVnSIfrhU',#18,$,$,(#10185),#10186);
#10189=IFCRELDEFINESBYPROPERTIES('0RVbFy5e13g_m5V7H2dBvR',#18,$,$,(#10185),#10187);
#10190=IFCMAPPEDITEM(#10039,#2160);
#10191=IFCSHAPEREPRESENTATION(#24,'Body','MappedRepresentation',(#10190));
#10192=IFCPRODUCTDEFINITIONSHAPE($,$,(#10191));
#10193=IFCCARTESIANPOINT((1.0748027303070617,1.2220974597182603,0.));
#10194=IFCAXIS2PLACEMENT3D(#10193,$,$);
#10195=IFCLOCALPLACEMENT(#42,#10194);
#10196=IFCBUILDINGELEMENTPROXY('0iZfBHQQv8eeIThXtQSaTq',#18,'Cubo Parametrico:Placa Diagonal:1671657',$,'Cubo Parametrico:Placa Diagonal',#10195,#10192,'1671657',$);
#10197=IFCPROPERTYSET('0Y4axEr$jllH7gtTtLs9SI',#18,'Pset_BuildingElementProxyCommon',$,(#10053));
#10198=IFCPROPERTYSET('0dEYgmiyidw6FG2RYhNxGC',#18,'Pset_QuantityTakeOff',$,(#10053));
#10199=IFCRELDEFINESBYPROPERTIES('2HoMqqv_hehcr4yeyQZeIs',#18,$,$,(#10196),#10197);
#10200=IFCRELDEFINESBYPROPERTIES('2pBnSG42umtVC2_txVBSbb',#18,$,$,(#10196),#10198);
#10201=IFCMAPPEDITEM(#10039,#2160);
#10202=IFCSHAPEREPRESENTATION(#24,'Body','MappedRepresentation',(#10201));
#10203=IFCPRODUCTDEFINITIONSHAPE($,$,(#10202));
#10204=IFCCARTESIANPOINT((4.2290440293212174E-007,1.2220988462987195,0.));
#10205=IFCAXIS2PLACEMENT3D(#10204,$,$);
#10206=IFCLOCALPLACEMENT(#42,#10205);
#10207=IFCBUILDINGELEMENTPROXY('0iZfBHQQv8eeIThXtQSaTt',#18,'Cubo Parametrico:Placa Diagonal:1671658',$,'Cubo Parametrico:Placa Diagonal',#10206,#10203,'1671658',$);
#10208=IFCPROPERTYSET('0CUlN3C6nnfJVxPYuU57Ol',#18,'Pset_BuildingElementProxyCommon',$,(#10053));
#10209=IFCPROPERTYSET('2jNPzJs10JH7DsA1CLKSSd',#18,'Pset_QuantityTakeOff',$,(#10053));
#10210=IFCRELDEFINESBYPROPERTIES('1SHML1b3OaDOdnMApb0DTj',#18,$,$,(#10207),#10208);
#10211=IFCRELDEFINESBYPROPERTIES('2iDfGVKHLxgLhlJHGEE61p',#18,$,$,(#10207),#10209);
#10212=IFCMAPPEDITEM(#10039,#2160);
#10213=IFCSHAPEREPRESENTATION(#24,'Body','MappedRepresentation',(#10212));
#10214=IFCPRODUCTDEFINITIONSHAPE($,$,(#10213));
#10215=IFCCARTESIANPOINT((-1.0748018844982563,1.2221002328791777,0.));
#10216=IFCAXIS2PLACEMENT3D(#10215,$,$);
#10217=IFCLOCALPLACEMENT(#42,#10216);
#10218=IFCBUILDINGELEMENTPROXY('0iZfBHQQv8eeIThXtQSaTs',#18,'Cubo Parametrico:Placa Diagonal:1671659',$,'Cubo Parametrico:Placa Diagonal',#10217,#10214,'1671659',$);
#10219=IFCPROPERTYSET('2Gzyi_mJ4a0jiN6FIa7Jj1',#18,'Pset_BuildingElementProxyCommon',$,(#10053));
#10220=IFCPROPERTYSET('23rGJPCufm94CsntxdUOgR',#18,'Pset_QuantityTakeOff',$,(#10053));
#10221=IFCRELDEFINESBYPROPERTIES('0hshfFEwZghYN6Rd9pAiTb',#18,$,$,(#10218),#10219);
#10222=IFCRELDEFINESBYPROPERTIES('3SOy82DhL$mIduBVm32vmK',#18,$,$,(#10218),#10220);
#10223=IFCMAPPEDITEM(#10039,#2160);
#10224=IFCSHAPEREPRESENTATION(#24,'Body','MappedRepresentation',(#10223));
#10225=IFCPRODUCTDEFINITIONSHAPE($,$,(#10224));
#10226=IFCCARTESIANPOINT((-2.1496041919009161,1.2221016194596359,0.));
#10227=IFCAXIS2PLACEMENT3D(#10226,$,$);
#10228=IFCLOCALPLACEMENT(#42,#10227);
#10229=IFCBUILDINGELEMENTPROXY('0iZfBHQQv8eeIThXtQSaTn',#18,'Cubo Parametrico:Placa Diagonal:1671660',$,'Cubo Parametrico:Placa Diagonal',#10228,#10225,'1671660',$);
#10230=IFCPROPERTYSET('1PeHjoTUkLUC4m0r4d1jJa',#18,'Pset_BuildingElementProxyCommon',$,(#10053));
#10231=IFCPROPERTYSET('2TazYYnxe_Bjs9yeeHpua7',#18,'Pset_QuantityTakeOff',$,(#10053));
#10232=IFCRELDEFINESBYPROPERTIES('3wCA5KNkFvTOz8x0m1HyyU',#18,$,$,(#10229),#10230);
#10233=IFCRELDEFINESBYPROPERTIES('2vp7hqjV$9Gx4mtcgSvt6V',#18,$,$,(#10229),#10231);
#10234=IFCMAPPEDITEM(#10039,#2160);
#10235=IFCSHAPEREPRESENTATION(#24,'Body','MappedRepresentation',(#10234));
#10236=IFCPRODUCTDEFINITIONSHAPE($,$,(#10235));
#10237=IFCCARTESIANPOINT((4.2290440293212174E-007,1.2220988462987195,0.));
#10238=IFCAXIS2PLACEMENT3D(#10237,$,$);
#10239=IFCLOCALPLACEMENT(#46,#10238);
#10240=IFCBUILDINGELEMENTPROXY('0iZfBHQQv8eeIThXtQSaTp',#18,'Cubo Parametrico:Placa Diagonal:1671662',$,'Cubo Parametrico:Placa Diagonal',#10239,#10236,'1671662',$);
#10241=IFCPROPERTYSET('00jXvc4N3U2dI8_iiATml7',#18,'Pset_BuildingElementProxyCommon',$,(#10053));
#10242=IFCPROPERTYSET('2c89leHA_KyKoy3_2F4fee',#18,'Pset_QuantityTakeOff',$,(#10053));
#10243=IFCRELDEFINESBYPROPERTIES('3xjem9tEsfbxrM6WummNsz',#18,$,$,(#10240),#10241);
#10244=IFCRELDEFINESBYPROPERTIES('2TQO6d0HpE89S0MUT_Vik8',#18,$,$,(#10240),#10242);
#10245=IFCMAPPEDITEM(#10039,#2160);
#10246=IFCSHAPEREPRESENTATION(#24,'Body','MappedRepresentation',(#10245));
#10247=IFCPRODUCTDEFINITIONSHAPE($,$,(#10246));
#10248=IFCCARTESIANPOINT((-1.0748018844982563,1.2221002328791777,0.));
#10249=IFCAXIS2PLACEMENT3D(#10248,$,$);
#10250=IFCLOCALPLACEMENT(#46,#10249);
#10251=IFCBUILDINGELEMENTPROXY('0iZfBHQQv8eeIThXtQSaTo',#18,'Cubo Parametrico:Placa Diagonal:1671663',$,'Cubo Parametrico:Placa Diagonal',#10250,#10247,'1671663',$);
#10252=IFCPROPERTYSET('0oZ$ISx7QkJFZNCNWCeeW_',#18,'Pset_BuildingElementProxyCommon',$,(#10053));
#10253=IFCPROPERTYSET('2oSyFGA8dfkeGk4h_5DMbv',#18,'Pset_QuantityTakeOff',$,(#10053));
#10254=IFCRELDEFINESBYPROPERTIES('1xOR2uLZi0QcjqKngwTLbc',#18,$,$,(#10251),#10252);
#10255=IFCRELDEFINESBYPROPERTIES('0OKBLAiCHZZ8Et200f6Fes',#18,$,$,(#10251),#10253);
#10256=IFCMAPPEDITEM(#9202,#2160);
#10257=IFCSHAPEREPRESENTATION(#24,'Body','MappedRepresentation',(#10256));
#10258=IFCPRODUCTDEFINITIONSHAPE($,$,(#10257));
#10259=IFCCARTESIANPOINT((2.4183071509005138,1.518696303341855,0.));
#10260=IFCDIRECTION((0.7071058689619717,-0.70710769340994661,0.));
#10261=IFCAXIS2PLACEMENT3D(#10259,#9,#10260);
#10262=IFCLOCALPLACEMENT(#42,#10261);
#10263=IFCBUILDINGELEMENTPROXY('0f5_2j7Pn7Y8caZjl5WJhc',#18,'Andamio Parametrico:1x1 - Escalera:1674336',$,'Andamio Parametrico:1x1 - Escalera',#10262,#10258,'1674336',$);
#10264=IFCPROPERTYSET('1tzhdRuWpALh9NjEHrPS6V',#18,'Pset_BuildingElementProxyCommon',$,(#9212));
#10265=IFCPROPERTYSET('3sFmf0iJdhy_ebJDia_UH0',#18,'Pset_QuantityTakeOff',$,(#9212));
#10266=IFCRELDEFINESBYPROPERTIES('3BvJo5C3pgt5GiCW7KTA6G',#18,$,$,(#10263),#10264);
#10267=IFCRELDEFINESBYPROPERTIES('3TY2yeqwPmxBdTmMMLAgoJ',#18,$,$,(#10263),#10265);
#10268=IFCMAPPEDITEM(#10039,#2160);
#10269=IFCSHAPEREPRESENTATION(#24,'Body','MappedRepresentation',(#10268));
#10270=IFCPRODUCTDEFINITIONSHAPE($,$,(#10269));
#10271=IFCCARTESIANPOINT((2.1496050377097209,1.2220960731378019,0.));
#10272=IFCAXIS2PLACEMENT3D(#10271,$,$);
#10273=IFCLOCALPLACEMENT(#42,#10272);
#10274=IFCBUILDINGELEMENTPROXY('0f5_2j7Pn7Y8caZjl5WJew',#18,'Cubo Parametrico:Placa Diagonal:1674428',$,'Cubo Parametrico:Placa Diagonal',#10273,#10270,'1674428',$);
#10275=IFCPROPERTYSET('1y8T9sh6yFzpVsoiGbvTSB',#18,'Pset_BuildingElementProxyCommon',$,(#10053));
#10276=IFCPROPERTYSET('3Ec8iUecSLOSq25bu1ghJQ',#18,'Pset_QuantityTakeOff',$,(#10053));
#10277=IFCRELDEFINESBYPROPERTIES('1Rtm$2iJJwmVf8wmfS77Pt',#18,$,$,(#10274),#10275);
#10278=IFCRELDEFINESBYPROPERTIES('17kIRidhjJn8ShkMJUl4DL',#18,$,$,(#10274),#10276);
#10279=IFCMAPPEDITEM(#9202,#2160);
#10280=IFCSHAPEREPRESENTATION(#24,'Body','MappedRepresentation',(#10279));
#10281=IFCPRODUCTDEFINITIONSHAPE($,$,(#10280));
#10282=IFCCARTESIANPOINT((1.8809046106223317,1.5186983832124723,0.));
#10283=IFCDIRECTION((0.70710769340994784,0.70710586896197047,0.));
#10284=IFCAXIS2PLACEMENT3D(#10282,#9,#10283);
#10285=IFCLOCALPLACEMENT(#46,#10284);
#10286=IFCBUILDINGELEMENTPROXY('2fxe1m6qXBmO9dkTUiIXzS',#18,'Andamio Parametrico:1x1 - Escalera:1675033',$,'Andamio Parametrico:1x1 - Escalera',#10285,#10281,'1675033',$);
#10287=IFCPROPERTYSET('09lUMSynAn7rTxmTd1i43S',#18,'Pset_BuildingElementProxyCommon',$,(#9212));
#10288=IFCPROPERTYSET('37$MXuH0$RKA96owtaV6yO',#18,'Pset_QuantityTakeOff',$,(#9212));
#10289=IFCRELDEFINESBYPROPERTIES('2ypVoNT3$o6L$qwtCsbnxC',#18,$,$,(#10286),#10287);
#10290=IFCRELDEFINESBYPROPERTIES('2Zz$dS9Wb072KQKE9ZuXqq',#18,$,$,(#10286),#10288);
#10291=IFCMAPPEDITEM(#9202,#2160);
#10292=IFCSHAPEREPRESENTATION(#24,'Body','MappedRepresentation',(#10291));
#10293=IFCPRODUCTDEFINITIONSHAPE($,$,(#10292));
#10294=IFCCARTESIANPOINT((0.80610368980018965,2.5935020771955695,0.));
#10295=IFCDIRECTION((-0.70710769340994528,-0.70710586896197303,0.));
#10296=IFCAXIS2PLACEMENT3D(#10294,#9,#10295);
#10297=IFCLOCALPLACEMENT(#46,#10296);
#10298=IFCBUILDINGELEMENTPROXY('2fxe1m6qXBmO9dkTUiIXzV',#18,'Andamio Parametrico:1x1 - Escalera:1675034',$,'Andamio Parametrico:1x1 - Escalera',#10297,#10293,'1675034',$);
#10299=IFCPROPERTYSET('1kaL_AgaHkBS1zKJsNp0em',#18,'Pset_BuildingElementProxyCommon',$,(#9212));
#10300=IFCPROPERTYSET('0ahg6MeV7lpQuFqJMNkbRs',#18,'Pset_QuantityTakeOff',$,(#9212));
#10301=IFCRELDEFINESBYPROPERTIES('2dNRiCwcojEprx0JIr6o7s',#18,$,$,(#10298),#10299);
#10302=IFCRELDEFINESBYPROPERTIES('3v9NlzpzK8SSJllLr4CAeg',#18,$,$,(#10298),#10300);
#10303=IFCMAPPEDITEM(#10039,#2160);
#10304=IFCSHAPEREPRESENTATION(#24,'Body','MappedRepresentation',(#10303));
#10305=IFCPRODUCTDEFINITIONSHAPE($,$,(#10304));
#10306=IFCCARTESIANPOINT((1.0748013437301864,1.2220988462987159,0.));
#10307=IFCAXIS2PLACEMENT3D(#10306,$,$);
#10308=IFCLOCALPLACEMENT(#46,#10307);
#10309=IFCBUILDINGELEMENTPROXY('2fxe1m6qXBmO9dkTUiIXzv',#18,'Cubo Parametrico:Placa Diagonal:1675068',$,'Cubo Parametrico:Placa Diagonal',#10308,#10305,'1675068',$);
#10310=IFCPROPERTYSET('2mtRBUOLnHYGmIaVirOeR_',#18,'Pset_BuildingElementProxyCommon',$,(#10053));
#10311=IFCPROPERTYSET('0_bx$HE7tM7g1JMPvV5WuQ',#18,'Pset_QuantityTakeOff',$,(#10053));
#10312=IFCRELDEFINESBYPROPERTIES('2LATUIZLO4uifw435Pw5UI',#18,$,$,(#10309),#10310);
#10313=IFCRELDEFINESBYPROPERTIES('3doH_9521lWZuTXGruNHdA',#18,$,$,(#10309),#10311);
#10314=IFCMAPPEDITEM(#2157,#2160);
#10315=IFCSHAPEREPRESENTATION(#24,'Body','MappedRepresentation',(#10314));
#10316=IFCPRODUCTDEFINITIONSHAPE($,$,(#10315));
#10317=IFCCARTESIANPOINT((3.4931094583031452,1.5186949167613502,0.));
#10318=IFCDIRECTION((-0.70710586896197614,0.70710769340994217,0.));
#10319=IFCAXIS2PLACEMENT3D(#10317,#9,#10318);
#10320=IFCLOCALPLACEMENT(#38,#10319);
#10321=IFCBUILDINGELEMENTPROXY('2fxe1m6qXBmO9dkTUiIXy1',#18,'Andamio Parametrico:1x1 - Escalera Vertical:1675076',$,'Andamio Parametrico:1x1 - Escalera Vertical',#10320,#10316,'1675076',$);
#10322=IFCPROPERTYSET('1BwuTeWyZMS2yhkKBIX3U9',#18,'Pset_BuildingElementProxyCommon',$,(#2169));
#10323=IFCPROPERTYSET('1dHHWih7XmchwbP82kgGa2',#18,'Pset_QuantityTakeOff',$,(#2169));
#10324=IFCRELDEFINESBYPROPERTIES('0nggj4i6XHD_QQhB75Q1lv',#18,$,$,(#10321),#10322);
#10325=IFCRELDEFINESBYPROPERTIES('0UDi0mpdtuF5I38l0aH4n3',#18,$,$,(#10321),#10323);
#10326=IFCMAPPEDITEM(#10039,#2160);
#10327=IFCSHAPEREPRESENTATION(#24,'Body','MappedRepresentation',(#10326));
#10328=IFCPRODUCTDEFINITIONSHAPE($,$,(#10327));
#10329=IFCCARTESIANPOINT((3.2244087316964074,1.2220960731377983,0.));
#10330=IFCAXIS2PLACEMENT3D(#10329,$,$);
#10331=IFCLOCALPLACEMENT(#38,#10330);
#10332=IFCBUILDINGELEMENTPROXY('2fxe1m6qXBmO9dkTUiIXy$',#18,'Cubo Parametrico:Placa Diagonal:1675130',$,'Cubo Parametrico:Placa Diagonal',#10331,#10328,'1675130',$);
#10333=IFCPROPERTYSET('1Hpj5D0E7BfnJhHeyc3Ro5',#18,'Pset_BuildingElementProxyCommon',$,(#10053));
#10334=IFCPROPERTYSET('0n3r2tvOHwOEd_2E0BuB2D',#18,'Pset_QuantityTakeOff',$,(#10053));
#10335=IFCRELDEFINESBYPROPERTIES('0Hq3CkxXMVecBcD8HjMLCW',#18,$,$,(#10332),#10333);
#10336=IFCRELDEFINESBYPROPERTIES('0pxVnH9ogJJCPKwEB3wU9n',#18,$,$,(#10332),#10334);
#10337=IFCAXIS2PLACEMENT3D(#10352,$,$);
#10339=IFCCARTESIANPOINT((-2.7071678232459818E-016,8.7471005778470444E-031));
#10340=IFCAXIS2PLACEMENT2D(#10339,#11);
#10341=IFCCIRCLEPROFILEDEF(.AREA.,'Tubos',#10340,0.10000000000000001);
#10342=IFCCARTESIANPOINT((1.3626969326382072,2.94049313463398,0.173549982699294));
#10343=IFCDIRECTION((0.80926408754780743,0.58744500730316418,0.));
#10344=IFCAXIS2PLACEMENT3D(#10342,#10343,#10);
#10345=IFCEXTRUDEDAREASOLID(#10341,#10344,#9,1.1935980502194508);
#10346=IFCCOLOURRGB($,0.,0.50196078431372548,1.);
#10347=IFCSURFACESTYLERENDERING(#10346,0.,$,$,$,$,IFCNORMALISEDRATIOMEASURE(0.5),IFCSPECULAREXPONENT(64.),.NOTDEFINED.);
#10348=IFCSURFACESTYLE('AZUL',.BOTH.,(#10347));
#10349=IFCPRESENTATIONSTYLEASSIGNMENT((#10348));
#10350=IFCSTYLEDITEM(#10345,(#10349),$);
#10351=IFCSHAPEREPRESENTATION(#24,'Body','SweptSolid',(#10345));
#10352=IFCCARTESIANPOINT((0.,0.,1.766114419984119));
#10353=IFCAXIS2PLACEMENT3D(#3,$,$);
#10354=IFCREPRESENTATIONMAP(#10353,#10351);
#10355=IFCBUILDINGELEMENTPROXYTYPE('2fxe1m6qXBmO9dkTUiIcQc',#18,'Tubos:Tubos',$,$,$,(#10354),'1686352',$,.NOTDEFINED.);
#10356=IFCMATERIAL('AZUL');
#10357=IFCPRESENTATIONSTYLEASSIGNMENT((#10348));
#10358=IFCSTYLEDITEM($,(#10357),$);
#10359=IFCSTYLEDREPRESENTATION(#22,'Style','Material',(#10358));
#10360=IFCMATERIALDEFINITIONREPRESENTATION($,$,(#10359),#10356);
#10361=IFCMAPPEDITEM(#10354,#2160);
#10362=IFCSHAPEREPRESENTATION(#24,'Body','MappedRepresentation',(#10361));
#10363=IFCPRODUCTDEFINITIONSHAPE($,$,(#10362));
#10364=IFCCARTESIANPOINT((1.3856471366659107,3.3409858136399313,2.9398727771883282));
#10365=IFCDIRECTION((-0.29890094270470347,-0.68481094803477982,0.66459927166823285));
#10366=IFCDIRECTION((-0.90651053004829174,0.42135275326661881,0.026467267070951705));
#10367=IFCAXIS2PLACEMENT3D(#10364,#10365,#10366);
#10368=IFCLOCALPLACEMENT(#34,#10367);
#10369=IFCBUILDINGELEMENTPROXY('2fxe1m6qXBmO9dkTUiIaBO',#18,'Tubos:Tubos:1692317',$,'Tubos:Tubos',#10368,#10363,'1692317',$);
#10370=IFCPROPERTYSINGLEVALUE('Reference',$,IFCIDENTIFIER('Tubos'),$);
#10371=IFCPROPERTYSET('2ksZ5k2E3XUmWfs7BtiPpg',#18,'Pset_BuildingElementProxyCommon',$,(#10370));
#10372=IFCPROPERTYSET('1XAgl6QO46D_VNcuPxmljw',#18,'Pset_QuantityTakeOff',$,(#10370));
#10373=IFCRELDEFINESBYPROPERTIES('1hcuR9x8dKOfNGLN6MG5U9',#18,$,$,(#10369),#10371);
#10374=IFCRELDEFINESBYPROPERTIES('3hcF6h7j1tOAsbNc7zwnsf',#18,$,$,(#10369),#10372);
#10375=IFCAXIS2PLACEMENT3D(#10386,$,$);
#10377=IFCCARTESIANPOINT((-2.7071678232459818E-016,8.7471005778470444E-031));
#10378=IFCAXIS2PLACEMENT2D(#10377,#11);
#10379=IFCCIRCLEPROFILEDEF(.AREA.,'Tubos',#10378,0.10000000000000001);
#10380=IFCCARTESIANPOINT((1.4038667883699147,2.9703783433972495,1.3332751473349576));
#10381=IFCDIRECTION((0.80926408754780743,0.58744500730316418,0.));
#10382=IFCAXIS2PLACEMENT3D(#10380,#10381,#10);
#10383=IFCEXTRUDEDAREASOLID(#10379,#10382,#9,1.0918516453926688);
#10384=IFCSTYLEDITEM(#10383,(#10349),$);
#10385=IFCSHAPEREPRESENTATION(#24,'Body','SweptSolid',(#10383));
#10386=IFCCARTESIANPOINT((0.,0.,0.60638925534845534));
#10387=IFCAXIS2PLACEMENT3D(#3,$,$);
#10388=IFCREPRESENTATIONMAP(#10387,#10385);
#10389=IFCBUILDINGELEMENTPROXYTYPE('2fxe1m6qXBmO9dkTUiIcQY',#18,'Tubos:Tubos',$,$,$,(#10388),'1686352',$,.NOTDEFINED.);
#10390=IFCMAPPEDITEM(#10388,#2160);
#10391=IFCSHAPEREPRESENTATION(#24,'Body','MappedRepresentation',(#10390));
#10392=IFCPRODUCTDEFINITIONSHAPE($,$,(#10391));
#10393=IFCCARTESIANPOINT((-1.5568755098715419,-0.51666405926557923,1.0822684770812365));
#10394=IFCDIRECTION((0.0096683743961469368,0.61970515485291844,0.78477515479610882));
#10395=IFCDIRECTION((0.81061107052804204,-0.46439007046292052,0.35672335891111134));
#10396=IFCAXIS2PLACEMENT3D(#10393,#10394,#10395);
#10397=IFCLOCALPLACEMENT(#34,#10396);
#10398=IFCBUILDINGELEMENTPROXY('2fxe1m6qXBmO9dkTUiIaP$',#18,'Tubos:Tubos:1693242',$,'Tubos:Tubos',#10397,#10392,'1693242',$);
#10399=IFCPROPERTYSET('3gtZe3p0KUdRbvErDcCqc_',#18,'Pset_BuildingElementProxyCommon',$,(#10370));
#10400=IFCPROPERTYSET('0CWnP8aJEb0KJDX_4tjGvw',#18,'Pset_QuantityTakeOff',$,(#10370));
#10401=IFCRELDEFINESBYPROPERTIES('0aQSmPWVuJa51tOj5C7muO',#18,$,$,(#10398),#10399);
#10402=IFCRELDEFINESBYPROPERTIES('3JW5ku8FNNUWFy_bSpJLl4',#18,$,$,(#10398),#10400);
#10403=IFCAXIS2PLACEMENT3D(#10414,$,$);
#10405=IFCCARTESIANPOINT((-2.7071678232459818E-016,8.7471005778470444E-031));
#10406=IFCAXIS2PLACEMENT2D(#10405,#11);
#10407=IFCCIRCLEPROFILEDEF(.AREA.,'Tubos',#10406,0.10000000000000001);
#10408=IFCCARTESIANPOINT((1.2577245973566711,2.8642936897124245,1.6322758501971484));
#10409=IFCDIRECTION((0.80926408754780765,0.58744500730316407,-0.));
#10410=IFCAXIS2PLACEMENT3D(#10408,#10409,#10);
#10411=IFCEXTRUDEDAREASOLID(#10407,#10410,#9,1.4530246994350784);
#10412=IFCSTYLEDITEM(#10411,(#10349),$);
#10413=IFCSHAPEREPRESENTATION(#24,'Body','SweptSolid',(#10411));
#10414=IFCCARTESIANPOINT((0.,0.,0.30738855248626457));
#10415=IFCAXIS2PLACEMENT3D(#3,$,$);
#10416=IFCREPRESENTATIONMAP(#10415,#10413);
#10417=IFCBUILDINGELEMENTPROXYTYPE('2fxe1m6qXBmO9dkTUiIcQj',#18,'Tubos:Tubos',$,$,$,(#10416),'1686352',$,.NOTDEFINED.);
#10418=IFCMAPPEDITEM(#10416,#2160);
#10419=IFCSHAPEREPRESENTATION(#24,'Body','MappedRepresentation',(#10418));
#10420=IFCPRODUCTDEFINITIONSHAPE($,$,(#10419));
#10421=IFCCARTESIANPOINT((-3.9453578107187197,5.283218745593004,0.52046138296647615));
#10422=IFCDIRECTION((0.027246071209803685,-0.72025802017025409,0.69317100053598324));
#10423=IFCDIRECTION((0.20188587712594996,-0.67517457149696958,-0.70949375657645453));
#10424=IFCAXIS2PLACEMENT3D(#10421,#10422,#10423);
#10425=IFCLOCALPLACEMENT(#34,#10424);
#10426=IFCBUILDINGELEMENTPROXY('2fxe1m6qXBmO9dkTUiIap_',#18,'Tubos:Tubos:1694907',$,'Tubos:Tubos',#10425,#10420,'1694907',$);
#10427=IFCPROPERTYSET('3J0UawopGHl2HdgmG4oBHx',#18,'Pset_BuildingElementProxyCommon',$,(#10370));
#10428=IFCPROPERTYSET('0YzzsaC36QxCfUnEFSQLLP',#18,'Pset_QuantityTakeOff',$,(#10370));
#10429=IFCRELDEFINESBYPROPERTIES('1wSToYc8YBLgV6dMDjt3jc',#18,$,$,(#10426),#10427);
#10430=IFCRELDEFINESBYPROPERTIES('1d49JxEHFQSZMX10HCU1W_',#18,$,$,(#10426),#10428);
#10431=IFCAXIS2PLACEMENT3D(#10442,$,$);
#10433=IFCCARTESIANPOINT((-2.7071678232459818E-016,8.7471005778470444E-031));
#10434=IFCAXIS2PLACEMENT2D(#10433,#11);
#10435=IFCCIRCLEPROFILEDEF(.AREA.,'Tubos',#10434,0.10000000000000001);
#10436=IFCCARTESIANPOINT((1.2411326255718382,2.8522495731671698,-4.8646776873155106));
#10437=IFCDIRECTION((0.80926408754780765,0.58744500730316407,-0.));
#10438=IFCAXIS2PLACEMENT3D(#10436,#10437,#10);
#10439=IFCEXTRUDEDAREASOLID(#10435,#10438,#9,1.4940297855129965);
#10440=IFCSTYLEDITEM(#10439,(#10349),$);
#10441=IFCSHAPEREPRESENTATION(#24,'Body','SweptSolid',(#10439));
#10442=IFCCARTESIANPOINT((0.,0.,6.804342089998924));
#10443=IFCAXIS2PLACEMENT3D(#3,$,$);
#10444=IFCREPRESENTATIONMAP(#10443,#10441);
#10445=IFCBUILDINGELEMENTPROXYTYPE('2fxe1m6qXBmO9dkTUiIcQl',#18,'Tubos:Tubos',$,$,$,(#10444),'1686352',$,.NOTDEFINED.);
#10446=IFCMAPPEDITEM(#10444,#2160);
#10447=IFCSHAPEREPRESENTATION(#24,'Body','MappedRepresentation',(#10446));
#10448=IFCPRODUCTDEFINITIONSHAPE($,$,(#10447));
#10449=IFCCARTESIANPOINT((-4.3108187419895225,6.9397948159588863,3.9923111177263548));
#10450=IFCDIRECTION((-0.39905016791679837,0.8185150015827809,-0.41327007594249476));
#10451=IFCDIRECTION((0.91582080290987944,0.33363607991787281,-0.2235155993091727));
#10452=IFCAXIS2PLACEMENT3D(#10449,#10450,#10451);
#10453=IFCLOCALPLACEMENT(#34,#10452);
#10454=IFCBUILDINGELEMENTPROXY('2fxe1m6qXBmO9dkTUiId1a',#18,'Tubos:Tubos:1695777',$,'Tubos:Tubos',#10453,#10448,'1695777',$);
#10455=IFCPROPERTYSET('1CD2W219GZllqj2S1Iu4__',#18,'Pset_BuildingElementProxyCommon',$,(#10370));
#10456=IFCPROPERTYSET('0EswuiA8lpxxwQCh2$yxSF',#18,'Pset_QuantityTakeOff',$,(#10370));
#10457=IFCRELDEFINESBYPROPERTIES('2MvHl89e3ST5BnYtDJrnK$',#18,$,$,(#10454),#10455);
#10458=IFCRELDEFINESBYPROPERTIES('0FOHkh_yIdY5LlW4o60mV6',#18,$,$,(#10454),#10456);
#10459=IFCAXIS2PLACEMENT3D(#10470,$,$);
#10461=IFCCARTESIANPOINT((-2.7071678232459818E-016,8.7471005778470444E-031));
#10462=IFCAXIS2PLACEMENT2D(#10461,#11);
#10463=IFCCIRCLEPROFILEDEF(.AREA.,'Tubos',#10462,0.10000000000000001);
#10464=IFCCARTESIANPOINT((1.4721432047310596,3.0199402114265621,-3.841650137406897));
#10465=IFCDIRECTION((0.80926408754780732,0.5874450073031644,0.));
#10466=IFCAXIS2PLACEMENT3D(#10464,#10465,#10);
#10467=IFCEXTRUDEDAREASOLID(#10463,#10466,#9,0.92311459796472028);
#10468=IFCSTYLEDITEM(#10467,(#10349),$);
#10469=IFCSHAPEREPRESENTATION(#24,'Body','SweptSolid',(#10467));
#10470=IFCCARTESIANPOINT((0.,0.,5.7813145400903103));
#10471=IFCAXIS2PLACEMENT3D(#3,$,$);
#10472=IFCREPRESENTATIONMAP(#10471,#10469);
#10473=IFCBUILDINGELEMENTPROXYTYPE('1RWt3Rffz2MRhkI7Tvrsh2',#18,'Tubos:Tubos',$,$,$,(#10472),'1686352',$,.NOTDEFINED.);
#10474=IFCMAPPEDITEM(#10472,#2160);
#10475=IFCSHAPEREPRESENTATION(#24,'Body','MappedRepresentation',(#10474));
#10476=IFCPRODUCTDEFINITIONSHAPE($,$,(#10475));
#10477=IFCCARTESIANPOINT((-2.7205929528082553,2.8841764182606995,8.6673048951682627));
#10478=IFCDIRECTION((-0.86378908267446453,-0.06837404594464129,0.49919275885530179));
#10479=IFCDIRECTION((-0.40774984926475671,0.6768731989935528,-0.61284805042424895));
#10480=IFCAXIS2PLACEMENT3D(#10477,#10478,#10479);
#10481=IFCLOCALPLACEMENT(#34,#10480);
#10482=IFCBUILDINGELEMENTPROXY('2fxe1m6qXBmO9dkTUiId0E',#18,'Tubos:Tubos:1695819',$,'Tubos:Tubos',#10481,#10476,'1695819',$);
#10483=IFCPROPERTYSET('2GPGiPwyXl5yjl8sRI2Fs6',#18,'Pset_BuildingElementProxyCommon',$,(#10370));
#10484=IFCPROPERTYSET('0FKSR2et6WWku6IBfwM$AF',#18,'Pset_QuantityTakeOff',$,(#10370));
#10485=IFCRELDEFINESBYPROPERTIES('0B8X0XTACie$3XlU2A4MPa',#18,$,$,(#10482),#10483);
#10486=IFCRELDEFINESBYPROPERTIES('2qlZvOrHKk1e1kRGpkJXMZ',#18,$,$,(#10482),#10484);
#10487=IFCAXIS2PLACEMENT3D(#10498,$,$);
#10489=IFCCARTESIANPOINT((-2.7071678232459818E-016,8.7471005778470444E-031));
#10490=IFCAXIS2PLACEMENT2D(#10489,#11);
#10491=IFCCIRCLEPROFILEDEF(.AREA.,'Tubos',#10490,0.10000000000000001);
#10492=IFCCARTESIANPOINT((1.3231285291946024,2.9117704204945984,-3.8951152171883914));
#10493=IFCDIRECTION((0.80926408754780765,0.58744500730316407,-0.));
#10494=IFCAXIS2PLACEMENT3D(#10492,#10493,#10);
#10495=IFCEXTRUDEDAREASOLID(#10491,#10494,#9,1.2913866560712255);
#10496=IFCSTYLEDITEM(#10495,(#10349),$);
#10497=IFCSHAPEREPRESENTATION(#24,'Body','SweptSolid',(#10495));
#10498=IFCCARTESIANPOINT((0.,0.,5.8347796198718038));
#10499=IFCAXIS2PLACEMENT3D(#3,$,$);
#10500=IFCREPRESENTATIONMAP(#10499,#10497);
#10501=IFCBUILDINGELEMENTPROXYTYPE('2fxe1m6qXBmO9dkTUiIcQf',#18,'Tubos:Tubos',$,$,$,(#10500),'1686352',$,.NOTDEFINED.);
#10502=IFCMAPPEDITEM(#10500,#2160);
#10503=IFCSHAPEREPRESENTATION(#24,'Body','MappedRepresentation',(#10502));
#10504=IFCPRODUCTDEFINITIONSHAPE($,$,(#10503));
#10505=IFCCARTESIANPOINT((0.39834972574446004,0.58451562546937041,9.5441820435643017));
#10506=IFCDIRECTION((-0.40069509356584682,-0.65975614845367736,0.63573993627097747));
#10507=IFCDIRECTION((-0.89383535144830462,0.4339045167708207,-0.11307181269957106));
#10508=IFCAXIS2PLACEMENT3D(#10505,#10506,#10507);
#10509=IFCLOCALPLACEMENT(#34,#10508);
#10510=IFCBUILDINGELEMENTPROXY('2fxe1m6qXBmO9dkTUiId3l',#18,'Tubos:Tubos:1695914',$,'Tubos:Tubos',#10509,#10504,'1695914',$);
#10511=IFCPROPERTYSET('0hqbtvwrcu1xpxvnVKJM0W',#18,'Pset_BuildingElementProxyCommon',$,(#10370));
#10512=IFCPROPERTYSET('1bSnttYCrFbIS7RnF7cAUJ',#18,'Pset_QuantityTakeOff',$,(#10370));
#10513=IFCRELDEFINESBYPROPERTIES('21G9SVSFfMnzah16aLa5rW',#18,$,$,(#10510),#10511);
#10514=IFCRELDEFINESBYPROPERTIES('1hmZVssZcbERGauytiLSfy',#18,$,$,(#10510),#10512);
#10515=IFCAXIS2PLACEMENT3D(#10526,$,$);
#10517=IFCCARTESIANPOINT((-2.7071678232459818E-016,8.7471005778470426E-031));
#10518=IFCAXIS2PLACEMENT2D(#10517,#11);
#10519=IFCCIRCLEPROFILEDEF(.AREA.,'Tubos',#10518,0.10000000000000001);
#10520=IFCCARTESIANPOINT((1.3164100797795091,2.9068934963527222,-2.2743332755249996));
#10521=IFCDIRECTION((0.80926408754780743,0.58744500730316429,0.));
#10522=IFCAXIS2PLACEMENT3D(#10520,#10521,#10);
#10523=IFCEXTRUDEDAREASOLID(#10519,#10522,#9,1.3079905052187919);
#10524=IFCSTYLEDITEM(#10523,(#10349),$);
#10525=IFCSHAPEREPRESENTATION(#24,'Body','SweptSolid',(#10523));
#10526=IFCCARTESIANPOINT((0.,0.,4.213997678208413));
#10527=IFCAXIS2PLACEMENT3D(#3,$,$);
#10528=IFCREPRESENTATIONMAP(#10527,#10525);
#10529=IFCBUILDINGELEMENTPROXYTYPE('1RWt3Rffz2MRhkI7Tvrsg6',#18,'Tubos:Tubos',$,$,$,(#10528),'1686352',$,.NOTDEFINED.);
#10530=IFCMAPPEDITEM(#10528,#2160);
#10531=IFCSHAPEREPRESENTATION(#24,'Body','MappedRepresentation',(#10530));
#10532=IFCPRODUCTDEFINITIONSHAPE($,$,(#10531));
#10533=IFCCARTESIANPOINT((-1.4250517948651393,3.801237302296971,6.0196716629433071));
#10534=IFCDIRECTION((-0.1707087402608487,0.88727175148664672,0.42849429985983745));
#10535=IFCDIRECTION((0.8508056303337459,0.35208019293773113,-0.39008885799690207));
#10536=IFCAXIS2PLACEMENT3D(#10533,#10534,#10535);
#10537=IFCLOCALPLACEMENT(#34,#10536);
#10538=IFCBUILDINGELEMENTPROXY('2fxe1m6qXBmO9dkTUiIdJl',#18,'Tubos:Tubos:1696938',$,'Tubos:Tubos',#10537,#10532,'1696938',$);
#10539=IFCPROPERTYSET('0zr_yk3oikc911X1BBcVTw',#18,'Pset_BuildingElementProxyCommon',$,(#10370));
#10540=IFCPROPERTYSET('2Vjwh2w0r3wyB5zcrJFmj1',#18,'Pset_QuantityTakeOff',$,(#10370));
#10541=IFCRELDEFINESBYPROPERTIES('1Lkk6bbHrd3cdzgyktiuvp',#18,$,$,(#10538),#10539);
#10542=IFCRELDEFINESBYPROPERTIES('2w_q_h_wSUHutpJbylUmNk',#18,$,$,(#10538),#10540);
#10543=IFCAXIS2PLACEMENT3D(#10554,$,$);
#10545=IFCCARTESIANPOINT((-2.7071678232459818E-016,8.7471005778470444E-031));
#10546=IFCAXIS2PLACEMENT2D(#10545,#11);
#10547=IFCCIRCLEPROFILEDEF(.AREA.,'Tubos',#10546,0.10000000000000001);
#10548=IFCCARTESIANPOINT((1.3405385664309246,2.9244083709594837,0.93768104616988446));
#10549=IFCDIRECTION((0.80926408754780743,0.58744500730316429,0.));
#10550=IFCAXIS2PLACEMENT3D(#10548,#10549,#10);
#10551=IFCEXTRUDEDAREASOLID(#10547,#10550,#9,1.2483598184684912);
#10552=IFCSTYLEDITEM(#10551,(#10349),$);
#10553=IFCSHAPEREPRESENTATION(#24,'Body','SweptSolid',(#10551));
#10554=IFCCARTESIANPOINT((0.,0.,1.0019833565135285));
#10555=IFCAXIS2PLACEMENT3D(#3,$,$);
#10556=IFCREPRESENTATIONMAP(#10555,#10553);
#10557=IFCBUILDINGELEMENTPROXYTYPE('2fxe1m6qXBmO9dkTUiIcQh',#18,'Tubos:Tubos',$,$,$,(#10556),'1686352',$,.NOTDEFINED.);
#10558=IFCMAPPEDITEM(#10556,#2160);
#10559=IFCSHAPEREPRESENTATION(#24,'Body','MappedRepresentation',(#10558));
#10560=IFCPRODUCTDEFINITIONSHAPE($,$,(#10559));
#10561=IFCCARTESIANPOINT((2.9722891732643082,2.1547169582178398,1.8709011390268862));
#10562=IFCDIRECTION((-0.048435104303442986,0.49560264480702376,0.86719782006840718));
#10563=IFCDIRECTION((-0.40042028033432464,0.78576135336351416,-0.47142623458746924));
#10564=IFCAXIS2PLACEMENT3D(#10561,#10562,#10563);
#10565=IFCLOCALPLACEMENT(#34,#10564);
#10566=IFCBUILDINGELEMENTPROXY('2fxe1m6qXBmO9dkTUiIdPb',#18,'Tubos:Tubos:1697312',$,'Tubos:Tubos',#10565,#10560,'1697312',$);
#10567=IFCPROPERTYSET('2BI8LZ38ji81CcjU3dJChS',#18,'Pset_BuildingElementProxyCommon',$,(#10370));
#10568=IFCPROPERTYSET('1zJAVwHlVG$TtnzKWUQLGr',#18,'Pset_QuantityTakeOff',$,(#10370));
#10569=IFCRELDEFINESBYPROPERTIES('11YDIRWJuuojOdEo3g7NZJ',#18,$,$,(#10566),#10567);
#10570=IFCRELDEFINESBYPROPERTIES('1OrX6suv4sUSygM2j_6R2P',#18,$,$,(#10566),#10568);
#10571=IFCAXIS2PLACEMENT3D(#10582,$,$);
#10573=IFCCARTESIANPOINT((-2.7071678232459818E-016,8.7471005778470444E-031));
#10574=IFCAXIS2PLACEMENT2D(#10573,#11);
#10575=IFCCIRCLEPROFILEDEF(.AREA.,'Tubos',#10574,0.10000000000000001);
#10576=IFCCARTESIANPOINT((1.6098159488047155,3.1198768914204309,-2.6659071597109674));
#10577=IFCDIRECTION((0.80926408754780765,0.58744500730316407,-0.));
#10578=IFCAXIS2PLACEMENT3D(#10576,#10577,#10);
#10579=IFCEXTRUDEDAREASOLID(#10575,#10578,#9,0.58287277532107462);
#10580=IFCSTYLEDITEM(#10579,(#10349),$);
#10581=IFCSHAPEREPRESENTATION(#24,'Body','SweptSolid',(#10579));
#10582=IFCCARTESIANPOINT((0.,0.,4.6055715623943803));
#10583=IFCAXIS2PLACEMENT3D(#3,$,$);
#10584=IFCREPRESENTATIONMAP(#10583,#10581);
#10585=IFCBUILDINGELEMENTPROXYTYPE('2fxe1m6qXBmO9dkTUiIcQg',#18,'Tubos:Tubos',$,$,$,(#10584),'1686352',$,.NOTDEFINED.);
#10586=IFCMAPPEDITEM(#10584,#2160);
#10587=IFCSHAPEREPRESENTATION(#24,'Body','MappedRepresentation',(#10586));
#10588=IFCPRODUCTDEFINITIONSHAPE($,$,(#10587));
#10589=IFCCARTESIANPOINT((-2.5206477538453242,-0.48278404494718269,5.5191078098086477));
#10590=IFCDIRECTION((-0.97938509406551544,0.038213808289229101,0.1983545874899687));
#10591=IFCDIRECTION((0.10565041955148258,0.9338345827695691,0.34174692518321287));
#10592=IFCAXIS2PLACEMENT3D(#10589,#10590,#10591);
#10593=IFCLOCALPLACEMENT(#34,#10592);
#10594=IFCBUILDINGELEMENTPROXY('2fxe1m6qXBmO9dkTUiIdRf',#18,'Tubos:Tubos:1697452',$,'Tubos:Tubos',#10593,#10588,'1697452',$);
#10595=IFCPROPERTYSET('0MGSiM0elmi1FtAuCnZt_B',#18,'Pset_BuildingElementProxyCommon',$,(#10370));
#10596=IFCPROPERTYSET('1fHc2qyWUNsPFkSZi7z97h',#18,'Pset_QuantityTakeOff',$,(#10370));
#10597=IFCRELDEFINESBYPROPERTIES('2sQiVmMHf8ydCrUljOvWN4',#18,$,$,(#10594),#10595);
#10598=IFCRELDEFINESBYPROPERTIES('0SlyymmNvtJj8Q5agtJvOH',#18,$,$,(#10594),#10596);
#10599=IFCAXIS2PLACEMENT3D(#10610,$,$);
#10601=IFCCARTESIANPOINT((-2.7071678232459818E-016,8.7471005778470444E-031));
#10602=IFCAXIS2PLACEMENT2D(#10601,#11);
#10603=IFCCIRCLEPROFILEDEF(.AREA.,'Tubos',#10602,0.10000000000000001);
#10604=IFCCARTESIANPOINT((1.2605113276837665,2.8663165779667557,-4.4056550389627285));
#10605=IFCDIRECTION((0.80926408754780765,0.58744500730316396,-0.));
#10606=IFCAXIS2PLACEMENT3D(#10604,#10605,#10);
#10607=IFCEXTRUDEDAREASOLID(#10603,#10606,#9,1.4461376266736055);
#10608=IFCSTYLEDITEM(#10607,(#10349),$);
#10609=IFCSHAPEREPRESENTATION(#24,'Body','SweptSolid',(#10607));
#10610=IFCCARTESIANPOINT((0.,0.,6.3453194416461418));
#10611=IFCAXIS2PLACEMENT3D(#3,$,$);
#10612=IFCREPRESENTATIONMAP(#10611,#10609);
#10613=IFCBUILDINGELEMENTPROXYTYPE('1RWt3Rffz2MRhkI7Tvrsaz',#18,'Tubos:Tubos',$,$,$,(#10612),'1686352',$,.NOTDEFINED.);
#10614=IFCMAPPEDITEM(#10612,#2160);
#10615=IFCSHAPEREPRESENTATION(#24,'Body','MappedRepresentation',(#10614));
#10616=IFCPRODUCTDEFINITIONSHAPE($,$,(#10615));
#10617=IFCCARTESIANPOINT((-1.3618371565004743,4.7723779572824618,8.1897825512461679));
#10618=IFCDIRECTION((-0.2409450866169735,0.92598600679790677,0.29068089109813577));
#10619=IFCDIRECTION((0.81507911929144083,0.35565185766200486,-0.45733771486359426));
#10620=IFCAXIS2PLACEMENT3D(#10617,#10618,#10619);
#10621=IFCLOCALPLACEMENT(#34,#10620);
#10622=IFCBUILDINGELEMENTPROXY('2fxe1m6qXBmO9dkTUiIdTn',#18,'Tubos:Tubos:1697588',$,'Tubos:Tubos',#10621,#10616,'1697588',$);
#10623=IFCPROPERTYSET('1QosHcVqwb5OEk3qNkT4sc',#18,'Pset_BuildingElementProxyCommon',$,(#10370));
#10624=IFCPROPERTYSET('1JODs$VckFGOTH9Jl6XXF4',#18,'Pset_QuantityTakeOff',$,(#10370));
#10625=IFCRELDEFINESBYPROPERTIES('3KVW9UNQAwp7_oWBzfjgx4',#18,$,$,(#10622),#10623);
#10626=IFCRELDEFINESBYPROPERTIES('3Zbk3blnA2RLreAFiiEyzc',#18,$,$,(#10622),#10624);
#10627=IFCAXIS2PLACEMENT3D(#10638,$,$);
#10629=IFCCARTESIANPOINT((-2.7071678232459843E-016,-7.9515611084880452E-017));
#10630=IFCAXIS2PLACEMENT2D(#10629,#11);
#10631=IFCCIRCLEPROFILEDEF(.AREA.,'Tubos',#10630,0.10000000000000001);
#10632=IFCCARTESIANPOINT((1.0852287511517045,2.7390789110105884,-5.6478765830095261));
#10633=IFCDIRECTION((0.80926408754780754,0.58744500730316407,0.));
#10634=IFCAXIS2PLACEMENT3D(#10632,#10633,#10);
#10635=IFCEXTRUDEDAREASOLID(#10631,#10634,#9,1.8793276797827092);
#10636=IFCSTYLEDITEM(#10635,(#10349),$);
#10637=IFCSHAPEREPRESENTATION(#24,'Body','SweptSolid',(#10635));
#10638=IFCCARTESIANPOINT((0.,0.,7.5875409856929394));
#10639=IFCAXIS2PLACEMENT3D(#3,$,$);
#10640=IFCREPRESENTATIONMAP(#10639,#10637);
#10641=IFCBUILDINGELEMENTPROXYTYPE('1RWt3Rffz2MRhkI7Tvrsb$',#18,'Tubos:Tubos',$,$,$,(#10640),'1686352',$,.NOTDEFINED.);
#10642=IFCMAPPEDITEM(#10640,#2160);
#10643=IFCSHAPEREPRESENTATION(#24,'Body','MappedRepresentation',(#10642));
#10644=IFCPRODUCTDEFINITIONSHAPE($,$,(#10643));
#10645=IFCCARTESIANPOINT((3.407485406145716,0.13368823859281534,9.7563508254085445));
#10646=IFCDIRECTION((0.9579620578916187,0.02460000297410023,0.28583830305564251));
#10647=IFCDIRECTION((0.24285824658111146,-0.59995153969958515,-0.7622847381914748));
#10648=IFCAXIS2PLACEMENT3D(#10645,#10646,#10647);
#10649=IFCLOCALPLACEMENT(#34,#10648);
#10650=IFCBUILDINGELEMENTPROXY('2fxe1m6qXBmO9dkTUiIdU5',#18,'Tubos:Tubos:1697728',$,'Tubos:Tubos',#10649,#10644,'1697728',$);
#10651=IFCPROPERTYSET('0cO6DAWndCZAMZgaljkQAV',#18,'Pset_BuildingElementProxyCommon',$,(#10370));
#10652=IFCPROPERTYSET('3DJfskllxpxnWHsD4wo$U4',#18,'Pset_QuantityTakeOff',$,(#10370));
#10653=IFCRELDEFINESBYPROPERTIES('2P5Eed5PLzbG33JHNd12kI',#18,$,$,(#10650),#10651);
#10654=IFCRELDEFINESBYPROPERTIES('2DkMqgFCrJlGi8AatnF4jo',#18,$,$,(#10650),#10652);
#10655=IFCAXIS2PLACEMENT3D(#10666,$,$);
#10657=IFCCARTESIANPOINT((-2.7071678232459818E-016,8.7471005778470444E-031));
#10658=IFCAXIS2PLACEMENT2D(#10657,#11);
#10659=IFCCIRCLEPROFILEDEF(.AREA.,'Tubos',#10658,0.10000000000000001);
#10660=IFCCARTESIANPOINT((1.4288045088399057,2.9884806410390596,0.57166927722076299));
#10661=IFCDIRECTION((0.80926408754780754,0.58744500730316418,0.));
#10662=IFCAXIS2PLACEMENT3D(#10660,#10661,#10);
#10663=IFCEXTRUDEDAREASOLID(#10659,#10662,#9,1.0302210334485356);
#10664=IFCSTYLEDITEM(#10663,(#10349),$);
#10665=IFCSHAPEREPRESENTATION(#24,'Body','SweptSolid',(#10663));
#10666=IFCCARTESIANPOINT((0.,0.,1.3679951254626499));
#10667=IFCAXIS2PLACEMENT3D(#3,$,$);
#10668=IFCREPRESENTATIONMAP(#10667,#10665);
#10669=IFCBUILDINGELEMENTPROXYTYPE('1RWt3Rffz2MRhkI7Tvrsb_',#18,'Tubos:Tubos',$,$,$,(#10668),'1686352',$,.NOTDEFINED.);
#10670=IFCMAPPEDITEM(#10668,#2160);
#10671=IFCSHAPEREPRESENTATION(#24,'Body','MappedRepresentation',(#10670));
#10672=IFCPRODUCTDEFINITIONSHAPE($,$,(#10671));
#10673=IFCCARTESIANPOINT((-2.639539676276661,2.565782550857687,1.7798393918474178));
#10674=IFCDIRECTION((-0.83187378850297233,-0.46620895456020117,0.30105682302448555));
#10675=IFCDIRECTION((0.52962623063160019,-0.82897174621560099,0.17972729287234163));
#10676=IFCAXIS2PLACEMENT3D(#10673,#10674,#10675);
#10677=IFCLOCALPLACEMENT(#34,#10676);
#10678=IFCBUILDINGELEMENTPROXY('2fxe1m6qXBmO9dkTUiIdXr',#18,'Tubos:Tubos:1697840',$,'Tubos:Tubos',#10677,#10672,'1697840',$);
#10679=IFCPROPERTYSET('1aCaQp25pYOfti1C4sEUWv',#18,'Pset_BuildingElementProxyCommon',$,(#10370));
#10680=IFCPROPERTYSET('1I7zHtEl3dxqX13JDXh1jJ',#18,'Pset_QuantityTakeOff',$,(#10370));
#10681=IFCRELDEFINESBYPROPERTIES('17XuQBwvu36SFHasbmz4XI',#18,$,$,(#10678),#10679);
#10682=IFCRELDEFINESBYPROPERTIES('1OPOTfzJbJUMJyEonvKy1u',#18,$,$,(#10678),#10680);
#10683=IFCAXIS2PLACEMENT3D(#10694,$,$);
#10685=IFCCARTESIANPOINT((-2.7071678232459818E-016,8.7471005778470444E-031));
#10686=IFCAXIS2PLACEMENT2D(#10685,#11);
#10687=IFCCIRCLEPROFILEDEF(.AREA.,'Tubos',#10686,0.10000000000000001);
#10688=IFCCARTESIANPOINT((1.4372641433223501,2.9946214918648764,-2.0834124779666374));
#10689=IFCDIRECTION((0.80926408754780765,0.58744500730316396,-0.));
#10690=IFCAXIS2PLACEMENT3D(#10688,#10689,#10);
#10691=IFCEXTRUDEDAREASOLID(#10687,#10690,#9,1.0093140523712492);
#10692=IFCSTYLEDITEM(#10691,(#10349),$);
#10693=IFCSHAPEREPRESENTATION(#24,'Body','SweptSolid',(#10691));
#10694=IFCCARTESIANPOINT((0.,0.,4.0230768806500503));
#10695=IFCAXIS2PLACEMENT3D(#3,$,$);
#10696=IFCREPRESENTATIONMAP(#10695,#10693);
#10697=IFCBUILDINGELEMENTPROXYTYPE('1RWt3Rffz2MRhkI7Tvrsg0',#18,'Tubos:Tubos',$,$,$,(#10696),'1686352',$,.NOTDEFINED.);
#10698=IFCMAPPEDITEM(#10696,#2160);
#10699=IFCSHAPEREPRESENTATION(#24,'Body','MappedRepresentation',(#10698));
#10700=IFCPRODUCTDEFINITIONSHAPE($,$,(#10699));
#10701=IFCCARTESIANPOINT((-1.4127490019990112,1.010928119039064,5.998835290885161));
#10702=IFCDIRECTION((-0.83588752258213939,-0.24516657511218001,0.49110630217831375));
#10703=IFCDIRECTION((-0.40905779689264826,0.8748289931772657,-0.25951098531234562));
#10704=IFCAXIS2PLACEMENT3D(#10701,#10702,#10703);
#10705=IFCLOCALPLACEMENT(#34,#10704);
#10706=IFCBUILDINGELEMENTPROXY('2fxe1m6qXBmO9dkTUiIdj3',#18,'Tubos:Tubos:1698566',$,'Tubos:Tubos',#10705,#10700,'1698566',$);
#10707=IFCPROPERTYSET('0VDKtBdR97TGqdeGdZ_ldU',#18,'Pset_BuildingElementProxyCommon',$,(#10370));
#10708=IFCPROPERTYSET('2pB9BSNe8nrbV8$0A8JYBb',#18,'Pset_QuantityTakeOff',$,(#10370));
#10709=IFCRELDEFINESBYPROPERTIES('35ha$gO5bezOgMiHyuhsAO',#18,$,$,(#10706),#10707);
#10710=IFCRELDEFINESBYPROPERTIES('2Mo0_ilvWeoD$3UZZYtiUZ',#18,$,$,(#10706),#10708);
#10711=IFCAXIS2PLACEMENT3D(#10722,$,$);
#10713=IFCCARTESIANPOINT((-2.7071678232459818E-016,8.7471005778470426E-031));
#10714=IFCAXIS2PLACEMENT2D(#10713,#11);
#10715=IFCCIRCLEPROFILEDEF(.AREA.,'Tubos',#10714,0.10000000000000001);
#10716=IFCCARTESIANPOINT((1.2302862985823901,2.8443762216425319,-0.87888486940806732));
#10717=IFCDIRECTION((0.80926408754780743,0.58744500730316429,0.));
#10718=IFCAXIS2PLACEMENT3D(#10716,#10717,#10);
#10719=IFCEXTRUDEDAREASOLID(#10715,#10718,#9,1.520835193429505);
#10720=IFCSTYLEDITEM(#10719,(#10349),$);
#10721=IFCSHAPEREPRESENTATION(#24,'Body','SweptSolid',(#10719));
#10722=IFCCARTESIANPOINT((0.,0.,2.8185492720914804));
#10723=IFCAXIS2PLACEMENT3D(#3,$,$);
#10724=IFCREPRESENTATIONMAP(#10723,#10721);
#10725=IFCBUILDINGELEMENTPROXYTYPE('2fxe1m6qXBmO9dkTUiIcQm',#18,'Tubos:Tubos',$,$,$,(#10724),'1686352',$,.NOTDEFINED.);
#10726=IFCMAPPEDITEM(#10724,#2160);
#10727=IFCSHAPEREPRESENTATION(#24,'Body','MappedRepresentation',(#10726));
#10728=IFCPRODUCTDEFINITIONSHAPE($,$,(#10727));
#10729=IFCCARTESIANPOINT((2.1195998337227278,5.5965775875811534,5.6355568633330178));
#10730=IFCDIRECTION((0.025157246034793416,-0.021465489472542076,0.9994530232750557));
#10731=IFCDIRECTION((-0.98618783789878472,-0.16425603967282915,0.021295581971824858));
#10732=IFCAXIS2PLACEMENT3D(#10729,#10730,#10731);
#10733=IFCLOCALPLACEMENT(#34,#10732);
#10734=IFCBUILDINGELEMENTPROXY('2fxe1m6qXBmO9dkTUiIdtl',#18,'Tubos:Tubos:1699242',$,'Tubos:Tubos',#10733,#10728,'1699242',$);
#10735=IFCPROPERTYSET('1nCWVRcCfEHXmwCxx042VL',#18,'Pset_BuildingElementProxyCommon',$,(#10370));
#10736=IFCPROPERTYSET('12mgbYza1UeSEugu6FQhpj',#18,'Pset_QuantityTakeOff',$,(#10370));
#10737=IFCRELDEFINESBYPROPERTIES('18WZeD7JLq4QKdPD0fIjIF',#18,$,$,(#10734),#10735);
#10738=IFCRELDEFINESBYPROPERTIES('2eTq5a48PC1taNVOo9Z$wf',#18,$,$,(#10734),#10736);
#10739=IFCAXIS2PLACEMENT3D(#10750,$,$);
#10741=IFCCARTESIANPOINT((-2.7071678232459818E-016,8.7471005778470444E-031));
#10742=IFCAXIS2PLACEMENT2D(#10741,#11);
#10743=IFCCIRCLEPROFILEDEF(.AREA.,'Tubos',#10742,0.10000000000000001);
#10744=IFCCARTESIANPOINT((1.2345952229968506,2.8475040709726462,1.7009367517768568));
#10745=IFCDIRECTION((0.80926408754780765,0.58744500730316407,-0.));
#10746=IFCAXIS2PLACEMENT3D(#10744,#10745,#10);
#10747=IFCEXTRUDEDAREASOLID(#10743,#10746,#9,1.5101861989151975);
#10748=IFCSTYLEDITEM(#10747,(#10349),$);
#10749=IFCSHAPEREPRESENTATION(#24,'Body','SweptSolid',(#10747));
#10750=IFCCARTESIANPOINT((0.,0.,0.23872765090655607));
#10751=IFCAXIS2PLACEMENT3D(#3,$,$);
#10752=IFCREPRESENTATIONMAP(#10751,#10749);
#10753=IFCBUILDINGELEMENTPROXYTYPE('1RWt3Rffz2MRhkI7Tvrsa_',#18,'Tubos:Tubos',$,$,$,(#10752),'1686352',$,.NOTDEFINED.);
#10754=IFCMAPPEDITEM(#10752,#2160);
#10755=IFCSHAPEREPRESENTATION(#24,'Body','MappedRepresentation',(#10754));
#10756=IFCPRODUCTDEFINITIONSHAPE($,$,(#10755));
#10757=IFCCARTESIANPOINT((1.473404614218641,0.91728734880952667,0.2390646354523405));
#10758=IFCDIRECTION((-0.040714060396168324,0.99916984177454993,0.0014115857317102667));
#10759=IFCDIRECTION((-0.84136737861801114,-0.035045881024760257,0.53932617257152904));
#10760=IFCAXIS2PLACEMENT3D(#10757,#10758,#10759);
#10761=IFCLOCALPLACEMENT(#34,#10760);
#10762=IFCBUILDINGELEMENTPROXY('2fxe1m6qXBmO9dkTUiIdv9',#18,'Tubos:Tubos:1699340',$,'Tubos:Tubos',#10761,#10756,'1699340',$);
#10763=IFCPROPERTYSET('1G9dbcFiuPK1yC$nTaZd$R',#18,'Pset_BuildingElementProxyCommon',$,(#10370));
#10764=IFCPROPERTYSET('1A4cLWGZfwj2n2wp9kViQu',#18,'Pset_QuantityTakeOff',$,(#10370));
#10765=IFCRELDEFINESBYPROPERTIES('0sN4kPI1Ub4vnEulfJEiNN',#18,$,$,(#10762),#10763);
#10766=IFCRELDEFINESBYPROPERTIES('17OLvuJ0OwIFZn7WKf8f2H',#18,$,$,(#10762),#10764);
#10767=IFCAXIS2PLACEMENT3D(#10778,$,$);
#10769=IFCCARTESIANPOINT((-2.7071678232459818E-016,8.7471005778470444E-031));
#10770=IFCAXIS2PLACEMENT2D(#10769,#11);
#10771=IFCCIRCLEPROFILEDEF(.AREA.,'Tubos',#10770,0.10000000000000001);
#10772=IFCCARTESIANPOINT((1.5197004497865902,3.0544620277271206,-1.6460378999447458));
#10773=IFCDIRECTION((0.80926408754780754,0.58744500730316407,0.));
#10774=IFCAXIS2PLACEMENT3D(#10772,#10773,#10);
#10775=IFCEXTRUDEDAREASOLID(#10771,#10774,#9,0.80558251965481342);
#10776=IFCSTYLEDITEM(#10775,(#10349),$);
#10777=IFCSHAPEREPRESENTATION(#24,'Body','SweptSolid',(#10775));
#10778=IFCCARTESIANPOINT((0.,0.,3.5857023026281589));
#10779=IFCAXIS2PLACEMENT3D(#3,$,$);
#10780=IFCREPRESENTATIONMAP(#10779,#10777);
#10781=IFCBUILDINGELEMENTPROXYTYPE('2fxe1m6qXBmO9dkTUiIcQo',#18,'Tubos:Tubos',$,$,$,(#10780),'1686352',$,.NOTDEFINED.);
#10782=IFCMAPPEDITEM(#10780,#2160);
#10783=IFCSHAPEREPRESENTATION(#24,'Body','MappedRepresentation',(#10782));
#10784=IFCPRODUCTDEFINITIONSHAPE($,$,(#10783));
#10785=IFCCARTESIANPOINT((-0.011916367319467604,-0.62954228709225601,0.94457387434560647));
#10786=IFCDIRECTION((-0.57074367108183754,0.36292305032355671,-0.73657214274222482));
#10787=IFCDIRECTION((-0.54700988576095999,0.50095563778000074,0.67068892480509468));
#10788=IFCAXIS2PLACEMENT3D(#10785,#10786,#10787);
#10789=IFCLOCALPLACEMENT(#34,#10788);
#10790=IFCBUILDINGELEMENTPROXY('2fxe1m6qXBmO9dkTUiIdub',#18,'Tubos:Tubos:1699424',$,'Tubos:Tubos',#10789,#10784,'1699424',$);
#10791=IFCPROPERTYSET('3kNdEMdvwJ5DYGWnsPa7Y7',#18,'Pset_BuildingElementProxyCommon',$,(#10370));
#10792=IFCPROPERTYSET('2UBSv7wUBocYRAqZCy7y1g',#18,'Pset_QuantityTakeOff',$,(#10370));
#10793=IFCRELDEFINESBYPROPERTIES('2zVW1ear0EQRPBuUTo03hf',#18,$,$,(#10790),#10791);
#10794=IFCRELDEFINESBYPROPERTIES('0RwHVjKn3MCT4nGwp1v84U',#18,$,$,(#10790),#10792);
#10795=IFCAXIS2PLACEMENT3D(#10806,$,$);
#10797=IFCCARTESIANPOINT((-2.7071678232459818E-016,8.7471005778470444E-031));
#10798=IFCAXIS2PLACEMENT2D(#10797,#11);
#10799=IFCCIRCLEPROFILEDEF(.AREA.,'Tubos',#10798,0.10000000000000001);
#10800=IFCCARTESIANPOINT((1.2467650737771883,2.8563381687542448,0.73213295512106102));
#10801=IFCDIRECTION((0.80926408754780743,0.58744500730316418,0.));
#10802=IFCAXIS2PLACEMENT3D(#10800,#10801,#10);
#10803=IFCEXTRUDEDAREASOLID(#10799,#10802,#9,1.4801098592688533);
#10804=IFCSTYLEDITEM(#10803,(#10349),$);
#10805=IFCSHAPEREPRESENTATION(#24,'Body','SweptSolid',(#10803));
#10806=IFCCARTESIANPOINT((0.,0.,1.207531447562352));
#10807=IFCAXIS2PLACEMENT3D(#3,$,$);
#10808=IFCREPRESENTATIONMAP(#10807,#10805);
#10809=IFCBUILDINGELEMENTPROXYTYPE('2fxe1m6qXBmO9dkTUiIcQz',#18,'Tubos:Tubos',$,$,$,(#10808),'1686352',$,.NOTDEFINED.);
#10810=IFCMAPPEDITEM(#10808,#2160);
#10811=IFCSHAPEREPRESENTATION(#24,'Body','MappedRepresentation',(#10810));
#10812=IFCPRODUCTDEFINITIONSHAPE($,$,(#10811));
#10813=IFCCARTESIANPOINT((-1.4488855212097853,-0.73582785514729954,1.6454814052910576));
#10814=IFCDIRECTION((-0.52287157363121728,0.77140589962742412,0.36268203085956618));
#10815=IFCDIRECTION((0.46638935107144042,-0.097244369188786012,0.87921812189480941));
#10816=IFCAXIS2PLACEMENT3D(#10813,#10814,#10815);
#10817=IFCLOCALPLACEMENT(#34,#10816);
#10818=IFCBUILDINGELEMENTPROXY('2fxe1m6qXBmO9dkTUiIdyK',#18,'Tubos:Tubos:1699665',$,'Tubos:Tubos',#10817,#10812,'1699665',$);
#10819=IFCPROPERTYSET('3SW_rVLKvKAQvjrRmKt4Yp',#18,'Pset_BuildingElementProxyCommon',$,(#10370));
#10820=IFCPROPERTYSET('3RY2YjLKPZn3JbgwsxwzU$',#18,'Pset_QuantityTakeOff',$,(#10370));
#10821=IFCRELDEFINESBYPROPERTIES('2f7p0aznePrFsrkEThCdeG',#18,$,$,(#10818),#10819);
#10822=IFCRELDEFINESBYPROPERTIES('1WAbcf5vlZbTYWrAiZVnqy',#18,$,$,(#10818),#10820);
#10823=IFCAXIS2PLACEMENT3D(#10834,$,$);
#10825=IFCCARTESIANPOINT((-2.7071678232459818E-016,8.7471005778470444E-031));
#10826=IFCAXIS2PLACEMENT2D(#10825,#11);
#10827=IFCCIRCLEPROFILEDEF(.AREA.,'Tubos',#10826,0.10000000000000001);
#10828=IFCCARTESIANPOINT((1.2660731618882539,2.8703539148326165,-1.860500583106641));
#10829=IFCDIRECTION((0.80926408754780754,0.58744500730316407,0.));
#10830=IFCAXIS2PLACEMENT3D(#10828,#10829,#10);
#10831=IFCEXTRUDEDAREASOLID(#10827,#10830,#9,1.432392214539131);
#10832=IFCSTYLEDITEM(#10831,(#10349),$);
#10833=IFCSHAPEREPRESENTATION(#24,'Body','SweptSolid',(#10831));
#10834=IFCCARTESIANPOINT((0.,0.,3.8001649857900541));
#10835=IFCAXIS2PLACEMENT3D(#3,$,$);
#10836=IFCREPRESENTATIONMAP(#10835,#10833);
#10837=IFCBUILDINGELEMENTPROXYTYPE('1RWt3Rffz2MRhkI7Tvrsg2',#18,'Tubos:Tubos',$,$,$,(#10836),'1686352',$,.NOTDEFINED.);
#10838=IFCMAPPEDITEM(#10836,#2160);
#10839=IFCSHAPEREPRESENTATION(#24,'Body','MappedRepresentation',(#10838));
#10840=IFCPRODUCTDEFINITIONSHAPE($,$,(#10839));
#10841=IFCCARTESIANPOINT((-0.23659464385878179,4.3510129956181487,5.0816554188757612));
#10842=IFCDIRECTION((-0.85417976403140894,0.39580274872510757,0.33721968332364016));
#10843=IFCDIRECTION((-0.096670694432292481,0.51634108124896128,-0.85090931635082723));
#10844=IFCAXIS2PLACEMENT3D(#10841,#10842,#10843);
#10845=IFCLOCALPLACEMENT(#34,#10844);
#10846=IFCBUILDINGELEMENTPROXY('2fxe1m6qXBmO9dkTUiIcUp',#18,'Tubos:Tubos:1701878',$,'Tubos:Tubos',#10845,#10840,'1701878',$);
#10847=IFCPROPERTYSET('2XphjiLl8D6HAl_w1gtw8i',#18,'Pset_BuildingElementProxyCommon',$,(#10370));
#10848=IFCPROPERTYSET('1f6lH$PGCilyRV0X3WQ$BV',#18,'Pset_QuantityTakeOff',$,(#10370));
#10849=IFCRELDEFINESBYPROPERTIES('0g6qt3H3lL3cSHA$RX2RG9',#18,$,$,(#10846),#10847);
#10850=IFCRELDEFINESBYPROPERTIES('1NGwXM0crNCmB1AYslcUsT',#18,$,$,(#10846),#10848);
#10851=IFCMAPPEDITEM(#9202,#2160);
#10852=IFCSHAPEREPRESENTATION(#24,'Body','MappedRepresentation',(#10851));
#10853=IFCPRODUCTDEFINITIONSHAPE($,$,(#10852));
#10854=IFCCARTESIANPOINT((2.9557076113115834,-1.5187032362441031,0.));
#10855=IFCDIRECTION((-0.70710586896197425,0.70710769340994406,0.));
#10856=IFCAXIS2PLACEMENT3D(#10854,#9,#10855);
#10857=IFCLOCALPLACEMENT(#34,#10856);
#10858=IFCBUILDINGELEMENTPROXY('3VQpRo4$f198haVzSg9ZWs',#18,'Andamio Parametrico:1x1 - Escalera:1707836',$,'Andamio Parametrico:1x1 - Escalera',#10857,#10853,'1707836',$);
#10859=IFCPROPERTYSET('2hygW7QUEn85ptsHFcpjiK',#18,'Pset_BuildingElementProxyCommon',$,(#9212));
#10860=IFCPROPERTYSET('04$NzK075P2h2cycileDGf',#18,'Pset_QuantityTakeOff',$,(#9212));
#10861=IFCRELDEFINESBYPROPERTIES('2QOUtffU1uRdgU13RtuQq6',#18,$,$,(#10858),#10859);
#10862=IFCRELDEFINESBYPROPERTIES('2C1yYzRMNuNJ44YDN8Hrtc',#18,$,$,(#10858),#10860);
#10863=IFCMAPPEDITEM(#9202,#2160);
#10864=IFCSHAPEREPRESENTATION(#24,'Body','MappedRepresentation',(#10863));
#10865=IFCPRODUCTDEFINITIONSHAPE($,$,(#10864));
#10866=IFCCARTESIANPOINT((1.8809053039089256,-1.5187018496636477,0.));
#10867=IFCDIRECTION((-0.70710586896197425,0.70710769340994406,0.));
#10868=IFCAXIS2PLACEMENT3D(#10866,#9,#10867);
#10869=IFCLOCALPLACEMENT(#34,#10868);
#10870=IFCBUILDINGELEMENTPROXY('3VQpRo4$f198haVzSg9ZWt',#18,'Andamio Parametrico:1x1 - Escalera:1707837',$,'Andamio Parametrico:1x1 - Escalera',#10869,#10865,'1707837',$);
#10871=IFCPROPERTYSET('3lzouFjyIyoiQFeT1eBG6k',#18,'Pset_BuildingElementProxyCommon',$,(#9212));
#10872=IFCPROPERTYSET('08DUStXiQnS2g_3hz8A45l',#18,'Pset_QuantityTakeOff',$,(#9212));
#10873=IFCRELDEFINESBYPROPERTIES('2jMnTVlHl8AK_C1qVQdR2d',#18,$,$,(#10870),#10871);
#10874=IFCRELDEFINESBYPROPERTIES('0lV2WNsy3o14VXf7EfdzBg',#18,$,$,(#10870),#10872);
#10875=IFCMAPPEDITEM(#9202,#2160);
#10876=IFCSHAPEREPRESENTATION(#24,'Body','MappedRepresentation',(#10875));
#10877=IFCPRODUCTDEFINITIONSHAPE($,$,(#10876));
#10878=IFCCARTESIANPOINT((0.80610299650626593,-1.5187004630831937,0.));
#10879=IFCDIRECTION((-0.70710586896197425,0.70710769340994406,0.));
#10880=IFCAXIS2PLACEMENT3D(#10878,#9,#10879);
#10881=IFCLOCALPLACEMENT(#34,#10880);
#10882=IFCBUILDINGELEMENTPROXY('3VQpRo4$f198haVzSg9ZWq',#18,'Andamio Parametrico:1x1 - Escalera:1707838',$,'Andamio Parametrico:1x1 - Escalera',#10881,#10877,'1707838',$);
#10883=IFCPROPERTYSET('0mP1jBmmfSG$jzy4sE3wLv',#18,'Pset_BuildingElementProxyCommon',$,(#9212));
#10884=IFCPROPERTYSET('1bOgraDCWNfHpYW2beVaKc',#18,'Pset_QuantityTakeOff',$,(#9212));
#10885=IFCRELDEFINESBYPROPERTIES('1kcBZo5kvkpTi$6ZvPB38u',#18,$,$,(#10882),#10883);
#10886=IFCRELDEFINESBYPROPERTIES('2fL2JRA3VJSZNtsyLl_tLt',#18,$,$,(#10882),#10884);
#10887=IFCMAPPEDITEM(#9202,#2160);
#10888=IFCSHAPEREPRESENTATION(#24,'Body','MappedRepresentation',(#10887));
#10889=IFCPRODUCTDEFINITIONSHAPE($,$,(#10888));
#10890=IFCCARTESIANPOINT((-0.26869931089639393,-1.5186990765027391,0.));
#10891=IFCDIRECTION((-0.70710586896197425,0.70710769340994406,0.));
#10892=IFCAXIS2PLACEMENT3D(#10890,#9,#10891);
#10893=IFCLOCALPLACEMENT(#34,#10892);
#10894=IFCBUILDINGELEMENTPROXY('3VQpRo4$f198haVzSg9ZWr',#18,'Andamio Parametrico:1x1 - Escalera:1707839',$,'Andamio Parametrico:1x1 - Escalera',#10893,#10889,'1707839',$);
#10895=IFCPROPERTYSET('1A_A_nskCM$1IXTIM2PJel',#18,'Pset_BuildingElementProxyCommon',$,(#9212));
#10896=IFCPROPERTYSET('35mBRMi_0XA7pGiKa8oBa4',#18,'Pset_QuantityTakeOff',$,(#9212));
#10897=IFCRELDEFINESBYPROPERTIES('0ESc6FRyxWuQaLEXunkwPu',#18,$,$,(#10894),#10895);
#10898=IFCRELDEFINESBYPROPERTIES('2oJRSJg2i5lKNjnRops2hL',#18,$,$,(#10894),#10896);
#10899=IFCMAPPEDITEM(#9202,#2160);
#10900=IFCSHAPEREPRESENTATION(#24,'Body','MappedRepresentation',(#10899));
#10901=IFCPRODUCTDEFINITIONSHAPE($,$,(#10900));
#10902=IFCCARTESIANPOINT((-1.3435016182990518,-1.518697689922285,0.));
#10903=IFCDIRECTION((-0.70710586896197425,0.70710769340994406,0.));
#10904=IFCAXIS2PLACEMENT3D(#10902,#9,#10903);
#10905=IFCLOCALPLACEMENT(#34,#10904);
#10906=IFCBUILDINGELEMENTPROXY('3VQpRo4$f198haVzSg9ZXA',#18,'Andamio Parametrico:1x1 - Escalera:1707840',$,'Andamio Parametrico:1x1 - Escalera',#10905,#10901,'1707840',$);
#10907=IFCPROPERTYSET('3wR5tmeFhIJstudTuS1iUb',#18,'Pset_BuildingElementProxyCommon',$,(#9212));
#10908=IFCPROPERTYSET('2R7pTpthod_y2A8dmJ9Cdd',#18,'Pset_QuantityTakeOff',$,(#9212));
#10909=IFCRELDEFINESBYPROPERTIES('3CvFiLlR6dIYfUjxqUuCzz',#18,$,$,(#10906),#10907);
#10910=IFCRELDEFINESBYPROPERTIES('21yeW6sqznHO22kiPwEupd',#18,$,$,(#10906),#10908);
#10911=IFCMAPPEDITEM(#9202,#2160);
#10912=IFCSHAPEREPRESENTATION(#24,'Body','MappedRepresentation',(#10911));
#10913=IFCPRODUCTDEFINITIONSHAPE($,$,(#10912));
#10914=IFCCARTESIANPOINT((-2.4183039257017094,-1.518696303341831,0.));
#10915=IFCDIRECTION((-0.70710586896197425,0.70710769340994406,0.));
#10916=IFCAXIS2PLACEMENT3D(#10914,#9,#10915);
#10917=IFCLOCALPLACEMENT(#34,#10916);
#10918=IFCBUILDINGELEMENTPROXY('3VQpRo4$f198haVzSg9ZXB',#18,'Andamio Parametrico:1x1 - Escalera:1707841',$,'Andamio Parametrico:1x1 - Escalera',#10917,#10913,'1707841',$);
#10919=IFCPROPERTYSET('2osJd8Perz0gpoI_bS2afd',#18,'Pset_BuildingElementProxyCommon',$,(#9212));
#10920=IFCPROPERTYSET('0WseodccLQMMcVZSKaZEvR',#18,'Pset_QuantityTakeOff',$,(#9212));
#10921=IFCRELDEFINESBYPROPERTIES('0Jv8afPEFFL32nvdwhtJ5r',#18,$,$,(#10918),#10919);
#10922=IFCRELDEFINESBYPROPERTIES('0dPmGNeZvgQ3c5aqtjn1GN',#18,$,$,(#10918),#10920);
#10923=IFCMAPPEDITEM(#9202,#2160);
#10924=IFCSHAPEREPRESENTATION(#24,'Body','MappedRepresentation',(#10923));
#10925=IFCPRODUCTDEFINITIONSHAPE($,$,(#10924));
#10926=IFCCARTESIANPOINT((-3.4931062331043692,-1.5186949167613755,0.));
#10927=IFCDIRECTION((-0.70710586896197425,0.70710769340994406,0.));
#10928=IFCAXIS2PLACEMENT3D(#10926,#9,#10927);
#10929=IFCLOCALPLACEMENT(#34,#10928);
#10930=IFCBUILDINGELEMENTPROXY('3VQpRo4$f198haVzSg9ZX8',#18,'Andamio Parametrico:1x1 - Escalera:1707842',$,'Andamio Parametrico:1x1 - Escalera',#10929,#10925,'1707842',$);
#10931=IFCPROPERTYSET('1OGuHDmiB2sLPCK83XWG$$',#18,'Pset_BuildingElementProxyCommon',$,(#9212));
#10932=IFCPROPERTYSET('05qbmfDKSmPk4fdJPTOFOg',#18,'Pset_QuantityTakeOff',$,(#9212));
#10933=IFCRELDEFINESBYPROPERTIES('3ytp3SvIzgoND1JopTv0jd',#18,$,$,(#10930),#10931);
#10934=IFCRELDEFINESBYPROPERTIES('0JRILGmjyn4qxcM6BO7o9I',#18,$,$,(#10930),#10932);
#10935=IFCMAPPEDITEM(#9202,#2160);
#10936=IFCSHAPEREPRESENTATION(#24,'Body','MappedRepresentation',(#10935));
#10937=IFCPRODUCTDEFINITIONSHAPE($,$,(#10936));
#10938=IFCCARTESIANPOINT((1.8809039173284716,-2.5935041570663055,0.));
#10939=IFCDIRECTION((-0.70710586896197425,0.70710769340994406,0.));
#10940=IFCAXIS2PLACEMENT3D(#10938,#9,#10939);
#10941=IFCLOCALPLACEMENT(#34,#10940);
#10942=IFCBUILDINGELEMENTPROXY('3VQpRo4$f198haVzSg9ZXE',#18,'Andamio Parametrico:1x1 - Escalera:1707844',$,'Andamio Parametrico:1x1 - Escalera',#10941,#10937,'1707844',$);
#10943=IFCPROPERTYSET('07RZYKI2sQZGX6vvXj8afu',#18,'Pset_BuildingElementProxyCommon',$,(#9212));
#10944=IFCPROPERTYSET('2C2Akgzt9DslAbJuGWjeaB',#18,'Pset_QuantityTakeOff',$,(#9212));
#10945=IFCRELDEFINESBYPROPERTIES('2N$CWkyQGljEaUk$yRQrvN',#18,$,$,(#10942),#10943);
#10946=IFCRELDEFINESBYPROPERTIES('2NiCVLHYfzLsNJ$n2$_ajX',#18,$,$,(#10942),#10944);
#10947=IFCMAPPEDITEM(#9202,#2160);
#10948=IFCSHAPEREPRESENTATION(#24,'Body','MappedRepresentation',(#10947));
#10949=IFCPRODUCTDEFINITIONSHAPE($,$,(#10948));
#10950=IFCCARTESIANPOINT((0.80610160992581192,-2.5935027704858502,0.));
#10951=IFCDIRECTION((-0.70710586896197425,0.70710769340994406,0.));
#10952=IFCAXIS2PLACEMENT3D(#10950,#9,#10951);
#10953=IFCLOCALPLACEMENT(#34,#10952);
#10954=IFCBUILDINGELEMENTPROXY('3VQpRo4$f198haVzSg9ZXF',#18,'Andamio Parametrico:1x1 - Escalera:1707845',$,'Andamio Parametrico:1x1 - Escalera',#10953,#10949,'1707845',$);
#10955=IFCPROPERTYSET('1xMPSDlvt4_4QHpFoY2XQI',#18,'Pset_BuildingElementProxyCommon',$,(#9212));
#10956=IFCPROPERTYSET('1hU1y1J5HlcjK8kycwYve5',#18,'Pset_QuantityTakeOff',$,(#9212));
#10957=IFCRELDEFINESBYPROPERTIES('31ZM_TQTVa9oj8AzV2WOuI',#18,$,$,(#10954),#10955);
#10958=IFCRELDEFINESBYPROPERTIES('3l$fEfahZBHcHMgb1$9ENG',#18,$,$,(#10954),#10956);
#10959=IFCMAPPEDITEM(#9202,#2160);
#10960=IFCSHAPEREPRESENTATION(#24,'Body','MappedRepresentation',(#10959));
#10961=IFCPRODUCTDEFINITIONSHAPE($,$,(#10960));
#10962=IFCCARTESIANPOINT((-0.26870069747684799,-2.5935013839053953,0.));
#10963=IFCDIRECTION((-0.70710586896197425,0.70710769340994406,0.));
#10964=IFCAXIS2PLACEMENT3D(#10962,#9,#10963);
#10965=IFCLOCALPLACEMENT(#34,#10964);
#10966=IFCBUILDINGELEMENTPROXY('3VQpRo4$f198haVzSg9ZXC',#18,'Andamio Parametrico:1x1 - Escalera:1707846',$,'Andamio Parametrico:1x1 - Escalera',#10965,#10961,'1707846',$);
#10967=IFCPROPERTYSET('05C6EuoCpn9L7yPDPKHnaE',#18,'Pset_BuildingElementProxyCommon',$,(#9212));
#10968=IFCPROPERTYSET('0IwKW1mUHrn5EEl8aO4adJ',#18,'Pset_QuantityTakeOff',$,(#9212));
#10969=IFCRELDEFINESBYPROPERTIES('1Q6JG1giYQSrb9Hk74Mu_q',#18,$,$,(#10966),#10967);
#10970=IFCRELDEFINESBYPROPERTIES('13PKf_ZGV6INlO2mKcCKoS',#18,$,$,(#10966),#10968);
#10971=IFCMAPPEDITEM(#9202,#2160);
#10972=IFCSHAPEREPRESENTATION(#24,'Body','MappedRepresentation',(#10971));
#10973=IFCPRODUCTDEFINITIONSHAPE($,$,(#10972));
#10974=IFCCARTESIANPOINT((-1.343503004879508,-2.5934999973249417,0.));
#10975=IFCDIRECTION((-0.70710586896197425,0.70710769340994406,0.));
#10976=IFCAXIS2PLACEMENT3D(#10974,#9,#10975);
#10977=IFCLOCALPLACEMENT(#34,#10976);
#10978=IFCBUILDINGELEMENTPROXY('3VQpRo4$f198haVzSg9ZXD',#18,'Andamio Parametrico:1x1 - Escalera:1707847',$,'Andamio Parametrico:1x1 - Escalera',#10977,#10973,'1707847',$);
#10979=IFCPROPERTYSET('3Y5DmtvKBnue5Rk22iVTb6',#18,'Pset_BuildingElementProxyCommon',$,(#9212));
#10980=IFCPROPERTYSET('3ho1esD0PXKmj5QjbziVkL',#18,'Pset_QuantityTakeOff',$,(#9212));
#10981=IFCRELDEFINESBYPROPERTIES('3kKyhPVxVeo34G0bkccQoW',#18,$,$,(#10978),#10979);
#10982=IFCRELDEFINESBYPROPERTIES('3npSGL4mr5KGQeUQWzgUbL',#18,$,$,(#10978),#10980);
#10983=IFCMAPPEDITEM(#9202,#2160);
#10984=IFCSHAPEREPRESENTATION(#24,'Body','MappedRepresentation',(#10983));
#10985=IFCPRODUCTDEFINITIONSHAPE($,$,(#10984));
#10986=IFCCARTESIANPOINT((-2.4183053122821678,-2.5934986107444864,0.));
#10987=IFCDIRECTION((-0.70710586896197425,0.70710769340994406,0.));
#10988=IFCAXIS2PLACEMENT3D(#10986,#9,#10987);
#10989=IFCLOCALPLACEMENT(#34,#10988);
#10990=IFCBUILDINGELEMENTPROXY('3VQpRo4$f198haVzSg9ZX2',#18,'Andamio Parametrico:1x1 - Escalera:1707848',$,'Andamio Parametrico:1x1 - Escalera',#10989,#10985,'1707848',$);
#10991=IFCPROPERTYSET('3vf7NRVzCCB2SXk9jlwU8H',#18,'Pset_BuildingElementProxyCommon',$,(#9212));
#10992=IFCPROPERTYSET('1JfpGHxLM0ippUqIuFMgRp',#18,'Pset_QuantityTakeOff',$,(#9212));
#10993=IFCRELDEFINESBYPROPERTIES('1o95lYfZS_ocdZGh$Gso9G',#18,$,$,(#10990),#10991);
#10994=IFCRELDEFINESBYPROPERTIES('0gMhT3bOzdyFoM8zMytf$C',#18,$,$,(#10990),#10992);
#10995=IFCMAPPEDITEM(#9202,#2160);
#10996=IFCSHAPEREPRESENTATION(#24,'Body','MappedRepresentation',(#10995));
#10997=IFCPRODUCTDEFINITIONSHAPE($,$,(#10996));
#10998=IFCCARTESIANPOINT((0.80610022334535569,-3.6683050778885065,0.));
#10999=IFCDIRECTION((-0.70710586896197425,0.70710769340994406,0.));
#11000=IFCAXIS2PLACEMENT3D(#10998,#9,#10999);
#11001=IFCLOCALPLACEMENT(#34,#11000);
#11002=IFCBUILDINGELEMENTPROXY('3VQpRo4$f198haVzSg9ZX0',#18,'Andamio Parametrico:1x1 - Escalera:1707850',$,'Andamio Parametrico:1x1 - Escalera',#11001,#10997,'1707850',$);
#11003=IFCPROPERTYSET('3GkMfUHo81h77Jt9yzrFDq',#18,'Pset_BuildingElementProxyCommon',$,(#9212));
#11004=IFCPROPERTYSET('0f54s6OlVghvnkzikPERN$',#18,'Pset_QuantityTakeOff',$,(#9212));
#11005=IFCRELDEFINESBYPROPERTIES('3u3fmZw7cZ_z3Hc9_lQ$NC',#18,$,$,(#11002),#11003);
#11006=IFCRELDEFINESBYPROPERTIES('2xqwW$feG8r1B7gG5aS3od',#18,$,$,(#11002),#11004);
#11007=IFCMAPPEDITEM(#9202,#2160);
#11008=IFCSHAPEREPRESENTATION(#24,'Body','MappedRepresentation',(#11007));
#11009=IFCPRODUCTDEFINITIONSHAPE($,$,(#11008));
#11010=IFCCARTESIANPOINT((-0.268702084057302,-3.6683036913080533,0.));
#11011=IFCDIRECTION((-0.70710586896197425,0.70710769340994406,0.));
#11012=IFCAXIS2PLACEMENT3D(#11010,#9,#11011);
#11013=IFCLOCALPLACEMENT(#34,#11012);
#11014=IFCBUILDINGELEMENTPROXY('3VQpRo4$f198haVzSg9ZX1',#18,'Andamio Parametrico:1x1 - Escalera:1707851',$,'Andamio Parametrico:1x1 - Escalera',#11013,#11009,'1707851',$);
#11015=IFCPROPERTYSET('30G0essHUUt_I5DxJEdliq',#18,'Pset_BuildingElementProxyCommon',$,(#9212));
#11016=IFCPROPERTYSET('39cwsXNwN_EEZSe2AsYXhh',#18,'Pset_QuantityTakeOff',$,(#9212));
#11017=IFCRELDEFINESBYPROPERTIES('2s$ZNmutIak1bJnggq6lE9',#18,$,$,(#11014),#11015);
#11018=IFCRELDEFINESBYPROPERTIES('0E8p0y8zrP4En$SCR$38qG',#18,$,$,(#11014),#11016);
#11019=IFCMAPPEDITEM(#9202,#2160);
#11020=IFCSHAPEREPRESENTATION(#24,'Body','MappedRepresentation',(#11019));
#11021=IFCPRODUCTDEFINITIONSHAPE($,$,(#11020));
#11022=IFCCARTESIANPOINT((-1.3435043914599598,-3.6683023047275976,0.));
#11023=IFCDIRECTION((-0.70710586896197425,0.70710769340994406,0.));
#11024=IFCAXIS2PLACEMENT3D(#11022,#9,#11023);
#11025=IFCLOCALPLACEMENT(#34,#11024);
#11026=IFCBUILDINGELEMENTPROXY('3VQpRo4$f198haVzSg9ZX6',#18,'Andamio Parametrico:1x1 - Escalera:1707852',$,'Andamio Parametrico:1x1 - Escalera',#11025,#11021,'1707852',$);
#11027=IFCPROPERTYSET('1qeIO6eNKFngNQkcU4wKYS',#18,'Pset_BuildingElementProxyCommon',$,(#9212));
#11028=IFCPROPERTYSET('0BDHbRpymA2zJ_lhKc4cjK',#18,'Pset_QuantityTakeOff',$,(#9212));
#11029=IFCRELDEFINESBYPROPERTIES('1OIpBb2cuYGwJHqQCF_XgO',#18,$,$,(#11026),#11027);
#11030=IFCRELDEFINESBYPROPERTIES('0cxGhlMUXelViNfpjpEmQ0',#18,$,$,(#11026),#11028);
#11031=IFCMAPPEDITEM(#9421,#2160);
#11032=IFCSHAPEREPRESENTATION(#24,'Body','MappedRepresentation',(#11031));
#11033=IFCPRODUCTDEFINITIONSHAPE($,$,(#11032));
#11034=IFCCARTESIANPOINT((2.9557069180213662,-2.0561043899453986,0.));
#11035=IFCDIRECTION((-0.70710769341000879,-0.70710586896190952,0.));
#11036=IFCAXIS2PLACEMENT3D(#11034,#9,#11035);
#11037=IFCLOCALPLACEMENT(#34,#11036);
#11038=IFCBUILDINGELEMENTPROXY('3VQpRo4$f198haVzSg9ZX7',#18,'Andamio Parametrico:1x1 - Cruces Completas:1707853',$,'Andamio Parametrico:1x1 - Cruces Completas',#11037,#11033,'1707853',$);
#11039=IFCPROPERTYSET('1PRodzKntvkSexjRYfruar',#18,'Pset_BuildingElementProxyCommon',$,(#9431));
#11040=IFCPROPERTYSET('14DNsrP53xJkCOV2psXFaT',#18,'Pset_QuantityTakeOff',$,(#9431));
#11041=IFCRELDEFINESBYPROPERTIES('3LhntunEnJjVw3LRK6uzRE',#18,$,$,(#11038),#11039);
#11042=IFCRELDEFINESBYPROPERTIES('1ZCEC4oYy8J9cjkXJw09QK',#18,$,$,(#11038),#11040);
#11043=IFCMAPPEDITEM(#9421,#2160);
#11044=IFCSHAPEREPRESENTATION(#24,'Body','MappedRepresentation',(#11043));
#11045=IFCPRODUCTDEFINITIONSHAPE($,$,(#11044));
#11046=IFCCARTESIANPOINT((1.8809046106186824,-2.0561030033649441,0.));
#11047=IFCDIRECTION((-0.70710769341000879,-0.70710586896190952,0.));
#11048=IFCAXIS2PLACEMENT3D(#11046,#9,#11047);
#11049=IFCLOCALPLACEMENT(#34,#11048);
#11050=IFCBUILDINGELEMENTPROXY('3VQpRo4$f198haVzSg9ZX4',#18,'Andamio Parametrico:1x1 - Cruces Completas:1707854',$,'Andamio Parametrico:1x1 - Cruces Completas',#11049,#11045,'1707854',$);
#11051=IFCPROPERTYSET('2EdNEjGljJiBmEZ1I3PFZs',#18,'Pset_BuildingElementProxyCommon',$,(#9431));
#11052=IFCPROPERTYSET('3zpwpmT$BMzt7STucw7yXi',#18,'Pset_QuantityTakeOff',$,(#9431));
#11053=IFCRELDEFINESBYPROPERTIES('040a$kl8VkR7ZEcVH4$yJt',#18,$,$,(#11050),#11051);
#11054=IFCRELDEFINESBYPROPERTIES('15i0b01xK2BT8nscPTsyms',#18,$,$,(#11050),#11052);
#11055=IFCMAPPEDITEM(#9421,#2160);
#11056=IFCSHAPEREPRESENTATION(#24,'Body','MappedRepresentation',(#11055));
#11057=IFCPRODUCTDEFINITIONSHAPE($,$,(#11056));
#11058=IFCCARTESIANPOINT((0.80610230321602483,-2.0561016167844888,0.));
#11059=IFCDIRECTION((-0.70710769341000879,-0.70710586896190952,0.));
#11060=IFCAXIS2PLACEMENT3D(#11058,#9,#11059);
#11061=IFCLOCALPLACEMENT(#34,#11060);
#11062=IFCBUILDINGELEMENTPROXY('3VQpRo4$f198haVzSg9ZX5',#18,'Andamio Parametrico:1x1 - Cruces Completas:1707855',$,'Andamio Parametrico:1x1 - Cruces Completas',#11061,#11057,'1707855',$);
#11063=IFCPROPERTYSET('3ChkDYDh2uxzfvBFli1WD1',#18,'Pset_BuildingElementProxyCommon',$,(#9431));
#11064=IFCPROPERTYSET('01t3fZdOmWlS7y7eyablQ1',#18,'Pset_QuantityTakeOff',$,(#9431));
#11065=IFCRELDEFINESBYPROPERTIES('2Q8cDwFm4qZwAwCmfinLWg',#18,$,$,(#11062),#11063);
#11066=IFCRELDEFINESBYPROPERTIES('04aexco1I$Ep1SgE_RoNh4',#18,$,$,(#11062),#11064);
#11067=IFCMAPPEDITEM(#9421,#2160);
#11068=IFCSHAPEREPRESENTATION(#24,'Body','MappedRepresentation',(#11067));
#11069=IFCPRODUCTDEFINITIONSHAPE($,$,(#11068));
#11070=IFCCARTESIANPOINT((-0.26870000418663503,-2.0561002302040357,0.));
#11071=IFCDIRECTION((-0.70710769341000879,-0.70710586896190952,0.));
#11072=IFCAXIS2PLACEMENT3D(#11070,#9,#11071);
#11073=IFCLOCALPLACEMENT(#34,#11072);
#11074=IFCBUILDINGELEMENTPROXY('3VQpRo4$f198haVzSg9ZXQ',#18,'Andamio Parametrico:1x1 - Cruces Completas:1707856',$,'Andamio Parametrico:1x1 - Cruces Completas',#11073,#11069,'1707856',$);
#11075=IFCPROPERTYSET('1MgQeSApyQEOi6zjemrUO6',#18,'Pset_BuildingElementProxyCommon',$,(#9431));
#11076=IFCPROPERTYSET('2ivi6e$PwhuKH0agR4tElj',#18,'Pset_QuantityTakeOff',$,(#9431));
#11077=IFCRELDEFINESBYPROPERTIES('3vv07mSmYbEuwqP2U_a8WT',#18,$,$,(#11074),#11075);
#11078=IFCRELDEFINESBYPROPERTIES('1lE6xQZsJPedQSeGDOZQ2n',#18,$,$,(#11074),#11076);
#11079=IFCMAPPEDITEM(#9421,#2160);
#11080=IFCSHAPEREPRESENTATION(#24,'Body','MappedRepresentation',(#11079));
#11081=IFCPRODUCTDEFINITIONSHAPE($,$,(#11080));
#11082=IFCCARTESIANPOINT((-1.343502311589295,-2.0560988436235816,0.));
#11083=IFCDIRECTION((-0.70710769341000879,-0.70710586896190952,0.));
#11084=IFCAXIS2PLACEMENT3D(#11082,#9,#11083);
#11085=IFCLOCALPLACEMENT(#34,#11084);
#11086=IFCBUILDINGELEMENTPROXY('3VQpRo4$f198haVzSg9ZXR',#18,'Andamio Parametrico:1x1 - Cruces Completas:1707857',$,'Andamio Parametrico:1x1 - Cruces Completas',#11085,#11081,'1707857',$);
#11087=IFCPROPERTYSET('2VXbutQoHXKmROaNO4vtTQ',#18,'Pset_BuildingElementProxyCommon',$,(#9431));
#11088=IFCPROPERTYSET('0bFfI2jc026P7GHoZBrBQ5',#18,'Pset_QuantityTakeOff',$,(#9431));
#11089=IFCRELDEFINESBYPROPERTIES('0PZVMLvKwfuZkYvWYAmyFY',#18,$,$,(#11086),#11087);
#11090=IFCRELDEFINESBYPROPERTIES('2pvydH$Mr05RnZV6aLxDfW',#18,$,$,(#11086),#11088);
#11091=IFCMAPPEDITEM(#9421,#2160);
#11092=IFCSHAPEREPRESENTATION(#24,'Body','MappedRepresentation',(#11091));
#11093=IFCPRODUCTDEFINITIONSHAPE($,$,(#11092));
#11094=IFCCARTESIANPOINT((-2.4183046189919528,-2.0560974570431263,0.));
#11095=IFCDIRECTION((-0.70710769341000879,-0.70710586896190952,0.));
#11096=IFCAXIS2PLACEMENT3D(#11094,#9,#11095);
#11097=IFCLOCALPLACEMENT(#34,#11096);
#11098=IFCBUILDINGELEMENTPROXY('3VQpRo4$f198haVzSg9ZXO',#18,'Andamio Parametrico:1x1 - Cruces Completas:1707858',$,'Andamio Parametrico:1x1 - Cruces Completas',#11097,#11093,'1707858',$);
#11099=IFCPROPERTYSET('1QQOFqsXJbnGGyLKltlLLr',#18,'Pset_BuildingElementProxyCommon',$,(#9431));
#11100=IFCPROPERTYSET('3meZbG59jXBnxms4VawOfq',#18,'Pset_QuantityTakeOff',$,(#9431));
#11101=IFCRELDEFINESBYPROPERTIES('3u4eTtP9uKkEZGB0AJQzNF',#18,$,$,(#11098),#11099);
#11102=IFCRELDEFINESBYPROPERTIES('3n9M5hmDP3IR_4sMWoCqBr',#18,$,$,(#11098),#11100);
#11103=IFCMAPPEDITEM(#9421,#2160);
#11104=IFCSHAPEREPRESENTATION(#24,'Body','MappedRepresentation',(#11103));
#11105=IFCPRODUCTDEFINITIONSHAPE($,$,(#11104));
#11106=IFCCARTESIANPOINT((-1.343503698169749,-3.1309011510262375,0.));
#11107=IFCDIRECTION((-0.70710769341000879,-0.70710586896190952,0.));
#11108=IFCAXIS2PLACEMENT3D(#11106,#9,#11107);
#11109=IFCLOCALPLACEMENT(#34,#11108);
#11110=IFCBUILDINGELEMENTPROXY('3VQpRo4$f198haVzSg9ZXP',#18,'Andamio Parametrico:1x1 - Cruces Completas:1707859',$,'Andamio Parametrico:1x1 - Cruces Completas',#11109,#11105,'1707859',$);
#11111=IFCPROPERTYSET('1CIjjk7abdH369sOfJxuhe',#18,'Pset_BuildingElementProxyCommon',$,(#9431));
#11112=IFCPROPERTYSET('2_SLeZWTIXHs8yJBadXnmM',#18,'Pset_QuantityTakeOff',$,(#9431));
#11113=IFCRELDEFINESBYPROPERTIES('2EZp2Ja4uhR4ftYO0GpAHj',#18,$,$,(#11110),#11111);
#11114=IFCRELDEFINESBYPROPERTIES('1Ui0od2qG_eNigeqpI4JGe',#18,$,$,(#11110),#11112);
#11115=IFCMAPPEDITEM(#9421,#2160);
#11116=IFCSHAPEREPRESENTATION(#24,'Body','MappedRepresentation',(#11115));
#11117=IFCPRODUCTDEFINITIONSHAPE($,$,(#11116));
#11118=IFCCARTESIANPOINT((-0.2687013907670891,-3.1309025376066919,0.));
#11119=IFCDIRECTION((-0.70710769341000879,-0.70710586896190952,0.));
#11120=IFCAXIS2PLACEMENT3D(#11118,#9,#11119);
#11121=IFCLOCALPLACEMENT(#34,#11120);
#11122=IFCBUILDINGELEMENTPROXY('3VQpRo4$f198haVzSg9ZXU',#18,'Andamio Parametrico:1x1 - Cruces Completas:1707860',$,'Andamio Parametrico:1x1 - Cruces Completas',#11121,#11117,'1707860',$);
#11123=IFCPROPERTYSET('1v4dKxGs4WSm7UcuiUv07z',#18,'Pset_BuildingElementProxyCommon',$,(#9431));
#11124=IFCPROPERTYSET('0mCi6wDR$SHYadNCDG_MZR',#18,'Pset_QuantityTakeOff',$,(#9431));
#11125=IFCRELDEFINESBYPROPERTIES('3aIm2oyBXC3sq3GpvPfSQg',#18,$,$,(#11122),#11123);
#11126=IFCRELDEFINESBYPROPERTIES('0LVZ$lCuk$3vXVfZa7atbW',#18,$,$,(#11122),#11124);
#11127=IFCMAPPEDITEM(#9421,#2160);
#11128=IFCSHAPEREPRESENTATION(#24,'Body','MappedRepresentation',(#11127));
#11129=IFCPRODUCTDEFINITIONSHAPE($,$,(#11128));
#11130=IFCCARTESIANPOINT((0.80610091663557082,-3.1309039241871455,0.));
#11131=IFCDIRECTION((-0.70710769341000879,-0.70710586896190952,0.));
#11132=IFCAXIS2PLACEMENT3D(#11130,#9,#11131);
#11133=IFCLOCALPLACEMENT(#34,#11132);
#11134=IFCBUILDINGELEMENTPROXY('3VQpRo4$f198haVzSg9ZXV',#18,'Andamio Parametrico:1x1 - Cruces Completas:1707861',$,'Andamio Parametrico:1x1 - Cruces Completas',#11133,#11129,'1707861',$);
#11135=IFCPROPERTYSET('0PJm$SLfk2K4vgjT40a8Ch',#18,'Pset_BuildingElementProxyCommon',$,(#9431));
#11136=IFCPROPERTYSET('17N2KVpkl4Y9SiVs2lTdXL',#18,'Pset_QuantityTakeOff',$,(#9431));
#11137=IFCRELDEFINESBYPROPERTIES('0NVOiSNM0ixjQOl_GD9MWy',#18,$,$,(#11134),#11135);
#11138=IFCRELDEFINESBYPROPERTIES('3ktqzdM1tfWAa$Ytb4x4dw',#18,$,$,(#11134),#11136);
#11139=IFCMAPPEDITEM(#9421,#2160);
#11140=IFCSHAPEREPRESENTATION(#24,'Body','MappedRepresentation',(#11139));
#11141=IFCPRODUCTDEFINITIONSHAPE($,$,(#11140));
#11142=IFCCARTESIANPOINT((1.8809032240382306,-3.1309053107676008,0.));
#11143=IFCDIRECTION((-0.70710769341000879,-0.70710586896190952,0.));
#11144=IFCAXIS2PLACEMENT3D(#11142,#9,#11143);
#11145=IFCLOCALPLACEMENT(#34,#11144);
#11146=IFCBUILDINGELEMENTPROXY('3VQpRo4$f198haVzSg9ZXS',#18,'Andamio Parametrico:1x1 - Cruces Completas:1707862',$,'Andamio Parametrico:1x1 - Cruces Completas',#11145,#11141,'1707862',$);
#11147=IFCPROPERTYSET('1aDk1x5LbLuVAk6ppWIy2I',#18,'Pset_BuildingElementProxyCommon',$,(#9431));
#11148=IFCPROPERTYSET('3NoEMvEkJlkO_wPUnLWTMf',#18,'Pset_QuantityTakeOff',$,(#9431));
#11149=IFCRELDEFINESBYPROPERTIES('34YaNxkfCgIcxUJ8FHwG8X',#18,$,$,(#11146),#11147);
#11150=IFCRELDEFINESBYPROPERTIES('3dhXUyFBYJva4zgqtDoiC3',#18,$,$,(#11146),#11148);
#11151=IFCMAPPEDITEM(#9202,#2160);
#11152=IFCSHAPEREPRESENTATION(#24,'Body','MappedRepresentation',(#11151));
#11153=IFCPRODUCTDEFINITIONSHAPE($,$,(#11152));
#11154=IFCCARTESIANPOINT((3.4931087650129058,-1.5187039295342939,0.));
#11155=IFCDIRECTION((0.70710769340994273,0.70710586896197558,0.));
#11156=IFCAXIS2PLACEMENT3D(#11154,#9,#11155);
#11157=IFCLOCALPLACEMENT(#38,#11156);
#11158=IFCBUILDINGELEMENTPROXY('3VQpRo4$f198haVzSg9ZXT',#18,'Andamio Parametrico:1x1 - Escalera:1707863',$,'Andamio Parametrico:1x1 - Escalera',#11157,#11153,'1707863',$);
#11159=IFCPROPERTYSET('11meT6rOYQDB$FussCWZ00',#18,'Pset_BuildingElementProxyCommon',$,(#9212));
#11160=IFCPROPERTYSET('04w0wrIFg2l6g$VfQZ9oaA',#18,'Pset_QuantityTakeOff',$,(#9212));
#11161=IFCRELDEFINESBYPROPERTIES('0N1gQNTZ4$CL1I0r0KYWFW',#18,$,$,(#11158),#11159);
#11162=IFCRELDEFINESBYPROPERTIES('218mXQPbo244Py3ghTBMws',#18,$,$,(#11158),#11160);
#11163=IFCMAPPEDITEM(#9202,#2160);
#11164=IFCSHAPEREPRESENTATION(#24,'Body','MappedRepresentation',(#11163));
#11165=IFCPRODUCTDEFINITIONSHAPE($,$,(#11164));
#11166=IFCCARTESIANPOINT((2.4183064576102482,-1.5187025429538399,0.));
#11167=IFCDIRECTION((0.70710769340994273,0.70710586896197558,0.));
#11168=IFCAXIS2PLACEMENT3D(#11166,#9,#11167);
#11169=IFCLOCALPLACEMENT(#38,#11168);
#11170=IFCBUILDINGELEMENTPROXY('3VQpRo4$f198haVzSg9ZXI',#18,'Andamio Parametrico:1x1 - Escalera:1707864',$,'Andamio Parametrico:1x1 - Escalera',#11169,#11165,'1707864',$);
#11171=IFCPROPERTYSET('3zzICJDPn1nq3RvX0XyT9p',#18,'Pset_BuildingElementProxyCommon',$,(#9212));
#11172=IFCPROPERTYSET('1kNWkZf7Rkfgjs73aBJ0EV',#18,'Pset_QuantityTakeOff',$,(#9212));
#11173=IFCRELDEFINESBYPROPERTIES('1gISxy8A2tw4llrbJwYWn8',#18,$,$,(#11170),#11171);
#11174=IFCRELDEFINESBYPROPERTIES('3vJgt9fgjY9DzOxSu4x5YZ',#18,$,$,(#11170),#11172);
#11175=IFCMAPPEDITEM(#9202,#2160);
#11176=IFCSHAPEREPRESENTATION(#24,'Body','MappedRepresentation',(#11175));
#11177=IFCPRODUCTDEFINITIONSHAPE($,$,(#11176));
#11178=IFCCARTESIANPOINT((1.3435041502075882,-1.5187011563733854,0.));
#11179=IFCDIRECTION((0.70710769340994273,0.70710586896197558,0.));
#11180=IFCAXIS2PLACEMENT3D(#11178,#9,#11179);
#11181=IFCLOCALPLACEMENT(#38,#11180);
#11182=IFCBUILDINGELEMENTPROXY('3VQpRo4$f198haVzSg9ZXJ',#18,'Andamio Parametrico:1x1 - Escalera:1707865',$,'Andamio Parametrico:1x1 - Escalera',#11181,#11177,'1707865',$);
#11183=IFCPROPERTYSET('0_YtoO_zYW4fP_yIo3pSCx',#18,'Pset_BuildingElementProxyCommon',$,(#9212));
#11184=IFCPROPERTYSET('04b5hT3ihciiGH2PaFKTwz',#18,'Pset_QuantityTakeOff',$,(#9212));
#11185=IFCRELDEFINESBYPROPERTIES('1j8i$fRxYRBWKU_QoFoxW4',#18,$,$,(#11182),#11183);
#11186=IFCRELDEFINESBYPROPERTIES('20wEI2Rm8hZQKGKmmgiAo7',#18,$,$,(#11182),#11184);
#11187=IFCMAPPEDITEM(#9202,#2160);
#11188=IFCSHAPEREPRESENTATION(#24,'Body','MappedRepresentation',(#11187));
#11189=IFCPRODUCTDEFINITIONSHAPE($,$,(#11188));
#11190=IFCCARTESIANPOINT((0.2687018428049282,-1.5186997697929301,0.));
#11191=IFCDIRECTION((0.70710769340994273,0.70710586896197558,0.));
#11192=IFCAXIS2PLACEMENT3D(#11190,#9,#11191);
#11193=IFCLOCALPLACEMENT(#38,#11192);
#11194=IFCBUILDINGELEMENTPROXY('3VQpRo4$f198haVzSg9ZXG',#18,'Andamio Parametrico:1x1 - Escalera:1707866',$,'Andamio Parametrico:1x1 - Escalera',#11193,#11189,'1707866',$);
#11195=IFCPROPERTYSET('3zctg_nE8Gu9_6nALnrpkn',#18,'Pset_BuildingElementProxyCommon',$,(#9212));
#11196=IFCPROPERTYSET('299fcNb4pO0cxp7YcPEEfg',#18,'Pset_QuantityTakeOff',$,(#9212));
#11197=IFCRELDEFINESBYPROPERTIES('3pssGUWek5_YTOvTCkVEpR',#18,$,$,(#11194),#11195);
#11198=IFCRELDEFINESBYPROPERTIES('15Z6Ya8xZETqNDvI7uK_T0',#18,$,$,(#11194),#11196);
#11199=IFCMAPPEDITEM(#9202,#2160);
#11200=IFCSHAPEREPRESENTATION(#24,'Body','MappedRepresentation',(#11199));
#11201=IFCPRODUCTDEFINITIONSHAPE($,$,(#11200));
#11202=IFCCARTESIANPOINT((-0.80610046459773166,-1.5186983832124761,0.));
#11203=IFCDIRECTION((0.70710769340994273,0.70710586896197558,0.));
#11204=IFCAXIS2PLACEMENT3D(#11202,#9,#11203);
#11205=IFCLOCALPLACEMENT(#38,#11204);
#11206=IFCBUILDINGELEMENTPROXY('3VQpRo4$f198haVzSg9ZXH',#18,'Andamio Parametrico:1x1 - Escalera:1707867',$,'Andamio Parametrico:1x1 - Escalera',#11205,#11201,'1707867',$);
#11207=IFCPROPERTYSET('0xG8dnPcOECFNSnINQV_Xm',#18,'Pset_BuildingElementProxyCommon',$,(#9212));
#11208=IFCPROPERTYSET('1u9Fpnv7tDJNHSSIMbVi5U',#18,'Pset_QuantityTakeOff',$,(#9212));
#11209=IFCRELDEFINESBYPROPERTIES('1whzsW1TwXkvxzxavg8bXF',#18,$,$,(#11206),#11207);
#11210=IFCRELDEFINESBYPROPERTIES('2QFYmEeA9IqZu$9P3jKVa8',#18,$,$,(#11206),#11208);
#11211=IFCMAPPEDITEM(#9202,#2160);
#11212=IFCSHAPEREPRESENTATION(#24,'Body','MappedRepresentation',(#11211));
#11213=IFCPRODUCTDEFINITIONSHAPE($,$,(#11212));
#11214=IFCCARTESIANPOINT((-1.8809027720003892,-1.5186969966320214,0.));
#11215=IFCDIRECTION((0.70710769340994273,0.70710586896197558,0.));
#11216=IFCAXIS2PLACEMENT3D(#11214,#9,#11215);
#11217=IFCLOCALPLACEMENT(#38,#11216);
#11218=IFCBUILDINGELEMENTPROXY('3VQpRo4$f198haVzSg9ZXM',#18,'Andamio Parametrico:1x1 - Escalera:1707868',$,'Andamio Parametrico:1x1 - Escalera',#11217,#11213,'1707868',$);
#11219=IFCPROPERTYSET('2JIAWbuyGsYLgCDt0r4OPk',#18,'Pset_BuildingElementProxyCommon',$,(#9212));
#11220=IFCPROPERTYSET('1AQ$39FR4I$Oo6J8ncaYzq',#18,'Pset_QuantityTakeOff',$,(#9212));
#11221=IFCRELDEFINESBYPROPERTIES('1XHJB$JRkv9UAInRrchhtP',#18,$,$,(#11218),#11219);
#11222=IFCRELDEFINESBYPROPERTIES('13LwhRn5qR0DLpF8mg6cIZ',#18,$,$,(#11218),#11220);
#11223=IFCMAPPEDITEM(#9202,#2160);
#11224=IFCSHAPEREPRESENTATION(#24,'Body','MappedRepresentation',(#11223));
#11225=IFCPRODUCTDEFINITIONSHAPE($,$,(#11224));
#11226=IFCCARTESIANPOINT((-2.9557050794030308,-1.5186956100516193,0.));
#11227=IFCDIRECTION((-0.7071076934099354,-0.70710586896198291,0.));
#11228=IFCAXIS2PLACEMENT3D(#11226,#9,#11227);
#11229=IFCLOCALPLACEMENT(#38,#11228);
#11230=IFCBUILDINGELEMENTPROXY('3VQpRo4$f198haVzSg9ZXN',#18,'Andamio Parametrico:1x1 - Escalera:1707869',$,'Andamio Parametrico:1x1 - Escalera',#11229,#11225,'1707869',$);
#11231=IFCPROPERTYSET('3qJPzwh5Tdy8_jMwKyx3O5',#18,'Pset_BuildingElementProxyCommon',$,(#9212));
#11232=IFCPROPERTYSET('3IjCZYchYmNgDpLHMQjzSx',#18,'Pset_QuantityTakeOff',$,(#9212));
#11233=IFCRELDEFINESBYPROPERTIES('0YQ4LW6ZWqeHVbRPN8RVo5',#18,$,$,(#11230),#11231);
#11234=IFCRELDEFINESBYPROPERTIES('0lv5LxHEsqYC2zuUCS3aVn',#18,$,$,(#11230),#11232);
#11235=IFCMAPPEDITEM(#9202,#2160);
#11236=IFCSHAPEREPRESENTATION(#24,'Body','MappedRepresentation',(#11235));
#11237=IFCPRODUCTDEFINITIONSHAPE($,$,(#11236));
#11238=IFCCARTESIANPOINT((-1.880904158580893,-2.593499304034629,0.));
#11239=IFCDIRECTION((0.70710769340994273,0.70710586896197558,0.));
#11240=IFCAXIS2PLACEMENT3D(#11238,#9,#11239);
#11241=IFCLOCALPLACEMENT(#38,#11240);
#11242=IFCBUILDINGELEMENTPROXY('3VQpRo4$f198haVzSg9ZXK',#18,'Andamio Parametrico:1x1 - Escalera:1707870',$,'Andamio Parametrico:1x1 - Escalera',#11241,#11237,'1707870',$);
#11243=IFCPROPERTYSET('1X5guMiDFPoqUy6xvYSsrm',#18,'Pset_BuildingElementProxyCommon',$,(#9212));
#11244=IFCPROPERTYSET('2CYnJCl29zNBJ59ieXWyEu',#18,'Pset_QuantityTakeOff',$,(#9212));
#11245=IFCRELDEFINESBYPROPERTIES('3dQtUPOMQurF5_cUwIC79P',#18,$,$,(#11242),#11243);
#11246=IFCRELDEFINESBYPROPERTIES('1zSQBowrGQpMcQXd3SJKnG',#18,$,$,(#11242),#11244);
#11247=IFCMAPPEDITEM(#9202,#2160);
#11248=IFCSHAPEREPRESENTATION(#24,'Body','MappedRepresentation',(#11247));
#11249=IFCPRODUCTDEFINITIONSHAPE($,$,(#11248));
#11250=IFCCARTESIANPOINT((-0.80610185117825939,-2.593500690615083,0.));
#11251=IFCDIRECTION((0.70710769340994273,0.70710586896197558,0.));
#11252=IFCAXIS2PLACEMENT3D(#11250,#9,#11251);
#11253=IFCLOCALPLACEMENT(#38,#11252);
#11254=IFCBUILDINGELEMENTPROXY('3VQpRo4$f198haVzSg9ZXL',#18,'Andamio Parametrico:1x1 - Escalera:1707871',$,'Andamio Parametrico:1x1 - Escalera',#11253,#11249,'1707871',$);
#11255=IFCPROPERTYSET('0LgrPlp20RuB$8E$1GZumK',#18,'Pset_BuildingElementProxyCommon',$,(#9212));
#11256=IFCPROPERTYSET('1zx_OhuCC__QZc_$ovAbSz',#18,'Pset_QuantityTakeOff',$,(#9212));
#11257=IFCRELDEFINESBYPROPERTIES('3CQIe2EsbBPCz5D_0r1tMu',#18,$,$,(#11254),#11255);
#11258=IFCRELDEFINESBYPROPERTIES('1cjaJI18pLMTF5EKr$dyVG',#18,$,$,(#11254),#11256);
#11259=IFCMAPPEDITEM(#9202,#2160);
#11260=IFCSHAPEREPRESENTATION(#24,'Body','MappedRepresentation',(#11259));
#11261=IFCPRODUCTDEFINITIONSHAPE($,$,(#11260));
#11262=IFCCARTESIANPOINT((0.26870045622440053,-2.5935020771955379,0.));
#11263=IFCDIRECTION((0.70710769340994273,0.70710586896197558,0.));
#11264=IFCAXIS2PLACEMENT3D(#11262,#9,#11263);
#11265=IFCLOCALPLACEMENT(#38,#11264);
#11266=IFCBUILDINGELEMENTPROXY('3VQpRo4$f198haVzSg9ZXg',#18,'Andamio Parametrico:1x1 - Escalera:1707872',$,'Andamio Parametrico:1x1 - Escalera',#11265,#11261,'1707872',$);
#11267=IFCPROPERTYSET('2YMqAzLE88aLQPhdhdYl$8',#18,'Pset_BuildingElementProxyCommon',$,(#9212));
#11268=IFCPROPERTYSET('0UWOw0HA42nBftNyRQ9lX_',#18,'Pset_QuantityTakeOff',$,(#9212));
#11269=IFCRELDEFINESBYPROPERTIES('3O3GV4Heq9Yaa8dmKARgDV',#18,$,$,(#11266),#11267);
#11270=IFCRELDEFINESBYPROPERTIES('1nAsQis_BEz9ILDP1oisnu',#18,$,$,(#11266),#11268);
#11271=IFCMAPPEDITEM(#9202,#2160);
#11272=IFCSHAPEREPRESENTATION(#24,'Body','MappedRepresentation',(#11271));
#11273=IFCPRODUCTDEFINITIONSHAPE($,$,(#11272));
#11274=IFCCARTESIANPOINT((1.3435027636270604,-2.5935034637759937,0.));
#11275=IFCDIRECTION((0.70710769340994273,0.70710586896197558,0.));
#11276=IFCAXIS2PLACEMENT3D(#11274,#9,#11275);
#11277=IFCLOCALPLACEMENT(#38,#11276);
#11278=IFCBUILDINGELEMENTPROXY('3VQpRo4$f198haVzSg9ZXh',#18,'Andamio Parametrico:1x1 - Escalera:1707873',$,'Andamio Parametrico:1x1 - Escalera',#11277,#11273,'1707873',$);
#11279=IFCPROPERTYSET('2OqeyD6E_9WmTuFycRrSDG',#18,'Pset_BuildingElementProxyCommon',$,(#9212));
#11280=IFCPROPERTYSET('32CJotqtU0JRhDN6YXO73m',#18,'Pset_QuantityTakeOff',$,(#9212));
#11281=IFCRELDEFINESBYPROPERTIES('0waV20hF1Ts5fgDR5zpKin',#18,$,$,(#11278),#11279);
#11282=IFCRELDEFINESBYPROPERTIES('0P0batKoUvDo1vENCzTVZG',#18,$,$,(#11278),#11280);
#11283=IFCMAPPEDITEM(#9202,#2160);
#11284=IFCSHAPEREPRESENTATION(#24,'Body','MappedRepresentation',(#11283));
#11285=IFCPRODUCTDEFINITIONSHAPE($,$,(#11284));
#11286=IFCCARTESIANPOINT((2.4183050710297418,-2.5935048503564477,0.));
#11287=IFCDIRECTION((0.70710769340994273,0.70710586896197558,0.));
#11288=IFCAXIS2PLACEMENT3D(#11286,#9,#11287);
#11289=IFCLOCALPLACEMENT(#38,#11288);
#11290=IFCBUILDINGELEMENTPROXY('3VQpRo4$f198haVzSg9ZXe',#18,'Andamio Parametrico:1x1 - Escalera:1707874',$,'Andamio Parametrico:1x1 - Escalera',#11289,#11285,'1707874',$);
#11291=IFCPROPERTYSET('0WwmLe20UA4KCKsmgVtFiL',#18,'Pset_BuildingElementProxyCommon',$,(#9212));
#11292=IFCPROPERTYSET('2u_8j1Hee0Rfw5yLy5TwrR',#18,'Pset_QuantityTakeOff',$,(#9212));
#11293=IFCRELDEFINESBYPROPERTIES('0RSC2nsG9TLD4UUhxPHnkA',#18,$,$,(#11290),#11291);
#11294=IFCRELDEFINESBYPROPERTIES('20r2qiSzUgFVAAzmpV7NyD',#18,$,$,(#11290),#11292);
#11295=IFCMAPPEDITEM(#9202,#2160);
#11296=IFCSHAPEREPRESENTATION(#24,'Body','MappedRepresentation',(#11295));
#11297=IFCPRODUCTDEFINITIONSHAPE($,$,(#11296));
#11298=IFCCARTESIANPOINT((1.3435013770466173,-3.6683057711786624,0.));
#11299=IFCDIRECTION((0.70710769340994273,0.70710586896197558,0.));
#11300=IFCAXIS2PLACEMENT3D(#11298,#9,#11299);
#11301=IFCLOCALPLACEMENT(#38,#11300);
#11302=IFCBUILDINGELEMENTPROXY('3VQpRo4$f198haVzSg9ZXf',#18,'Andamio Parametrico:1x1 - Escalera:1707875',$,'Andamio Parametrico:1x1 - Escalera',#11301,#11297,'1707875',$);
#11303=IFCPROPERTYSET('2dbg1lcxEwnFMb4oZQtwx2',#18,'Pset_BuildingElementProxyCommon',$,(#9212));
#11304=IFCPROPERTYSET('3iu5jr31h4r$ctBlxJLzDa',#18,'Pset_QuantityTakeOff',$,(#9212));
#11305=IFCRELDEFINESBYPROPERTIES('154GTp5p$BHTWC0LpcnkHk',#18,$,$,(#11302),#11303);
#11306=IFCRELDEFINESBYPROPERTIES('3T$DW0a6Breu$qWwiojm5D',#18,$,$,(#11302),#11304);
#11307=IFCMAPPEDITEM(#9202,#2160);
#11308=IFCSHAPEREPRESENTATION(#24,'Body','MappedRepresentation',(#11307));
#11309=IFCPRODUCTDEFINITIONSHAPE($,$,(#11308));
#11310=IFCCARTESIANPOINT((0.26869906964395951,-3.6683043845982066,0.));
#11311=IFCDIRECTION((0.70710769340994273,0.70710586896197558,0.));
#11312=IFCAXIS2PLACEMENT3D(#11310,#9,#11311);
#11313=IFCLOCALPLACEMENT(#38,#11312);
#11314=IFCBUILDINGELEMENTPROXY('3VQpRo4$f198haVzSg9ZXk',#18,'Andamio Parametrico:1x1 - Escalera:1707876',$,'Andamio Parametrico:1x1 - Escalera',#11313,#11309,'1707876',$);
#11315=IFCPROPERTYSET('2Vi9yza6IVZb5ciRHpYIt6',#18,'Pset_BuildingElementProxyCommon',$,(#9212));
#11316=IFCPROPERTYSET('0bxthXzRbeQkdtuNGkYX08',#18,'Pset_QuantityTakeOff',$,(#9212));
#11317=IFCRELDEFINESBYPROPERTIES('0w_6CaMdeJWKmryBF3MKhZ',#18,$,$,(#11314),#11315);
#11318=IFCRELDEFINESBYPROPERTIES('0SSCzTEmqQi_yQW3Aeascy',#18,$,$,(#11314),#11316);
#11319=IFCMAPPEDITEM(#9202,#2160);
#11320=IFCSHAPEREPRESENTATION(#24,'Body','MappedRepresentation',(#11319));
#11321=IFCPRODUCTDEFINITIONSHAPE($,$,(#11320));
#11322=IFCCARTESIANPOINT((-0.80610323775870041,-3.6683029980177513,0.));
#11323=IFCDIRECTION((0.70710769340994273,0.70710586896197558,0.));
#11324=IFCAXIS2PLACEMENT3D(#11322,#9,#11323);
#11325=IFCLOCALPLACEMENT(#38,#11324);
#11326=IFCBUILDINGELEMENTPROXY('3VQpRo4$f198haVzSg9ZXl',#18,'Andamio Parametrico:1x1 - Escalera:1707877',$,'Andamio Parametrico:1x1 - Escalera',#11325,#11321,'1707877',$);
#11327=IFCPROPERTYSET('3AGMqbRpS6XXuF$DQ2zYTJ',#18,'Pset_BuildingElementProxyCommon',$,(#9212));
#11328=IFCPROPERTYSET('0MtzlbEOzZL96Fkx13jpca',#18,'Pset_QuantityTakeOff',$,(#9212));
#11329=IFCRELDEFINESBYPROPERTIES('2t79rvzAN9WNqVzV3PBzry',#18,$,$,(#11326),#11327);
#11330=IFCRELDEFINESBYPROPERTIES('1cByhGHaHptJECTRVA7WmR',#18,$,$,(#11326),#11328);
#11331=IFCMAPPEDITEM(#9202,#2160);
#11332=IFCSHAPEREPRESENTATION(#24,'Body','MappedRepresentation',(#11331));
#11333=IFCPRODUCTDEFINITIONSHAPE($,$,(#11332));
#11334=IFCCARTESIANPOINT((2.9557076113116647,-1.5187032362441106,0.));
#11335=IFCDIRECTION((0.7071058689619717,-0.70710769340994661,0.));
#11336=IFCAXIS2PLACEMENT3D(#11334,#9,#11335);
#11337=IFCLOCALPLACEMENT(#42,#11336);
#11338=IFCBUILDINGELEMENTPROXY('3VQpRo4$f198haVzSg9ZXj',#18,'Andamio Parametrico:1x1 - Escalera:1707879',$,'Andamio Parametrico:1x1 - Escalera',#11337,#11333,'1707879',$);
#11339=IFCPROPERTYSET('26cuNbDBgwPKi5yx4zOYNr',#18,'Pset_BuildingElementProxyCommon',$,(#9212));
#11340=IFCPROPERTYSET('3DRWIidwtgXNoXRsKYqSxR',#18,'Pset_QuantityTakeOff',$,(#9212));
#11341=IFCRELDEFINESBYPROPERTIES('3amfllF7_FkeqDCSJA44rs',#18,$,$,(#11338),#11339);
#11342=IFCRELDEFINESBYPROPERTIES('08ddViT0ItoAyDche_2PPl',#18,$,$,(#11338),#11340);
#11343=IFCMAPPEDITEM(#9202,#2160);
#11344=IFCSHAPEREPRESENTATION(#24,'Body','MappedRepresentation',(#11343));
#11345=IFCPRODUCTDEFINITIONSHAPE($,$,(#11344));
#11346=IFCCARTESIANPOINT((1.8809053039089256,-1.5187018496636477,0.));
#11347=IFCDIRECTION((-0.70710586896197425,0.70710769340994406,0.));
#11348=IFCAXIS2PLACEMENT3D(#11346,#9,#11347);
#11349=IFCLOCALPLACEMENT(#42,#11348);
#11350=IFCBUILDINGELEMENTPROXY('3VQpRo4$f198haVzSg9ZXY',#18,'Andamio Parametrico:1x1 - Escalera:1707880',$,'Andamio Parametrico:1x1 - Escalera',#11349,#11345,'1707880',$);
#11351=IFCPROPERTYSET('1QQCXLNSb6XqT0LO5GZw6J',#18,'Pset_BuildingElementProxyCommon',$,(#9212));
#11352=IFCPROPERTYSET('07viUf2GYm9$DbiIIyfE0Y',#18,'Pset_QuantityTakeOff',$,(#9212));
#11353=IFCRELDEFINESBYPROPERTIES('1YfyqKS1Q0v5VfGXJ$OWa$',#18,$,$,(#11350),#11351);
#11354=IFCRELDEFINESBYPROPERTIES('0CfOsQ_6nkt0CpSfjhGVxf',#18,$,$,(#11350),#11352);
#11355=IFCMAPPEDITEM(#9202,#2160);
#11356=IFCSHAPEREPRESENTATION(#24,'Body','MappedRepresentation',(#11355));
#11357=IFCPRODUCTDEFINITIONSHAPE($,$,(#11356));
#11358=IFCCARTESIANPOINT((0.80610299650626593,-1.5187004630831937,0.));
#11359=IFCDIRECTION((-0.70710586896197425,0.70710769340994406,0.));
#11360=IFCAXIS2PLACEMENT3D(#11358,#9,#11359);
#11361=IFCLOCALPLACEMENT(#42,#11360);
#11362=IFCBUILDINGELEMENTPROXY('3VQpRo4$f198haVzSg9ZXZ',#18,'Andamio Parametrico:1x1 - Escalera:1707881',$,'Andamio Parametrico:1x1 - Escalera',#11361,#11357,'1707881',$);
#11363=IFCPROPERTYSET('0r5kJCINnSFpSjk2JTXdYF',#18,'Pset_BuildingElementProxyCommon',$,(#9212));
#11364=IFCPROPERTYSET('2e3BUh28QFgb$_8s_ZKjLP',#18,'Pset_QuantityTakeOff',$,(#9212));
#11365=IFCRELDEFINESBYPROPERTIES('3ftNiC2XNRv8_4xLRSivdt',#18,$,$,(#11362),#11363);
#11366=IFCRELDEFINESBYPROPERTIES('10hUnT5906Zs8rXEsjONO9',#18,$,$,(#11362),#11364);
#11367=IFCMAPPEDITEM(#9202,#2160);
#11368=IFCSHAPEREPRESENTATION(#24,'Body','MappedRepresentation',(#11367));
#11369=IFCPRODUCTDEFINITIONSHAPE($,$,(#11368));
#11370=IFCCARTESIANPOINT((-0.26869931089639393,-1.5186990765027391,0.));
#11371=IFCDIRECTION((-0.70710586896197425,0.70710769340994406,0.));
#11372=IFCAXIS2PLACEMENT3D(#11370,#9,#11371);
#11373=IFCLOCALPLACEMENT(#42,#11372);
#11374=IFCBUILDINGELEMENTPROXY('3VQpRo4$f198haVzSg9ZXW',#18,'Andamio Parametrico:1x1 - Escalera:1707882',$,'Andamio Parametrico:1x1 - Escalera',#11373,#11369,'1707882',$);
#11375=IFCPROPERTYSET('3g8m3bYo5btSlLRBgjm4hZ',#18,'Pset_BuildingElementProxyCommon',$,(#9212));
#11376=IFCPROPERTYSET('2fsmD0JXnGHlNYOzj75gF4',#18,'Pset_QuantityTakeOff',$,(#9212));
#11377=IFCRELDEFINESBYPROPERTIES('2flJqqDhuU3cfbo1Dk4IeR',#18,$,$,(#11374),#11375);
#11378=IFCRELDEFINESBYPROPERTIES('0LUrk_ZQUQ5RDQLJljy8rl',#18,$,$,(#11374),#11376);
#11379=IFCMAPPEDITEM(#9202,#2160);
#11380=IFCSHAPEREPRESENTATION(#24,'Body','MappedRepresentation',(#11379));
#11381=IFCPRODUCTDEFINITIONSHAPE($,$,(#11380));
#11382=IFCCARTESIANPOINT((-1.3435016182990518,-1.518697689922285,0.));
#11383=IFCDIRECTION((-0.70710586896197425,0.70710769340994406,0.));
#11384=IFCAXIS2PLACEMENT3D(#11382,#9,#11383);
#11385=IFCLOCALPLACEMENT(#42,#11384);
#11386=IFCBUILDINGELEMENTPROXY('3VQpRo4$f198haVzSg9ZXX',#18,'Andamio Parametrico:1x1 - Escalera:1707883',$,'Andamio Parametrico:1x1 - Escalera',#11385,#11381,'1707883',$);
#11387=IFCPROPERTYSET('1jsFIX9Rl1_a3DcE1_u2mJ',#18,'Pset_BuildingElementProxyCommon',$,(#9212));
#11388=IFCPROPERTYSET('14q8EgCUhJdvRFRQ$pGKrX',#18,'Pset_QuantityTakeOff',$,(#9212));
#11389=IFCRELDEFINESBYPROPERTIES('08JHwQPebNIPLuvhRQadan',#18,$,$,(#11386),#11387);
#11390=IFCRELDEFINESBYPROPERTIES('1ReGBIU8C2wQdusQIZFzRv',#18,$,$,(#11386),#11388);
#11391=IFCMAPPEDITEM(#9202,#2160);
#11392=IFCSHAPEREPRESENTATION(#24,'Body','MappedRepresentation',(#11391));
#11393=IFCPRODUCTDEFINITIONSHAPE($,$,(#11392));
#11394=IFCCARTESIANPOINT((1.8809039173284716,-2.5935041570663055,0.));
#11395=IFCDIRECTION((-0.70710586896197425,0.70710769340994406,0.));
#11396=IFCAXIS2PLACEMENT3D(#11394,#9,#11395);
#11397=IFCLOCALPLACEMENT(#42,#11396);
#11398=IFCBUILDINGELEMENTPROXY('3VQpRo4$f198haVzSg9ZXc',#18,'Andamio Parametrico:1x1 - Escalera:1707884',$,'Andamio Parametrico:1x1 - Escalera',#11397,#11393,'1707884',$);
#11399=IFCPROPERTYSET('2HM3J05JiAFMynZVFGwRFe',#18,'Pset_BuildingElementProxyCommon',$,(#9212));
#11400=IFCPROPERTYSET('3mdkki7H2ZeasmXpK8C8u5',#18,'Pset_QuantityTakeOff',$,(#9212));
#11401=IFCRELDEFINESBYPROPERTIES('07Qqu67_nFG_77$lfoB$kl',#18,$,$,(#11398),#11399);
#11402=IFCRELDEFINESBYPROPERTIES('0sFMJYXMRW4mwZqmNAWHIK',#18,$,$,(#11398),#11400);
#11403=IFCMAPPEDITEM(#9202,#2160);
#11404=IFCSHAPEREPRESENTATION(#24,'Body','MappedRepresentation',(#11403));
#11405=IFCPRODUCTDEFINITIONSHAPE($,$,(#11404));
#11406=IFCCARTESIANPOINT((0.80610160992581192,-2.5935027704858502,0.));
#11407=IFCDIRECTION((-0.70710586896197425,0.70710769340994406,0.));
#11408=IFCAXIS2PLACEMENT3D(#11406,#9,#11407);
#11409=IFCLOCALPLACEMENT(#42,#11408);
#11410=IFCBUILDINGELEMENTPROXY('3VQpRo4$f198haVzSg9ZXd',#18,'Andamio Parametrico:1x1 - Escalera:1707885',$,'Andamio Parametrico:1x1 - Escalera',#11409,#11405,'1707885',$);
#11411=IFCPROPERTYSET('0fukMSXUFAD0K6NqUmI5ew',#18,'Pset_BuildingElementProxyCommon',$,(#9212));
#11412=IFCPROPERTYSET('3OqHf$HPnG1_aTdnidYXSv',#18,'Pset_QuantityTakeOff',$,(#9212));
#11413=IFCRELDEFINESBYPROPERTIES('02P2jrNcf8pcpdpvhSUCSo',#18,$,$,(#11410),#11411);
#11414=IFCRELDEFINESBYPROPERTIES('0meJk4KQz$TtvqmEWQPSdL',#18,$,$,(#11410),#11412);
#11415=IFCMAPPEDITEM(#9202,#2160);
#11416=IFCSHAPEREPRESENTATION(#24,'Body','MappedRepresentation',(#11415));
#11417=IFCPRODUCTDEFINITIONSHAPE($,$,(#11416));
#11418=IFCCARTESIANPOINT((-0.26870069747684799,-2.5935013839053953,0.));
#11419=IFCDIRECTION((-0.70710586896197425,0.70710769340994406,0.));
#11420=IFCAXIS2PLACEMENT3D(#11418,#9,#11419);
#11421=IFCLOCALPLACEMENT(#42,#11420);
#11422=IFCBUILDINGELEMENTPROXY('3VQpRo4$f198haVzSg9ZXa',#18,'Andamio Parametrico:1x1 - Escalera:1707886',$,'Andamio Parametrico:1x1 - Escalera',#11421,#11417,'1707886',$);
#11423=IFCPROPERTYSET('1BfiwmJtaRO1FIMl9UoM0a',#18,'Pset_BuildingElementProxyCommon',$,(#9212));
#11424=IFCPROPERTYSET('39B8df6YN$d4fngO0lKljn',#18,'Pset_QuantityTakeOff',$,(#9212));
#11425=IFCRELDEFINESBYPROPERTIES('0x76lmyQGm1H8XOj2ihfKv',#18,$,$,(#11422),#11423);
#11426=IFCRELDEFINESBYPROPERTIES('1mxqxGV6z_IxdlTGgsjylZ',#18,$,$,(#11422),#11424);
#11427=IFCMAPPEDITEM(#9202,#2160);
#11428=IFCSHAPEREPRESENTATION(#24,'Body','MappedRepresentation',(#11427));
#11429=IFCPRODUCTDEFINITIONSHAPE($,$,(#11428));
#11430=IFCCARTESIANPOINT((-1.343503004879508,-2.5934999973249417,0.));
#11431=IFCDIRECTION((-0.70710586896197425,0.70710769340994406,0.));
#11432=IFCAXIS2PLACEMENT3D(#11430,#9,#11431);
#11433=IFCLOCALPLACEMENT(#42,#11432);
#11434=IFCBUILDINGELEMENTPROXY('3VQpRo4$f198haVzSg9ZXb',#18,'Andamio Parametrico:1x1 - Escalera:1707887',$,'Andamio Parametrico:1x1 - Escalera',#11433,#11429,'1707887',$);
#11435=IFCPROPERTYSET('2ifnJIPiE1WeFIm6bKNtDn',#18,'Pset_BuildingElementProxyCommon',$,(#9212));
#11436=IFCPROPERTYSET('3EcGQVa72ceKSyLMCvkYWk',#18,'Pset_QuantityTakeOff',$,(#9212));
#11437=IFCRELDEFINESBYPROPERTIES('1jZpI9Bct9Ggkrf8uh4wor',#18,$,$,(#11434),#11435);
#11438=IFCRELDEFINESBYPROPERTIES('3DJCqRdNZ5LXzrem2MHd7o',#18,$,$,(#11434),#11436);
#11439=IFCMAPPEDITEM(#9421,#2160);
#11440=IFCSHAPEREPRESENTATION(#24,'Body','MappedRepresentation',(#11439));
#11441=IFCPRODUCTDEFINITIONSHAPE($,$,(#11440));
#11442=IFCCARTESIANPOINT((1.8809046106186824,-2.0561030033649441,0.));
#11443=IFCDIRECTION((-0.70710769341000879,-0.70710586896190952,0.));
#11444=IFCAXIS2PLACEMENT3D(#11442,#9,#11443);
#11445=IFCLOCALPLACEMENT(#42,#11444);
#11446=IFCBUILDINGELEMENTPROXY('3VQpRo4$f198haVzSg9ZXw',#18,'Andamio Parametrico:1x1 - Cruces Completas:1707888',$,'Andamio Parametrico:1x1 - Cruces Completas',#11445,#11441,'1707888',$);
#11447=IFCPROPERTYSET('1HL1d$7gXQbYtt1eabSmNT',#18,'Pset_BuildingElementProxyCommon',$,(#9431));
#11448=IFCPROPERTYSET('0yzwg9TsI5upqQ2dk_mg3g',#18,'Pset_QuantityTakeOff',$,(#9431));
#11449=IFCRELDEFINESBYPROPERTIES('0B_i9fbrkxKPggm2HZx5To',#18,$,$,(#11446),#11447);
#11450=IFCRELDEFINESBYPROPERTIES('0Fe$Drp_m$XjCHT7Zo8IJc',#18,$,$,(#11446),#11448);
#11451=IFCMAPPEDITEM(#9421,#2160);
#11452=IFCSHAPEREPRESENTATION(#24,'Body','MappedRepresentation',(#11451));
#11453=IFCPRODUCTDEFINITIONSHAPE($,$,(#11452));
#11454=IFCCARTESIANPOINT((0.80610230321602483,-2.0561016167844888,0.));
#11455=IFCDIRECTION((-0.70710769341000879,-0.70710586896190952,0.));
#11456=IFCAXIS2PLACEMENT3D(#11454,#9,#11455);
#11457=IFCLOCALPLACEMENT(#42,#11456);
#11458=IFCBUILDINGELEMENTPROXY('3VQpRo4$f198haVzSg9ZXx',#18,'Andamio Parametrico:1x1 - Cruces Completas:1707889',$,'Andamio Parametrico:1x1 - Cruces Completas',#11457,#11453,'1707889',$);
#11459=IFCPROPERTYSET('2_G0ntFgeRUpzqCUZgnIp6',#18,'Pset_BuildingElementProxyCommon',$,(#9431));
#11460=IFCPROPERTYSET('1GNn09rnaLN4Mi0$NaeRbA',#18,'Pset_QuantityTakeOff',$,(#9431));
#11461=IFCRELDEFINESBYPROPERTIES('2Olo1QzMVbzxsKG_orf9h6',#18,$,$,(#11458),#11459);
#11462=IFCRELDEFINESBYPROPERTIES('0SU3C37WQgekRT2iYwSkYF',#18,$,$,(#11458),#11460);
#11463=IFCMAPPEDITEM(#9421,#2160);
#11464=IFCSHAPEREPRESENTATION(#24,'Body','MappedRepresentation',(#11463));
#11465=IFCPRODUCTDEFINITIONSHAPE($,$,(#11464));
#11466=IFCCARTESIANPOINT((-0.26870000418663503,-2.0561002302040357,0.));
#11467=IFCDIRECTION((-0.70710769341000879,-0.70710586896190952,0.));
#11468=IFCAXIS2PLACEMENT3D(#11466,#9,#11467);
#11469=IFCLOCALPLACEMENT(#42,#11468);
#11470=IFCBUILDINGELEMENTPROXY('3VQpRo4$f198haVzSg9ZXu',#18,'Andamio Parametrico:1x1 - Cruces Completas:1707890',$,'Andamio Parametrico:1x1 - Cruces Completas',#11469,#11465,'1707890',$);
#11471=IFCPROPERTYSET('33szBIpL4dVZsunR7Yx2jV',#18,'Pset_BuildingElementProxyCommon',$,(#9431));
#11472=IFCPROPERTYSET('1z8gsyrmVLkvIAB1l7rbAe',#18,'Pset_QuantityTakeOff',$,(#9431));
#11473=IFCRELDEFINESBYPROPERTIES('2n2dBIUjTn4fc_VF0GHZ60',#18,$,$,(#11470),#11471);
#11474=IFCRELDEFINESBYPROPERTIES('0mGjZYekhSaab1i0bvTHJ$',#18,$,$,(#11470),#11472);
#11475=IFCMAPPEDITEM(#9421,#2160);
#11476=IFCSHAPEREPRESENTATION(#24,'Body','MappedRepresentation',(#11475));
#11477=IFCPRODUCTDEFINITIONSHAPE($,$,(#11476));
#11478=IFCCARTESIANPOINT((-1.343502311589295,-2.0560988436235816,0.));
#11479=IFCDIRECTION((-0.70710769341000879,-0.70710586896190952,0.));
#11480=IFCAXIS2PLACEMENT3D(#11478,#9,#11479);
#11481=IFCLOCALPLACEMENT(#42,#11480);
#11482=IFCBUILDINGELEMENTPROXY('3VQpRo4$f198haVzSg9ZXv',#18,'Andamio Parametrico:1x1 - Cruces Completas:1707891',$,'Andamio Parametrico:1x1 - Cruces Completas',#11481,#11477,'1707891',$);
#11483=IFCPROPERTYSET('27NGwAHYG5reDCxxwRLhiq',#18,'Pset_BuildingElementProxyCommon',$,(#9431));
#11484=IFCPROPERTYSET('12UZfe4eX6PyFAYEMIjNQb',#18,'Pset_QuantityTakeOff',$,(#9431));
#11485=IFCRELDEFINESBYPROPERTIES('2oFALshVWhZkI5$sZei9ME',#18,$,$,(#11482),#11483);
#11486=IFCRELDEFINESBYPROPERTIES('2LwyMnDMVl9DUt4zizHMkt',#18,$,$,(#11482),#11484);
#11487=IFCMAPPEDITEM(#9421,#2160);
#11488=IFCSHAPEREPRESENTATION(#24,'Body','MappedRepresentation',(#11487));
#11489=IFCPRODUCTDEFINITIONSHAPE($,$,(#11488));
#11490=IFCCARTESIANPOINT((2.4183057643200274,-2.0561036966552262,0.));
#11491=IFCDIRECTION((-0.70710586896197414,0.70710769340994417,0.));
#11492=IFCAXIS2PLACEMENT3D(#11490,#9,#11491);
#11493=IFCLOCALPLACEMENT(#38,#11492);
#11494=IFCBUILDINGELEMENTPROXY('3VQpRo4$f198haVzSg9ZX_',#18,'Andamio Parametrico:1x1 - Cruces Completas:1707892',$,'Andamio Parametrico:1x1 - Cruces Completas',#11493,#11489,'1707892',$);
#11495=IFCPROPERTYSET('1J8JPzEmyhjQuc9zi9crC7',#18,'Pset_BuildingElementProxyCommon',$,(#9431));
#11496=IFCPROPERTYSET('3qbiD4WNv_6ZZTh3JIu$3S',#18,'Pset_QuantityTakeOff',$,(#9431));
#11497=IFCRELDEFINESBYPROPERTIES('14DRR9fP8YuyFAUt9KyyRC',#18,$,$,(#11494),#11495);
#11498=IFCRELDEFINESBYPROPERTIES('03Mj3KR4siTbyfPhxcm02$',#18,$,$,(#11494),#11496);
#11499=IFCMAPPEDITEM(#9421,#2160);
#11500=IFCSHAPEREPRESENTATION(#24,'Body','MappedRepresentation',(#11499));
#11501=IFCPRODUCTDEFINITIONSHAPE($,$,(#11500));
#11502=IFCCARTESIANPOINT((1.3435034569173439,-2.0561023100747708,0.));
#11503=IFCDIRECTION((-0.70710586896197414,0.70710769340994417,0.));
#11504=IFCAXIS2PLACEMENT3D(#11502,#9,#11503);
#11505=IFCLOCALPLACEMENT(#38,#11504);
#11506=IFCBUILDINGELEMENTPROXY('3VQpRo4$f198haVzSg9ZX$',#18,'Andamio Parametrico:1x1 - Cruces Completas:1707893',$,'Andamio Parametrico:1x1 - Cruces Completas',#11505,#11501,'1707893',$);
#11507=IFCPROPERTYSET('23Pla7$BPJd05a$DVyxjK$',#18,'Pset_BuildingElementProxyCommon',$,(#9431));
#11508=IFCPROPERTYSET('0C0pKBMEi4g9g9Kr7GoqGb',#18,'Pset_QuantityTakeOff',$,(#9431));
#11509=IFCRELDEFINESBYPROPERTIES('0cqD0hrFccHsd_F9yA6RPa',#18,$,$,(#11506),#11507);
#11510=IFCRELDEFINESBYPROPERTIES('1zLMyKKo$0Alq6IlJIkW3e',#18,$,$,(#11506),#11508);
#11511=IFCMAPPEDITEM(#9421,#2160);
#11512=IFCSHAPEREPRESENTATION(#24,'Body','MappedRepresentation',(#11511));
#11513=IFCPRODUCTDEFINITIONSHAPE($,$,(#11512));
#11514=IFCCARTESIANPOINT((0.26870114951468405,-2.0561009234943151,0.));
#11515=IFCDIRECTION((-0.70710586896197414,0.70710769340994417,0.));
#11516=IFCAXIS2PLACEMENT3D(#11514,#9,#11515);
#11517=IFCLOCALPLACEMENT(#38,#11516);
#11518=IFCBUILDINGELEMENTPROXY('3VQpRo4$f198haVzSg9ZXy',#18,'Andamio Parametrico:1x1 - Cruces Completas:1707894',$,'Andamio Parametrico:1x1 - Cruces Completas',#11517,#11513,'1707894',$);
#11519=IFCPROPERTYSET('20u5AQJDfI56qggCbtBTKf',#18,'Pset_BuildingElementProxyCommon',$,(#9431));
#11520=IFCPROPERTYSET('2aLoUM$p6ugsngfTL8tWXM',#18,'Pset_QuantityTakeOff',$,(#9431));
#11521=IFCRELDEFINESBYPROPERTIES('3rDj5WNFnZCsuKLH_$UBrh',#18,$,$,(#11518),#11519);
#11522=IFCRELDEFINESBYPROPERTIES('0uGCci3mnvm_XQIj3jOqMb',#18,$,$,(#11518),#11520);
#11523=IFCMAPPEDITEM(#9421,#2160);
#11524=IFCSHAPEREPRESENTATION(#24,'Body','MappedRepresentation',(#11523));
#11525=IFCPRODUCTDEFINITIONSHAPE($,$,(#11524));
#11526=IFCCARTESIANPOINT((-0.80610115788797576,-2.056099536913861,0.));
#11527=IFCDIRECTION((-0.70710586896197414,0.70710769340994417,0.));
#11528=IFCAXIS2PLACEMENT3D(#11526,#9,#11527);
#11529=IFCLOCALPLACEMENT(#38,#11528);
#11530=IFCBUILDINGELEMENTPROXY('3VQpRo4$f198haVzSg9ZXz',#18,'Andamio Parametrico:1x1 - Cruces Completas:1707895',$,'Andamio Parametrico:1x1 - Cruces Completas',#11529,#11525,'1707895',$);
#11531=IFCPROPERTYSET('08bnkIUl6HujWL_ze8w7Wa',#18,'Pset_BuildingElementProxyCommon',$,(#9431));
#11532=IFCPROPERTYSET('08zccdh2TXSM91T6IgQG1l',#18,'Pset_QuantityTakeOff',$,(#9431));
#11533=IFCRELDEFINESBYPROPERTIES('3yaWbC0syuwPLc87mMchTy',#18,$,$,(#11530),#11531);
#11534=IFCRELDEFINESBYPROPERTIES('0qGoshfYExI4uF5TJmcjbu',#18,$,$,(#11530),#11532);
#11535=IFCMAPPEDITEM(#9421,#2160);
#11536=IFCSHAPEREPRESENTATION(#24,'Body','MappedRepresentation',(#11535));
#11537=IFCPRODUCTDEFINITIONSHAPE($,$,(#11536));
#11538=IFCCARTESIANPOINT((-1.8809034652906358,-2.0560981503334066,0.));
#11539=IFCDIRECTION((-0.70710586896197414,0.70710769340994417,0.));
#11540=IFCAXIS2PLACEMENT3D(#11538,#9,#11539);
#11541=IFCLOCALPLACEMENT(#38,#11540);
#11542=IFCBUILDINGELEMENTPROXY('3VQpRo4$f198haVzSg9ZXo',#18,'Andamio Parametrico:1x1 - Cruces Completas:1707896',$,'Andamio Parametrico:1x1 - Cruces Completas',#11541,#11537,'1707896',$);
#11543=IFCPROPERTYSET('0gHWg1TUez$hcqSXYb2yJC',#18,'Pset_BuildingElementProxyCommon',$,(#9431));
#11544=IFCPROPERTYSET('1H6d8m0BCFLusawSL4GvAk',#18,'Pset_QuantityTakeOff',$,(#9431));
#11545=IFCRELDEFINESBYPROPERTIES('11nzPQsHVM33gZal4VTNwn',#18,$,$,(#11542),#11543);
#11546=IFCRELDEFINESBYPROPERTIES('1ovIAbAijRX7EMhXY7KCuM',#18,$,$,(#11542),#11544);
#11547=IFCMAPPEDITEM(#9421,#2160);
#11548=IFCSHAPEREPRESENTATION(#24,'Body','MappedRepresentation',(#11547));
#11549=IFCPRODUCTDEFINITIONSHAPE($,$,(#11548));
#11550=IFCCARTESIANPOINT((1.3435020703368898,-3.1309046174774267,0.));
#11551=IFCDIRECTION((-0.70710586896197414,0.70710769340994417,0.));
#11552=IFCAXIS2PLACEMENT3D(#11550,#9,#11551);
#11553=IFCLOCALPLACEMENT(#38,#11552);
#11554=IFCBUILDINGELEMENTPROXY('3VQpRo4$f198haVzSg9ZXp',#18,'Andamio Parametrico:1x1 - Cruces Completas:1707897',$,'Andamio Parametrico:1x1 - Cruces Completas',#11553,#11549,'1707897',$);
#11555=IFCPROPERTYSET('2xoix5AHIAZK0vlRR5iLGj',#18,'Pset_BuildingElementProxyCommon',$,(#9431));
#11556=IFCPROPERTYSET('2SoqiKEmV7J844usfdb0op',#18,'Pset_QuantityTakeOff',$,(#9431));
#11557=IFCRELDEFINESBYPROPERTIES('3OaGlKFW99wuf7Myqng_KV',#18,$,$,(#11554),#11555);
#11558=IFCRELDEFINESBYPROPERTIES('0uVo54HhjTWL1QilGvYUzo',#18,$,$,(#11554),#11556);
#11559=IFCMAPPEDITEM(#9421,#2160);
#11560=IFCSHAPEREPRESENTATION(#24,'Body','MappedRepresentation',(#11559));
#11561=IFCPRODUCTDEFINITIONSHAPE($,$,(#11560));
#11562=IFCCARTESIANPOINT((0.2686997629342322,-3.1309032308969718,0.));
#11563=IFCDIRECTION((-0.70710586896197414,0.70710769340994417,0.));
#11564=IFCAXIS2PLACEMENT3D(#11562,#9,#11563);
#11565=IFCLOCALPLACEMENT(#38,#11564);
#11566=IFCBUILDINGELEMENTPROXY('3VQpRo4$f198haVzSg9ZXm',#18,'Andamio Parametrico:1x1 - Cruces Completas:1707898',$,'Andamio Parametrico:1x1 - Cruces Completas',#11565,#11561,'1707898',$);
#11567=IFCPROPERTYSET('0om5kDY4dSzpm3Sgj5RG6P',#18,'Pset_BuildingElementProxyCommon',$,(#9431));
#11568=IFCPROPERTYSET('1zuKDe$bdA0ya4iih6rz6d',#18,'Pset_QuantityTakeOff',$,(#9431));
#11569=IFCRELDEFINESBYPROPERTIES('3p_DEnTRPS6ih28Zi7pKhH',#18,$,$,(#11566),#11567);
#11570=IFCRELDEFINESBYPROPERTIES('0nSPz$dV1RM77zCCciIvhQ',#18,$,$,(#11566),#11568);
#11571=IFCMAPPEDITEM(#9421,#2160);
#11572=IFCSHAPEREPRESENTATION(#24,'Body','MappedRepresentation',(#11571));
#11573=IFCPRODUCTDEFINITIONSHAPE($,$,(#11572));
#11574=IFCCARTESIANPOINT((-0.80610254446842977,-3.1309018443165177,0.));
#11575=IFCDIRECTION((-0.70710586896197414,0.70710769340994417,0.));
#11576=IFCAXIS2PLACEMENT3D(#11574,#9,#11575);
#11577=IFCLOCALPLACEMENT(#38,#11576);
#11578=IFCBUILDINGELEMENTPROXY('3VQpRo4$f198haVzSg9ZXn',#18,'Andamio Parametrico:1x1 - Cruces Completas:1707899',$,'Andamio Parametrico:1x1 - Cruces Completas',#11577,#11573,'1707899',$);
#11579=IFCPROPERTYSET('1hVXS5zTY_2yS7MOVaB5pp',#18,'Pset_BuildingElementProxyCommon',$,(#9431));
#11580=IFCPROPERTYSET('080hzoR6STcJpj0D_z3gLX',#18,'Pset_QuantityTakeOff',$,(#9431));
#11581=IFCRELDEFINESBYPROPERTIES('3_BPHJMl_j8fkWQTHAIpJG',#18,$,$,(#11578),#11579);
#11582=IFCRELDEFINESBYPROPERTIES('38u3hmLULzMNAYpTLnp6hG',#18,$,$,(#11578),#11580);
#11583=IFCMAPPEDITEM(#9202,#2160);
#11584=IFCSHAPEREPRESENTATION(#24,'Body','MappedRepresentation',(#11583));
#11585=IFCPRODUCTDEFINITIONSHAPE($,$,(#11584));
#11586=IFCCARTESIANPOINT((1.3435041502075882,-1.5187011563733854,0.));
#11587=IFCDIRECTION((0.70710769340994273,0.70710586896197558,0.));
#11588=IFCAXIS2PLACEMENT3D(#11586,#9,#11587);
#11589=IFCLOCALPLACEMENT(#46,#11588);
#11590=IFCBUILDINGELEMENTPROXY('3VQpRo4$f198haVzSg9ZXt',#18,'Andamio Parametrico:1x1 - Escalera:1707901',$,'Andamio Parametrico:1x1 - Escalera',#11589,#11585,'1707901',$);
#11591=IFCPROPERTYSET('1fyGwbLV4WiSiOUlVTY_Re',#18,'Pset_BuildingElementProxyCommon',$,(#9212));
#11592=IFCPROPERTYSET('30zaQCdq5ckmfJUkX6tsbd',#18,'Pset_QuantityTakeOff',$,(#9212));
#11593=IFCRELDEFINESBYPROPERTIES('0$XxoUAx0ZUUzxsToIioQV',#18,$,$,(#11590),#11591);
#11594=IFCRELDEFINESBYPROPERTIES('3lEJFsPg_4J2qo335Vbq3e',#18,$,$,(#11590),#11592);
#11595=IFCMAPPEDITEM(#9202,#2160);
#11596=IFCSHAPEREPRESENTATION(#24,'Body','MappedRepresentation',(#11595));
#11597=IFCPRODUCTDEFINITIONSHAPE($,$,(#11596));
#11598=IFCCARTESIANPOINT((0.2687018428049282,-1.5186997697929301,0.));
#11599=IFCDIRECTION((0.70710769340994273,0.70710586896197558,0.));
#11600=IFCAXIS2PLACEMENT3D(#11598,#9,#11599);
#11601=IFCLOCALPLACEMENT(#46,#11600);
#11602=IFCBUILDINGELEMENTPROXY('3VQpRo4$f198haVzSg9ZXq',#18,'Andamio Parametrico:1x1 - Escalera:1707902',$,'Andamio Parametrico:1x1 - Escalera',#11601,#11597,'1707902',$);
#11603=IFCPROPERTYSET('2q5ZWrPOC1j57ZlAJBYOnP',#18,'Pset_BuildingElementProxyCommon',$,(#9212));
#11604=IFCPROPERTYSET('0mrnYclII_z7RYBUjs3_2N',#18,'Pset_QuantityTakeOff',$,(#9212));
#11605=IFCRELDEFINESBYPROPERTIES('0_fuwq5isK7Df0_lcf07kl',#18,$,$,(#11602),#11603);
#11606=IFCRELDEFINESBYPROPERTIES('1WTvA48BArufvlleW10FC$',#18,$,$,(#11602),#11604);
#11607=IFCMAPPEDITEM(#9202,#2160);
#11608=IFCSHAPEREPRESENTATION(#24,'Body','MappedRepresentation',(#11607));
#11609=IFCPRODUCTDEFINITIONSHAPE($,$,(#11608));
#11610=IFCCARTESIANPOINT((-0.80610046459774554,-1.5186983832124448,0.));
#11611=IFCDIRECTION((-0.70710769340994528,-0.70710586896197303,0.));
#11612=IFCAXIS2PLACEMENT3D(#11610,#9,#11611);
#11613=IFCLOCALPLACEMENT(#46,#11612);
#11614=IFCBUILDINGELEMENTPROXY('3VQpRo4$f198haVzSg9ZXr',#18,'Andamio Parametrico:1x1 - Escalera:1707903',$,'Andamio Parametrico:1x1 - Escalera',#11613,#11609,'1707903',$);
#11615=IFCPROPERTYSET('2FNDN0FkH7UqL_WJ3cjApV',#18,'Pset_BuildingElementProxyCommon',$,(#9212));
#11616=IFCPROPERTYSET('0Kr4nwHsOETGpbalbtJVbv',#18,'Pset_QuantityTakeOff',$,(#9212));
#11617=IFCRELDEFINESBYPROPERTIES('3QhCxdBWPIBYyZpw41wAmx',#18,$,$,(#11614),#11615);
#11618=IFCRELDEFINESBYPROPERTIES('15Bf4IAB9LeJikm3lNp9gQ',#18,$,$,(#11614),#11616);
#11619=IFCMAPPEDITEM(#9202,#2160);
#11620=IFCSHAPEREPRESENTATION(#24,'Body','MappedRepresentation',(#11619));
#11621=IFCPRODUCTDEFINITIONSHAPE($,$,(#11620));
#11622=IFCCARTESIANPOINT((0.26870045622440053,-2.5935020771955379,0.));
#11623=IFCDIRECTION((0.70710769340994273,0.70710586896197558,0.));
#11624=IFCAXIS2PLACEMENT3D(#11622,#9,#11623);
#11625=IFCLOCALPLACEMENT(#46,#11624);
#11626=IFCBUILDINGELEMENTPROXY('3VQpRo4$f198haVzSg9ZYA',#18,'Andamio Parametrico:1x1 - Escalera:1707904',$,'Andamio Parametrico:1x1 - Escalera',#11625,#11621,'1707904',$);
#11627=IFCPROPERTYSET('0cfAUOmK4NpZVJE3INJ7FT',#18,'Pset_BuildingElementProxyCommon',$,(#9212));
#11628=IFCPROPERTYSET('2AHoAgD192NWNAlo0xm8vB',#18,'Pset_QuantityTakeOff',$,(#9212));
#11629=IFCRELDEFINESBYPROPERTIES('1z1GSr03acmvh3bknuUzV3',#18,$,$,(#11626),#11627);
#11630=IFCRELDEFINESBYPROPERTIES('2C2CTCBBkTtUhluf8xc3Zh',#18,$,$,(#11626),#11628);
#11631=IFCMAPPEDITEM(#10039,#2160);
#11632=IFCSHAPEREPRESENTATION(#24,'Body','MappedRepresentation',(#11631));
#11633=IFCPRODUCTDEFINITIONSHAPE($,$,(#11632));
#11634=IFCCARTESIANPOINT((-3.2244041199135776,-1.2220946865573217,0.));
#11635=IFCDIRECTION((-1.,1.2900795253619688E-006,0.));
#11636=IFCAXIS2PLACEMENT3D(#11634,#9,#11635);
#11637=IFCLOCALPLACEMENT(#34,#11636);
#11638=IFCBUILDINGELEMENTPROXY('3VQpRo4$f198haVzSg9ZYB',#18,'Cubo Parametrico:Placa Diagonal:1707905',$,'Cubo Parametrico:Placa Diagonal',#11637,#11633,'1707905',$);
#11639=IFCPROPERTYSET('1fh2LVMox7IJ0Yu85u$B1P',#18,'Pset_BuildingElementProxyCommon',$,(#10053));
#11640=IFCPROPERTYSET('2SH9yLIBnpwd6tjf6Dzqbu',#18,'Pset_QuantityTakeOff',$,(#10053));
#11641=IFCRELDEFINESBYPROPERTIES('3mUrTSq5NGBF6446kqgxOV',#18,$,$,(#11638),#11639);
#11642=IFCRELDEFINESBYPROPERTIES('3RTsKpE57hYy22fZOm_rMq',#18,$,$,(#11638),#11640);
#11643=IFCMAPPEDITEM(#10039,#2160);
#11644=IFCSHAPEREPRESENTATION(#24,'Body','MappedRepresentation',(#11643));
#11645=IFCPRODUCTDEFINITIONSHAPE($,$,(#11644));
#11646=IFCCARTESIANPOINT((-2.14960181251092,-1.2220960731377757,0.));
#11647=IFCDIRECTION((-1.,1.2900795253619688E-006,0.));
#11648=IFCAXIS2PLACEMENT3D(#11646,#9,#11647);
#11649=IFCLOCALPLACEMENT(#34,#11648);
#11650=IFCBUILDINGELEMENTPROXY('3VQpRo4$f198haVzSg9ZY8',#18,'Cubo Parametrico:Placa Diagonal:1707906',$,'Cubo Parametrico:Placa Diagonal',#11649,#11645,'1707906',$);
#11651=IFCPROPERTYSET('02DBsKKfasQzcBGv5fXQJx',#18,'Pset_BuildingElementProxyCommon',$,(#10053));
#11652=IFCPROPERTYSET('3HJBMtm9aYKc5sKrQsYdhm',#18,'Pset_QuantityTakeOff',$,(#10053));
#11653=IFCRELDEFINESBYPROPERTIES('0Adz6faz$tUAqaFHhYnF8d',#18,$,$,(#11650),#11651);
#11654=IFCRELDEFINESBYPROPERTIES('24fEH7PMLLeF2VM4j8yQjq',#18,$,$,(#11650),#11652);
#11655=IFCMAPPEDITEM(#10039,#2160);
#11656=IFCSHAPEREPRESENTATION(#24,'Body','MappedRepresentation',(#11655));
#11657=IFCPRODUCTDEFINITIONSHAPE($,$,(#11656));
#11658=IFCCARTESIANPOINT((-1.0747995051082602,-1.2220974597182299,0.));
#11659=IFCDIRECTION((-1.,1.2900795253619688E-006,0.));
#11660=IFCAXIS2PLACEMENT3D(#11658,#9,#11659);
#11661=IFCLOCALPLACEMENT(#34,#11660);
#11662=IFCBUILDINGELEMENTPROXY('3VQpRo4$f198haVzSg9ZY9',#18,'Cubo Parametrico:Placa Diagonal:1707907',$,'Cubo Parametrico:Placa Diagonal',#11661,#11657,'1707907',$);
#11663=IFCPROPERTYSET('1fpyHPvfDDtINpWCKIXTL_',#18,'Pset_BuildingElementProxyCommon',$,(#10053));
#11664=IFCPROPERTYSET('1AngCfswZJMEw6TaTk9L7t',#18,'Pset_QuantityTakeOff',$,(#10053));
#11665=IFCRELDEFINESBYPROPERTIES('0crTNw7HaSZgJt49k_F3Nz',#18,$,$,(#11662),#11663);
#11666=IFCRELDEFINESBYPROPERTIES('1PdNVV4hdDjPk$RafP9rav',#18,$,$,(#11662),#11664);
#11667=IFCMAPPEDITEM(#10039,#2160);
#11668=IFCSHAPEREPRESENTATION(#24,'Body','MappedRepresentation',(#11667));
#11669=IFCPRODUCTDEFINITIONSHAPE($,$,(#11668));
#11670=IFCCARTESIANPOINT((2.8022943975766996E-006,-1.2220988462986855,0.));
#11671=IFCDIRECTION((-1.,1.2900795253619688E-006,0.));
#11672=IFCAXIS2PLACEMENT3D(#11670,#9,#11671);
#11673=IFCLOCALPLACEMENT(#34,#11672);
#11674=IFCBUILDINGELEMENTPROXY('3VQpRo4$f198haVzSg9ZYE',#18,'Cubo Parametrico:Placa Diagonal:1707908',$,'Cubo Parametrico:Placa Diagonal',#11673,#11669,'1707908',$);
#11675=IFCPROPERTYSET('2pOvpCfZPrPPPre8nkdMOe',#18,'Pset_BuildingElementProxyCommon',$,(#10053));
#11676=IFCPROPERTYSET('3id4nJo4ol545sXKkx$H_l',#18,'Pset_QuantityTakeOff',$,(#10053));
#11677=IFCRELDEFINESBYPROPERTIES('2bwggo_jyjEk7MY0_ra3cS',#18,$,$,(#11674),#11675);
#11678=IFCRELDEFINESBYPROPERTIES('0Hc$FLRfOQth9ghAuG7ihu',#18,$,$,(#11674),#11676);
#11679=IFCMAPPEDITEM(#10039,#2160);
#11680=IFCSHAPEREPRESENTATION(#24,'Body','MappedRepresentation',(#11679));
#11681=IFCPRODUCTDEFINITIONSHAPE($,$,(#11680));
#11682=IFCCARTESIANPOINT((1.0748051096970574,-1.2221002328791395,0.));
#11683=IFCDIRECTION((-1.,1.2900795253619688E-006,0.));
#11684=IFCAXIS2PLACEMENT3D(#11682,#9,#11683);
#11685=IFCLOCALPLACEMENT(#34,#11684);
#11686=IFCBUILDINGELEMENTPROXY('3VQpRo4$f198haVzSg9ZYF',#18,'Cubo Parametrico:Placa Diagonal:1707909',$,'Cubo Parametrico:Placa Diagonal',#11685,#11681,'1707909',$);
#11687=IFCPROPERTYSET('1X4_EE$wubx0C2HLJkGMW0',#18,'Pset_BuildingElementProxyCommon',$,(#10053));
#11688=IFCPROPERTYSET('1rlBFG2oPHw6y5rD3ZfTV0',#18,'Pset_QuantityTakeOff',$,(#10053));
#11689=IFCRELDEFINESBYPROPERTIES('1$7nIGDcOlvEi0JkUxPEit',#18,$,$,(#11686),#11687);
#11690=IFCRELDEFINESBYPROPERTIES('2rQXvlJJiqj23u_9TH5HDI',#18,$,$,(#11686),#11688);
#11691=IFCMAPPEDITEM(#10039,#2160);
#11692=IFCSHAPEREPRESENTATION(#24,'Body','MappedRepresentation',(#11691));
#11693=IFCPRODUCTDEFINITIONSHAPE($,$,(#11692));
#11694=IFCCARTESIANPOINT((2.1496074170997175,-1.2221016194595939,0.));
#11695=IFCDIRECTION((-1.,1.2900795253619688E-006,0.));
#11696=IFCAXIS2PLACEMENT3D(#11694,#9,#11695);
#11697=IFCLOCALPLACEMENT(#34,#11696);
#11698=IFCBUILDINGELEMENTPROXY('3VQpRo4$f198haVzSg9ZYC',#18,'Cubo Parametrico:Placa Diagonal:1707910',$,'Cubo Parametrico:Placa Diagonal',#11697,#11693,'1707910',$);
#11699=IFCPROPERTYSET('0vi1ytj3F1PAAhIQCAZn6b',#18,'Pset_BuildingElementProxyCommon',$,(#10053));
#11700=IFCPROPERTYSET('0BC7PWIMTXkvUcIg7fx6AI',#18,'Pset_QuantityTakeOff',$,(#10053));
#11701=IFCRELDEFINESBYPROPERTIES('26sE8kAxXbL4W3KPOTgc_R',#18,$,$,(#11698),#11699);
#11702=IFCRELDEFINESBYPROPERTIES('1L7OAtn82QFG__3zaeTY2x',#18,$,$,(#11698),#11700);
#11703=IFCMAPPEDITEM(#10039,#2160);
#11704=IFCSHAPEREPRESENTATION(#24,'Body','MappedRepresentation',(#11703));
#11705=IFCPRODUCTDEFINITIONSHAPE($,$,(#11704));
#11706=IFCCARTESIANPOINT((3.2244097245023773,-1.2221030060400491,0.));
#11707=IFCDIRECTION((-1.,1.2900795253619688E-006,0.));
#11708=IFCAXIS2PLACEMENT3D(#11706,#9,#11707);
#11709=IFCLOCALPLACEMENT(#34,#11708);
#11710=IFCBUILDINGELEMENTPROXY('3VQpRo4$f198haVzSg9ZYD',#18,'Cubo Parametrico:Placa Diagonal:1707911',$,'Cubo Parametrico:Placa Diagonal',#11709,#11705,'1707911',$);
#11711=IFCPROPERTYSET('19l0g1Ip6cWvj37V7HlKnS',#18,'Pset_BuildingElementProxyCommon',$,(#10053));
#11712=IFCPROPERTYSET('2w67RfWG9SYHS_fO4HEDze',#18,'Pset_QuantityTakeOff',$,(#10053));
#11713=IFCRELDEFINESBYPROPERTIES('1ISOfVCywnibKqJ$DepKJS',#18,$,$,(#11710),#11711);
#11714=IFCRELDEFINESBYPROPERTIES('31jDhXI0NekQGRiWu_y8Z0',#18,$,$,(#11710),#11712);
#11715=IFCMAPPEDITEM(#10039,#2160);
#11716=IFCSHAPEREPRESENTATION(#24,'Body','MappedRepresentation',(#11715));
#11717=IFCPRODUCTDEFINITIONSHAPE($,$,(#11716));
#11718=IFCCARTESIANPOINT((-2.14960181251092,-1.2220960731377757,0.));
#11719=IFCDIRECTION((-1.,1.2900795253619688E-006,0.));
#11720=IFCAXIS2PLACEMENT3D(#11718,#9,#11719);
#11721=IFCLOCALPLACEMENT(#38,#11720);
#11722=IFCBUILDINGELEMENTPROXY('3VQpRo4$f198haVzSg9ZY2',#18,'Cubo Parametrico:Placa Diagonal:1707912',$,'Cubo Parametrico:Placa Diagonal',#11721,#11717,'1707912',$);
#11723=IFCPROPERTYSET('18TWTUw7FFV5FPLCZxDnVm',#18,'Pset_BuildingElementProxyCommon',$,(#10053));
#11724=IFCPROPERTYSET('3Hb2J1gMDb6K2GhzjH9XLH',#18,'Pset_QuantityTakeOff',$,(#10053));
#11725=IFCRELDEFINESBYPROPERTIES('2EPJks9a5HbD4vMARgBQu5',#18,$,$,(#11722),#11723);
#11726=IFCRELDEFINESBYPROPERTIES('1wTmmTHIrD3yrud0N2uDUP',#18,$,$,(#11722),#11724);
#11727=IFCMAPPEDITEM(#10039,#2160);
#11728=IFCSHAPEREPRESENTATION(#24,'Body','MappedRepresentation',(#11727));
#11729=IFCPRODUCTDEFINITIONSHAPE($,$,(#11728));
#11730=IFCCARTESIANPOINT((-1.0747995051082602,-1.2220974597182299,0.));
#11731=IFCDIRECTION((-1.,1.2900795253619688E-006,0.));
#11732=IFCAXIS2PLACEMENT3D(#11730,#9,#11731);
#11733=IFCLOCALPLACEMENT(#38,#11732);
#11734=IFCBUILDINGELEMENTPROXY('3VQpRo4$f198haVzSg9ZY3',#18,'Cubo Parametrico:Placa Diagonal:1707913',$,'Cubo Parametrico:Placa Diagonal',#11733,#11729,'1707913',$);
#11735=IFCPROPERTYSET('2NQLpQZ2SSO7EoJHxHrNOx',#18,'Pset_BuildingElementProxyCommon',$,(#10053));
#11736=IFCPROPERTYSET('3QCeeX69z4ppB1CbUIYRLP',#18,'Pset_QuantityTakeOff',$,(#10053));
#11737=IFCRELDEFINESBYPROPERTIES('39joe3TTjIKS519dkx5JX2',#18,$,$,(#11734),#11735);
#11738=IFCRELDEFINESBYPROPERTIES('3ScezjKMdaNZQsvZLGzqVp',#18,$,$,(#11734),#11736);
#11739=IFCMAPPEDITEM(#10039,#2160);
#11740=IFCSHAPEREPRESENTATION(#24,'Body','MappedRepresentation',(#11739));
#11741=IFCPRODUCTDEFINITIONSHAPE($,$,(#11740));
#11742=IFCCARTESIANPOINT((2.8022943975766996E-006,-1.2220988462986855,0.));
#11743=IFCDIRECTION((-1.,1.2900795253619688E-006,0.));
#11744=IFCAXIS2PLACEMENT3D(#11742,#9,#11743);
#11745=IFCLOCALPLACEMENT(#38,#11744);
#11746=IFCBUILDINGELEMENTPROXY('3VQpRo4$f198haVzSg9ZY0',#18,'Cubo Parametrico:Placa Diagonal:1707914',$,'Cubo Parametrico:Placa Diagonal',#11745,#11741,'1707914',$);
#11747=IFCPROPERTYSET('1ye6nqH4A6d4qRN21so9wx',#18,'Pset_BuildingElementProxyCommon',$,(#10053));
#11748=IFCPROPERTYSET('2JSAExhdcMwnnfDlgaLZYc',#18,'Pset_QuantityTakeOff',$,(#10053));
#11749=IFCRELDEFINESBYPROPERTIES('1yKAmXJ7yqfsm4BvDb1huw',#18,$,$,(#11746),#11747);
#11750=IFCRELDEFINESBYPROPERTIES('2wQve3FiP2RELsJdJJK4Iy',#18,$,$,(#11746),#11748);
#11751=IFCMAPPEDITEM(#10039,#2160);
#11752=IFCSHAPEREPRESENTATION(#24,'Body','MappedRepresentation',(#11751));
#11753=IFCPRODUCTDEFINITIONSHAPE($,$,(#11752));
#11754=IFCCARTESIANPOINT((1.0748051096970574,-1.2221002328791395,0.));
#11755=IFCDIRECTION((-1.,1.2900795253619688E-006,0.));
#11756=IFCAXIS2PLACEMENT3D(#11754,#9,#11755);
#11757=IFCLOCALPLACEMENT(#38,#11756);
#11758=IFCBUILDINGELEMENTPROXY('3VQpRo4$f198haVzSg9ZY1',#18,'Cubo Parametrico:Placa Diagonal:1707915',$,'Cubo Parametrico:Placa Diagonal',#11757,#11753,'1707915',$);
#11759=IFCPROPERTYSET('2fWCZfdRH9Ca$D1N8cFal9',#18,'Pset_BuildingElementProxyCommon',$,(#10053));
#11760=IFCPROPERTYSET('3eFNavnBQHZPVrllEuGCon',#18,'Pset_QuantityTakeOff',$,(#10053));
#11761=IFCRELDEFINESBYPROPERTIES('1ZZm4Nok2815Su$yAnXfYf',#18,$,$,(#11758),#11759);
#11762=IFCRELDEFINESBYPROPERTIES('255P3FwZuP9ytf2m5Det5f',#18,$,$,(#11758),#11760);
#11763=IFCMAPPEDITEM(#10039,#2160);
#11764=IFCSHAPEREPRESENTATION(#24,'Body','MappedRepresentation',(#11763));
#11765=IFCPRODUCTDEFINITIONSHAPE($,$,(#11764));
#11766=IFCCARTESIANPOINT((2.1496074170997175,-1.2221016194595939,0.));
#11767=IFCDIRECTION((-1.,1.2900795253619688E-006,0.));
#11768=IFCAXIS2PLACEMENT3D(#11766,#9,#11767);
#11769=IFCLOCALPLACEMENT(#38,#11768);
#11770=IFCBUILDINGELEMENTPROXY('3VQpRo4$f198haVzSg9ZY6',#18,'Cubo Parametrico:Placa Diagonal:1707916',$,'Cubo Parametrico:Placa Diagonal',#11769,#11765,'1707916',$);
#11771=IFCPROPERTYSET('04UF3acDtVBkRg5JHIV6bB',#18,'Pset_BuildingElementProxyCommon',$,(#10053));
#11772=IFCPROPERTYSET('11JO4kMMwKc$lFf5xPgiDz',#18,'Pset_QuantityTakeOff',$,(#10053));
#11773=IFCRELDEFINESBYPROPERTIES('0wllZSPkiprNOYpd8VN7nG',#18,$,$,(#11770),#11771);
#11774=IFCRELDEFINESBYPROPERTIES('0THEyZuSVgHg3ctELG5zZz',#18,$,$,(#11770),#11772);
#11775=IFCMAPPEDITEM(#10039,#2160);
#11776=IFCSHAPEREPRESENTATION(#24,'Body','MappedRepresentation',(#11775));
#11777=IFCPRODUCTDEFINITIONSHAPE($,$,(#11776));
#11778=IFCCARTESIANPOINT((3.2244097245023773,-1.2221030060400491,0.));
#11779=IFCDIRECTION((-1.,1.2900795253619688E-006,0.));
#11780=IFCAXIS2PLACEMENT3D(#11778,#9,#11779);
#11781=IFCLOCALPLACEMENT(#38,#11780);
#11782=IFCBUILDINGELEMENTPROXY('3VQpRo4$f198haVzSg9ZY7',#18,'Cubo Parametrico:Placa Diagonal:1707917',$,'Cubo Parametrico:Placa Diagonal',#11781,#11777,'1707917',$);
#11783=IFCPROPERTYSET('2GjvS1ntfU2ELWly5RcKIw',#18,'Pset_BuildingElementProxyCommon',$,(#10053));
#11784=IFCPROPERTYSET('13u58pe$v5bLJuJe9VzZi1',#18,'Pset_QuantityTakeOff',$,(#10053));
#11785=IFCRELDEFINESBYPROPERTIES('0$4Q7KsIspaW6FuJ92LWF6',#18,$,$,(#11782),#11783);
#11786=IFCRELDEFINESBYPROPERTIES('3TEybTELsLUxQt98f6NyGF',#18,$,$,(#11782),#11784);
#11787=IFCMAPPEDITEM(#10039,#2160);
#11788=IFCSHAPEREPRESENTATION(#24,'Body','MappedRepresentation',(#11787));
#11789=IFCPRODUCTDEFINITIONSHAPE($,$,(#11788));
#11790=IFCCARTESIANPOINT((-1.0747995051082602,-1.2220974597182299,0.));
#11791=IFCDIRECTION((-1.,1.2900795253619688E-006,0.));
#11792=IFCAXIS2PLACEMENT3D(#11790,#9,#11791);
#11793=IFCLOCALPLACEMENT(#42,#11792);
#11794=IFCBUILDINGELEMENTPROXY('3VQpRo4$f198haVzSg9ZY4',#18,'Cubo Parametrico:Placa Diagonal:1707918',$,'Cubo Parametrico:Placa Diagonal',#11793,#11789,'1707918',$);
#11795=IFCPROPERTYSET('2_YVMCFS_hrCXM5WRnPplT',#18,'Pset_BuildingElementProxyCommon',$,(#10053));
#11796=IFCPROPERTYSET('0hAZQQHQDTk_UJAEOA93RE',#18,'Pset_QuantityTakeOff',$,(#10053));
#11797=IFCRELDEFINESBYPROPERTIES('0ud0YOlzvmt_K9gDVEewjk',#18,$,$,(#11794),#11795);
#11798=IFCRELDEFINESBYPROPERTIES('3H78zKxb2mi4yF1WEEYcAv',#18,$,$,(#11794),#11796);
#11799=IFCMAPPEDITEM(#10039,#2160);
#11800=IFCSHAPEREPRESENTATION(#24,'Body','MappedRepresentation',(#11799));
#11801=IFCPRODUCTDEFINITIONSHAPE($,$,(#11800));
#11802=IFCCARTESIANPOINT((2.8022943975766996E-006,-1.2220988462986855,0.));
#11803=IFCDIRECTION((-1.,1.2900795253619688E-006,0.));
#11804=IFCAXIS2PLACEMENT3D(#11802,#9,#11803);
#11805=IFCLOCALPLACEMENT(#42,#11804);
#11806=IFCBUILDINGELEMENTPROXY('3VQpRo4$f198haVzSg9ZY5',#18,'Cubo Parametrico:Placa Diagonal:1707919',$,'Cubo Parametrico:Placa Diagonal',#11805,#11801,'1707919',$);
#11807=IFCPROPERTYSET('1sK3helMHl2pCo1SXIZFdd',#18,'Pset_BuildingElementProxyCommon',$,(#10053));
#11808=IFCPROPERTYSET('2O63POruYx58Q7iYUbEnWS',#18,'Pset_QuantityTakeOff',$,(#10053));
#11809=IFCRELDEFINESBYPROPERTIES('3ld0RxCoh8QwOJVATyrAsT',#18,$,$,(#11806),#11807);
#11810=IFCRELDEFINESBYPROPERTIES('02kG20M4NnJm8ecbfOpIOg',#18,$,$,(#11806),#11808);
#11811=IFCMAPPEDITEM(#10039,#2160);
#11812=IFCSHAPEREPRESENTATION(#24,'Body','MappedRepresentation',(#11811));
#11813=IFCPRODUCTDEFINITIONSHAPE($,$,(#11812));
#11814=IFCCARTESIANPOINT((1.0748051096970574,-1.2221002328791395,0.));
#11815=IFCDIRECTION((-1.,1.2900795253619688E-006,0.));
#11816=IFCAXIS2PLACEMENT3D(#11814,#9,#11815);
#11817=IFCLOCALPLACEMENT(#42,#11816);
#11818=IFCBUILDINGELEMENTPROXY('3VQpRo4$f198haVzSg9ZYQ',#18,'Cubo Parametrico:Placa Diagonal:1707920',$,'Cubo Parametrico:Placa Diagonal',#11817,#11813,'1707920',$);
#11819=IFCPROPERTYSET('3Cybi$7mIioLTGir3qXLkE',#18,'Pset_BuildingElementProxyCommon',$,(#10053));
#11820=IFCPROPERTYSET('3mYWihWL6eEe3fpXcl9yLY',#18,'Pset_QuantityTakeOff',$,(#10053));
#11821=IFCRELDEFINESBYPROPERTIES('2oIhgVZWrCy4VuTKZkx5PD',#18,$,$,(#11818),#11819);
#11822=IFCRELDEFINESBYPROPERTIES('07wxwIHcNzBmwQKQyCTMdk',#18,$,$,(#11818),#11820);
#11823=IFCMAPPEDITEM(#10039,#2160);
#11824=IFCSHAPEREPRESENTATION(#24,'Body','MappedRepresentation',(#11823));
#11825=IFCPRODUCTDEFINITIONSHAPE($,$,(#11824));
#11826=IFCCARTESIANPOINT((2.1496074170997175,-1.2221016194595939,0.));
#11827=IFCDIRECTION((-1.,1.2900795253619688E-006,0.));
#11828=IFCAXIS2PLACEMENT3D(#11826,#9,#11827);
#11829=IFCLOCALPLACEMENT(#42,#11828);
#11830=IFCBUILDINGELEMENTPROXY('3VQpRo4$f198haVzSg9ZYR',#18,'Cubo Parametrico:Placa Diagonal:1707921',$,'Cubo Parametrico:Placa Diagonal',#11829,#11825,'1707921',$);
#11831=IFCPROPERTYSET('2ldopQ1GtJffXANkykn1CQ',#18,'Pset_BuildingElementProxyCommon',$,(#10053));
#11832=IFCPROPERTYSET('1JNJ1TYcfer01KNbnYG5hW',#18,'Pset_QuantityTakeOff',$,(#10053));
#11833=IFCRELDEFINESBYPROPERTIES('11TFQzRHAfgcMXyyod1wTz',#18,$,$,(#11830),#11831);
#11834=IFCRELDEFINESBYPROPERTIES('3Imws1veVn_V1YjICUSa5h',#18,$,$,(#11830),#11832);
#11835=IFCMAPPEDITEM(#10039,#2160);
#11836=IFCSHAPEREPRESENTATION(#24,'Body','MappedRepresentation',(#11835));
#11837=IFCPRODUCTDEFINITIONSHAPE($,$,(#11836));
#11838=IFCCARTESIANPOINT((2.8022943975766996E-006,-1.2220988462986855,0.));
#11839=IFCDIRECTION((-1.,1.2900795253619688E-006,0.));
#11840=IFCAXIS2PLACEMENT3D(#11838,#9,#11839);
#11841=IFCLOCALPLACEMENT(#46,#11840);
#11842=IFCBUILDINGELEMENTPROXY('3VQpRo4$f198haVzSg9ZYO',#18,'Cubo Parametrico:Placa Diagonal:1707922',$,'Cubo Parametrico:Placa Diagonal',#11841,#11837,'1707922',$);
#11843=IFCPROPERTYSET('2Dk1zm7y9NuCcow4KwyAkL',#18,'Pset_BuildingElementProxyCommon',$,(#10053));
#11844=IFCPROPERTYSET('0MNSMLtrnVEL_JmkMVH430',#18,'Pset_QuantityTakeOff',$,(#10053));
#11845=IFCRELDEFINESBYPROPERTIES('0nLSqhpjE3JEggL$eB4lK9',#18,$,$,(#11842),#11843);
#11846=IFCRELDEFINESBYPROPERTIES('1L3Hae7RCYhl5KyPa4T8b9',#18,$,$,(#11842),#11844);
#11847=IFCMAPPEDITEM(#10039,#2160);
#11848=IFCSHAPEREPRESENTATION(#24,'Body','MappedRepresentation',(#11847));
#11849=IFCPRODUCTDEFINITIONSHAPE($,$,(#11848));
#11850=IFCCARTESIANPOINT((1.0748051096970574,-1.2221002328791395,0.));
#11851=IFCDIRECTION((-1.,1.2900795253619688E-006,0.));
#11852=IFCAXIS2PLACEMENT3D(#11850,#9,#11851);
#11853=IFCLOCALPLACEMENT(#46,#11852);
#11854=IFCBUILDINGELEMENTPROXY('3VQpRo4$f198haVzSg9ZYP',#18,'Cubo Parametrico:Placa Diagonal:1707923',$,'Cubo Parametrico:Placa Diagonal',#11853,#11849,'1707923',$);
#11855=IFCPROPERTYSET('279IRTdkBQfiMsXqKzPZV$',#18,'Pset_BuildingElementProxyCommon',$,(#10053));
#11856=IFCPROPERTYSET('00VIpuLqNJOyOpfKOo1oqa',#18,'Pset_QuantityTakeOff',$,(#10053));
#11857=IFCRELDEFINESBYPROPERTIES('2x51JbVkZosdLioCHm1PmV',#18,$,$,(#11854),#11855);
#11858=IFCRELDEFINESBYPROPERTIES('05$Ev$K8hmYGW4nKQV$rQ8',#18,$,$,(#11854),#11856);
#11859=IFCMAPPEDITEM(#9202,#2160);
#11860=IFCSHAPEREPRESENTATION(#24,'Body','MappedRepresentation',(#11859));
#11861=IFCPRODUCTDEFINITIONSHAPE($,$,(#11860));
#11862=IFCCARTESIANPOINT((-2.4183039257017094,-1.5186963033418299,0.));
#11863=IFCDIRECTION((-0.70710586896197425,0.70710769340994406,0.));
#11864=IFCAXIS2PLACEMENT3D(#11862,#9,#11863);
#11865=IFCLOCALPLACEMENT(#42,#11864);
#11866=IFCBUILDINGELEMENTPROXY('3VQpRo4$f198haVzSg9ZYU',#18,'Andamio Parametrico:1x1 - Escalera:1707924',$,'Andamio Parametrico:1x1 - Escalera',#11865,#11861,'1707924',$);
#11867=IFCPROPERTYSET('1PEjG7F$hlDonKs78VGftD',#18,'Pset_BuildingElementProxyCommon',$,(#9212));
#11868=IFCPROPERTYSET('3Rk5NdNtgiCsi2PoonkO6e',#18,'Pset_QuantityTakeOff',$,(#9212));
#11869=IFCRELDEFINESBYPROPERTIES('2y6OnCRFr4S2yOs3HN1lo7',#18,$,$,(#11866),#11867);
#11870=IFCRELDEFINESBYPROPERTIES('2ZLfsa7Uk$YvuQTmPiNoRU',#18,$,$,(#11866),#11868);
#11871=IFCMAPPEDITEM(#10039,#2160);
#11872=IFCSHAPEREPRESENTATION(#24,'Body','MappedRepresentation',(#11871));
#11873=IFCPRODUCTDEFINITIONSHAPE($,$,(#11872));
#11874=IFCCARTESIANPOINT((-2.14960181251092,-1.2220960731377757,0.));
#11875=IFCDIRECTION((-1.,1.2900795253619688E-006,0.));
#11876=IFCAXIS2PLACEMENT3D(#11874,#9,#11875);
#11877=IFCLOCALPLACEMENT(#42,#11876);
#11878=IFCBUILDINGELEMENTPROXY('3VQpRo4$f198haVzSg9ZYV',#18,'Cubo Parametrico:Placa Diagonal:1707925',$,'Cubo Parametrico:Placa Diagonal',#11877,#11873,'1707925',$);
#11879=IFCPROPERTYSET('08HXMLkl$$OLnF5WeBD1Aa',#18,'Pset_BuildingElementProxyCommon',$,(#10053));
#11880=IFCPROPERTYSET('0gn25sYpxqvq299WaRuTL$',#18,'Pset_QuantityTakeOff',$,(#10053));
#11881=IFCRELDEFINESBYPROPERTIES('3OEahQn8xvqg4G4zKWTx56',#18,$,$,(#11878),#11879);
#11882=IFCRELDEFINESBYPROPERTIES('2g8dVEEPoXxkQOyPM0RWM0',#18,$,$,(#11878),#11880);
#11883=IFCMAPPEDITEM(#9202,#2160);
#11884=IFCSHAPEREPRESENTATION(#24,'Body','MappedRepresentation',(#11883));
#11885=IFCPRODUCTDEFINITIONSHAPE($,$,(#11884));
#11886=IFCCARTESIANPOINT((-1.880901385423527,-1.518698383212445,0.));
#11887=IFCDIRECTION((-0.70710769340994528,-0.70710586896197303,0.));
#11888=IFCAXIS2PLACEMENT3D(#11886,#9,#11887);
#11889=IFCLOCALPLACEMENT(#46,#11888);
#11890=IFCBUILDINGELEMENTPROXY('3VQpRo4$f198haVzSg9ZYS',#18,'Andamio Parametrico:1x1 - Escalera:1707926',$,'Andamio Parametrico:1x1 - Escalera',#11889,#11885,'1707926',$);
#11891=IFCPROPERTYSET('1MoxJHBq9EQEeDOhgl_hsA',#18,'Pset_BuildingElementProxyCommon',$,(#9212));
#11892=IFCPROPERTYSET('0_g_9cWWUhO$WgSlr_rvXV',#18,'Pset_QuantityTakeOff',$,(#9212));
#11893=IFCRELDEFINESBYPROPERTIES('30_$R7cKEgGy9oC9LCZO0a',#18,$,$,(#11890),#11891);
#11894=IFCRELDEFINESBYPROPERTIES('0fZDTSQFdQ_BxjfzsEGOe4',#18,$,$,(#11890),#11892);
#11895=IFCMAPPEDITEM(#9202,#2160);
#11896=IFCSHAPEREPRESENTATION(#24,'Body','MappedRepresentation',(#11895));
#11897=IFCPRODUCTDEFINITIONSHAPE($,$,(#11896));
#11898=IFCCARTESIANPOINT((-0.80610046460138307,-2.5935020771955379,0.));
#11899=IFCDIRECTION((0.70710769340994273,0.70710586896197558,0.));
#11900=IFCAXIS2PLACEMENT3D(#11898,#9,#11899);
#11901=IFCLOCALPLACEMENT(#46,#11900);
#11902=IFCBUILDINGELEMENTPROXY('3VQpRo4$f198haVzSg9ZYT',#18,'Andamio Parametrico:1x1 - Escalera:1707927',$,'Andamio Parametrico:1x1 - Escalera',#11901,#11897,'1707927',$);
#11903=IFCPROPERTYSET('1$nIim6$RXjsQo7mLubZX3',#18,'Pset_BuildingElementProxyCommon',$,(#9212));
#11904=IFCPROPERTYSET('1WzVYqT9z_XFzALZf$yRyY',#18,'Pset_QuantityTakeOff',$,(#9212));
#11905=IFCRELDEFINESBYPROPERTIES('235EdtofoBgL3e$_P0gAEc',#18,$,$,(#11902),#11903);
#11906=IFCRELDEFINESBYPROPERTIES('3LV7OiJP9KJEqR90RXQ4Gg',#18,$,$,(#11902),#11904);
#11907=IFCMAPPEDITEM(#10039,#2160);
#11908=IFCSHAPEREPRESENTATION(#24,'Body','MappedRepresentation',(#11907));
#11909=IFCPRODUCTDEFINITIONSHAPE($,$,(#11908));
#11910=IFCCARTESIANPOINT((-1.0747981185313862,-1.2220988462986857,0.));
#11911=IFCDIRECTION((-1.,1.2900795253619688E-006,0.));
#11912=IFCAXIS2PLACEMENT3D(#11910,#9,#11911);
#11913=IFCLOCALPLACEMENT(#46,#11912);
#11914=IFCBUILDINGELEMENTPROXY('3VQpRo4$f198haVzSg9ZYI',#18,'Cubo Parametrico:Placa Diagonal:1707928',$,'Cubo Parametrico:Placa Diagonal',#11913,#11909,'1707928',$);
#11915=IFCPROPERTYSET('28SorQDskRdVcdgIt_u$fc',#18,'Pset_BuildingElementProxyCommon',$,(#10053));
#11916=IFCPROPERTYSET('2bGmorXtsTTjdnEmzoH4mP',#18,'Pset_QuantityTakeOff',$,(#10053));
#11917=IFCRELDEFINESBYPROPERTIES('0R1a9UsfQlOWk7rK3meRnn',#18,$,$,(#11914),#11915);
#11918=IFCRELDEFINESBYPROPERTIES('3c2OEfUUCchAl9qHXvMp1X',#18,$,$,(#11914),#11916);
#11919=IFCMAPPEDITEM(#2157,#2160);
#11920=IFCSHAPEREPRESENTATION(#24,'Body','MappedRepresentation',(#11919));
#11921=IFCPRODUCTDEFINITIONSHAPE($,$,(#11920));
#11922=IFCCARTESIANPOINT((-3.4931062331043421,-1.5186949167613288,0.));
#11923=IFCDIRECTION((0.70710586896197869,-0.70710769340993962,0.));
#11924=IFCAXIS2PLACEMENT3D(#11922,#9,#11923);
#11925=IFCLOCALPLACEMENT(#38,#11924);
#11926=IFCBUILDINGELEMENTPROXY('3VQpRo4$f198haVzSg9ZYJ',#18,'Andamio Parametrico:1x1 - Escalera Vertical:1707929',$,'Andamio Parametrico:1x1 - Escalera Vertical',#11925,#11921,'1707929',$);
#11927=IFCPROPERTYSET('2FVT0lmunRywh3ssBl$IyY',#18,'Pset_BuildingElementProxyCommon',$,(#2169));
#11928=IFCPROPERTYSET('2b_uRd8bSizs9HrWpENYNh',#18,'Pset_QuantityTakeOff',$,(#2169));
#11929=IFCRELDEFINESBYPROPERTIES('3evjtFh$mOMgeGnxpndhuX',#18,$,$,(#11926),#11927);
#11930=IFCRELDEFINESBYPROPERTIES('0$aDZ3t24lCizr764oFjWX',#18,$,$,(#11926),#11928);
#11931=IFCMAPPEDITEM(#10039,#2160);
#11932=IFCSHAPEREPRESENTATION(#24,'Body','MappedRepresentation',(#11931));
#11933=IFCPRODUCTDEFINITIONSHAPE($,$,(#11932));
#11934=IFCCARTESIANPOINT((-3.2244055064976052,-1.2220960731377761,0.));
#11935=IFCDIRECTION((-1.,1.2900795253619688E-006,0.));
#11936=IFCAXIS2PLACEMENT3D(#11934,#9,#11935);
#11937=IFCLOCALPLACEMENT(#38,#11936);
#11938=IFCBUILDINGELEMENTPROXY('3VQpRo4$f198haVzSg9ZYG',#18,'Cubo Parametrico:Placa Diagonal:1707930',$,'Cubo Parametrico:Placa Diagonal',#11937,#11933,'1707930',$);
#11939=IFCPROPERTYSET('3aCGIMWvfaikT6jHvMw2iA',#18,'Pset_BuildingElementProxyCommon',$,(#10053));
#11940=IFCPROPERTYSET('1kkrX7g7vrDuI1FnFdr_UY',#18,'Pset_QuantityTakeOff',$,(#10053));
#11941=IFCRELDEFINESBYPROPERTIES('3vbzOgIkI7UcDs889YWSHr',#18,$,$,(#11938),#11939);
#11942=IFCRELDEFINESBYPROPERTIES('1H1d3kbMkfTq6DMunD1bhC',#18,$,$,(#11938),#11940);
#11943=IFCAXIS2PLACEMENT3D(#3,$,$);
#11944=IFCLOCALPLACEMENT(#34,#11943);
#11945=IFCCARTESIANPOINT((-4.64354390525168,-1.));
#11946=IFCCARTESIANPOINT((4.6435439052516791,-1.));
#11947=IFCPOLYLINE((#11945,#11946));
#11948=IFCCOMPOSITECURVESEGMENT(.CONTINUOUS.,.T.,#11947);
#11949=IFCDIRECTION((0.97758819057930013,-0.21052631578947542));
#11950=IFCAXIS2PLACEMENT2D(#4,#11949);
#11951=IFCCIRCLE(#11950,4.7499999999999929);
#11952=IFCTRIMMEDCURVE(#11951,(IFCPARAMETERVALUE(0.)),(IFCPARAMETERVALUE(24.306394938015131)),.T.,.PARAMETER.);
#11953=IFCCOMPOSITECURVESEGMENT(.CONTINUOUS.,.T.,#11952);
#11954=IFCCARTESIANPOINT((4.64354390525168,1.));
#11955=IFCCARTESIANPOINT((-4.64354390525168,1.));
#11956=IFCPOLYLINE((#11954,#11955));
#11957=IFCCOMPOSITECURVESEGMENT(.CONTINUOUS.,.T.,#11956);
#11958=IFCDIRECTION((-0.97758819057929902,0.21052631578948025));
#11959=IFCAXIS2PLACEMENT2D(#4,#11958);
#11960=IFCCIRCLE(#11959,4.7500000000000027);
#11961=IFCTRIMMEDCURVE(#11960,(IFCPARAMETERVALUE(0.)),(IFCPARAMETERVALUE(24.306394938015863)),.T.,.PARAMETER.);
#11962=IFCCOMPOSITECURVESEGMENT(.CONTINUOUS.,.T.,#11961);
#11963=IFCCOMPOSITECURVE((#11948,#11953,#11957,#11962),.F.);
#11964=IFCARBITRARYCLOSEDPROFILEDEF(.AREA.,$,#11963);
#11965=IFCCARTESIANPOINT((-4.6040914014930934E-007,-0.,0.));
#11966=IFCAXIS2PLACEMENT3D(#11965,#10,#6);
#11967=IFCEXTRUDEDAREASOLID(#11964,#11966,#9,0.29999999999999993);
#11968=IFCCOLOURRGB($,0.91764705882352937,0.91764705882352937,0.91764705882352937);
#11969=IFCSURFACESTYLERENDERING(#11968,0.,$,$,$,$,IFCNORMALISEDRATIOMEASURE(0.5),IFCSPECULAREXPONENT(64.),.NOTDEFINED.);
#11970=IFCSURFACESTYLE('Appliance - Gasket',.BOTH.,(#11969));
#11971=IFCPRESENTATIONSTYLEASSIGNMENT((#11970));
#11972=IFCSTYLEDITEM(#11967,(#11971),$);
#11973=IFCSHAPEREPRESENTATION(#24,'Body','SweptSolid',(#11967));
#11974=IFCPRODUCTDEFINITIONSHAPE($,$,(#11973));
#11975=IFCSLAB('3VQpRo4$f198haVzSg9YKc',#18,'Floor:Generic 300mm:1708588',$,'Floor:Generic 300mm',#11944,#11974,'1708588',.FLOOR.);
#11976=IFCSLABTYPE('2G9mo_Rg17ee$DE9j_ga52',#18,'Floor:Generic 300mm',$,$,(#11997),$,'1439244',$,.FLOOR.);
#11977=IFCMATERIAL('Appliance - Gasket');
#11978=IFCPRESENTATIONSTYLEASSIGNMENT((#11970));
#11979=IFCSTYLEDITEM($,(#11978),$);
#11980=IFCSTYLEDREPRESENTATION(#22,'Style','Material',(#11979));
#11981=IFCMATERIALDEFINITIONREPRESENTATION($,$,(#11980),#11977);
#11982=IFCMATERIALLAYER(#11977,0.29999999999999993,$);
#11983=IFCMATERIALLAYERSET((#11982),'Floor:Generic 300mm');
#11984=IFCMATERIALLAYERSETUSAGE(#11983,.AXIS3.,.POSITIVE.,0.);
#11985=IFCPROPERTYSINGLEVALUE('Reference',$,IFCIDENTIFIER('Generic 300mm'),$);
#11986=IFCPROPERTYSET('1kAZvKNB$rmj7LAh6Y_QIt',#18,'Pset_QuantityTakeOff',$,(#11985));
#11987=IFCPROPERTYSINGLEVALUE('Reference',$,IFCLABEL('Generic 300mm'),$);
#11988=IFCPROPERTYSET('0v1GbBUWyF6HowjFX$3vq1',#18,'Pset_ReinforcementBarPitchOfSlab',$,(#11987));
#11989=IFCPROPERTYSINGLEVALUE('IsExternal',$,IFCBOOLEAN(.F.),$);
#11990=IFCPROPERTYSINGLEVALUE('LoadBearing',$,IFCBOOLEAN(.F.),$);
#11991=IFCPROPERTYSINGLEVALUE('PitchAngle',$,IFCPLANEANGLEMEASURE(0.),$);
#11992=IFCPROPERTYSET('0uQrdV0f$f$Zxuo0QiaaxE',#18,'Pset_SlabCommon',$,(#11985,#11989,#11990,#11991));
#11993=IFCRELDEFINESBYPROPERTIES('28KAO0XGvhDOXyDnefutJi',#18,$,$,(#11975),#11986);
#11994=IFCRELDEFINESBYPROPERTIES('3E_svLkPliuJSaBcHpIgP8',#18,$,$,(#11975),#11988);
#11995=IFCRELDEFINESBYPROPERTIES('3aXyHzbJdbl8MfXjin_7Qa',#18,$,$,(#11975),#11992);
#11996=IFCPROPERTYSINGLEVALUE('Description',$,IFCTEXT('Generic Floor (Material By Category), 300mm thick'),$);
#11997=IFCPROPERTYSET('0ch2Rz4MMxlBDWQKk_uOQt',#18,'Pset_ReinforcementBarPitchOfSlab',$,(#11996));
#11998=IFCAXIS2PLACEMENT3D(#3,$,$);
#11999=IFCLOCALPLACEMENT(#34,#12012);
#12000=IFCCARTESIANPOINT((-4.7618067858345539,1.,0.));
#12001=IFCCARTESIANPOINT((4.7618058650162807,1.,0.));
#12002=IFCPOLYLINE((#12000,#12001));
#12003=IFCGEOMETRICCURVESET((#12002));
#12004=IFCCOLOURRGB($,0.,0.,0.);
#12005=IFCDRAUGHTINGPREDEFINEDCURVEFONT('continuous');
#12006=IFCCURVESTYLE('<Thin Lines>',#12005,$,#12004);
#12007=IFCPRESENTATIONSTYLEASSIGNMENT((#12006));
#12008=IFCSTYLEDITEM(#12003,(#12007),$);
#12009=IFCGEOMETRICREPRESENTATIONSUBCONTEXT('Annotation','Model',*,*,*,*,#22,$,.MODEL_VIEW.,$);
#12010=IFCSHAPEREPRESENTATION(#12009,'Annotation','GeometricSet',(#12003));
#12011=IFCPRODUCTDEFINITIONSHAPE($,$,(#12010));
#12012=IFCAXIS2PLACEMENT3D(#3,$,$);
#12013=IFCANNOTATION('3VQpRo4$f198haVzSg9YEH',#18,'Model Lines:1709211',$,$,#11999,#12011);
#12014=IFCAXIS2PLACEMENT3D(#3,$,$);
#12015=IFCLOCALPLACEMENT(#34,#12014);
#12016=IFCCARTESIANPOINT((4.6435434448425372,1.,0.));
#12017=IFCCARTESIANPOINT((4.5167891533121365,1.4700719660545787,0.));
#12018=IFCCARTESIANPOINT((4.3425829368413353,1.9246998306033278,0.));
#12019=IFCCARTESIANPOINT((4.1227549502783898,2.3591074209638343,0.));
#12020=IFCCARTESIANPOINT((3.8596146357955963,2.7687309925574977,0.));
#12021=IFCCARTESIANPOINT((3.5559264607004271,3.1492671737609279,0.));
#12022=IFCCARTESIANPOINT((3.2148808748286033,3.4967181757098866,0.));
#12023=IFCCARTESIANPOINT((2.8400607927063786,3.80743379174895,0.));
#12024=IFCCARTESIANPOINT((2.4354039526095237,4.0781497452949269,0.));
#12025=IFCCARTESIANPOINT((2.0051615479624805,4.3060219832442721,0.));
#12026=IFCCARTESIANPOINT((1.5538535656827774,4.4886565546494843,0.));
#12027=IFCCARTESIANPOINT((1.086221300671361,4.6241347607693069,0.));
#12028=IFCCARTESIANPOINT((0.60717754531594859,4.7110333122748695,0.));
#12029=IFCCARTESIANPOINT((0.12175497730023942,4.7484392818470385,0.));
#12030=IFCCARTESIANPOINT((-0.12175586302345255,4.7484392827469168,0.));
#12031=IFCCARTESIANPOINT((-0.60717842893299334,4.7110333170695222,0.));
#12032=IFCCARTESIANPOINT((-1.0862221795176841,4.6241347706286318,0.));
#12033=IFCCARTESIANPOINT((-1.5538544374348844,4.4886565716348912,0.));
#12034=IFCCARTESIANPOINT((-2.0051624108220438,4.3060220102335922,0.));
#12035=IFCCARTESIANPOINT((-2.4354048054734925,4.0781497858761275,0.));
#12036=IFCCARTESIANPOINT((-2.8400616353182269,3.8074338500851006,0.));
#12037=IFCCARTESIANPOINT((-3.2148817079064798,3.496718256378371,0.));
#12038=IFCCARTESIANPOINT((-3.5559272860383127,3.1492672815705385,0.));
#12039=IFCCARTESIANPOINT((-3.8596154563341045,2.7687311323476322,0.));
#12040=IFCCARTESIANPOINT((-4.1227557701425184,2.3591075973904032,0.));
#12041=IFCCARTESIANPOINT((-4.3425837613431053,1.9247000479163916,0.));
#12042=IFCCARTESIANPOINT((-4.5167899889167691,1.4700722278730867,0.));
#12043=IFCCARTESIANPOINT((-4.6435443656608157,1.,0.));
#12044=IFCCARTESIANPOINT((-4.7500004604091366,-0.,-1.2000000000000002));
#12045=IFCCARTESIANPOINT((-4.7248248695784367,0.48839973640242695,-1.2000000000000002));
#12046=IFCCARTESIANPOINT((-4.6495649646120905,0.9716223140994199,-1.2000000000000002));
#12047=IFCCARTESIANPOINT((-4.5250185192252079,1.444545453555675,-1.2000000000000002));
#12048=IFCCARTESIANPOINT((-4.3525057567224161,1.9021560518434819,-1.2000000000000002));
#12049=IFCCARTESIANPOINT((-4.1338553553023827,2.3396033227808219,-1.2000000000000002));
#12050=IFCCARTESIANPOINT((-3.8713850636140004,2.7522502164716447,-1.2000000000000002));
#12051=IFCCARTESIANPOINT((-3.5678771320441185,3.1357225731883189,-1.2000000000000002));
#12052=IFCCARTESIANPOINT((-3.2265488201712933,3.485955490552914,-1.2000000000000002));
#12053=IFCCARTESIANPOINT((-2.8510182930139005,3.7992364125136371,-1.2000000000000002));
#12054=IFCCARTESIANPOINT((-2.4452662675808483,4.0722444833625504,-1.2000000000000002));
#12055=IFCCARTESIANPOINT((-2.0135938162809945,4.3020857496322114,-1.2000000000000002));
#12056=IFCCARTESIANPOINT((-1.5605767744856216,4.4863238367223657,-1.2000000000000002));
#12057=IFCCARTESIANPOINT((-1.0910172355351859,4.6230057750767939,-1.2000000000000002));
#12058=IFCCARTESIANPOINT((-0.60989264735527715,4.7106827021464603,-1.2000000000000002));
#12059=IFCCARTESIANPOINT((-0.12230305027035571,4.748425220692968,-1.2000000000000002));
#12060=IFCCARTESIANPOINT((0.12230212945203399,4.7484252206929689,-1.2000000000000002));
#12061=IFCCARTESIANPOINT((0.609891726536956,4.7106827021464666,-1.2000000000000002));
#12062=IFCCARTESIANPOINT((1.0910163147168692,4.6230057750768037,-1.2000000000000002));
#12063=IFCCARTESIANPOINT((1.5605758536673027,4.4863238367223817,-1.2000000000000002));
#12064=IFCCARTESIANPOINT((2.0135928954626778,4.3020857496322318,-1.2000000000000002));
#12065=IFCCARTESIANPOINT((2.4452653467625369,4.0722444833625735,-1.2000000000000002));
#12066=IFCCARTESIANPOINT((2.8510173721955892,3.799236412513666,-1.2000000000000002));
#12067=IFCCARTESIANPOINT((3.2265478993529877,3.4859554905529437,-1.2000000000000002));
#12068=IFCCARTESIANPOINT((3.5678762112258147,3.1357225731883527,-1.2000000000000002));
#12069=IFCCARTESIANPOINT((3.8713841427956992,2.7522502164716842,-1.2000000000000002));
#12070=IFCCARTESIANPOINT((4.1338544344840882,2.3396033227808601,-1.2000000000000002));
#12071=IFCCARTESIANPOINT((4.3525048359041234,1.9021560518435243,-1.2000000000000002));
#12072=IFCCARTESIANPOINT((4.5250175984069214,1.4445454535557192,-1.2000000000000002));
#12073=IFCCARTESIANPOINT((4.6495640437938075,0.97162231409946276,-1.2000000000000002));
#12074=IFCCARTESIANPOINT((4.7248239487601582,0.48839973640247486,-1.2000000000000002));
#12075=IFCCARTESIANPOINT((4.7499995395908634,-0.,-1.2000000000000002));
#12076=IFCCARTESIANPOINT((4.7248239487601618,-0.48839973640247974,-1.2000000000000002));
#12077=IFCCARTESIANPOINT((4.6495640437938128,-0.97162231409947131,-1.2000000000000002));
#12078=IFCCARTESIANPOINT((4.5250175984069303,-1.4445454535557269,-1.2000000000000002));
#12079=IFCCARTESIANPOINT((4.3525048359041358,-1.9021560518435323,-1.2000000000000002));
#12080=IFCCARTESIANPOINT((4.1338544344841015,-2.3396033227808721,-1.2000000000000002));
#12081=IFCCARTESIANPOINT((3.8713841427957187,-2.7522502164716935,-1.2000000000000002));
#12082=IFCCARTESIANPOINT((3.5678762112258355,-3.1357225731883664,-1.2000000000000002));
#12083=IFCCARTESIANPOINT((3.2265478993530081,-3.4859554905529611,-1.2000000000000002));
#12084=IFCCARTESIANPOINT((2.8510173721956162,-3.7992364125136828,-1.2000000000000002));
#12085=IFCCARTESIANPOINT((2.4452653467625636,-4.0722444833625939,-1.2000000000000002));
#12086=IFCCARTESIANPOINT((2.0135928954627063,-4.3020857496322549,-1.2000000000000002));
#12087=IFCCARTESIANPOINT((1.560575853667334,-4.4863238367224074,-1.2000000000000002));
#12088=IFCCARTESIANPOINT((1.0910163147168983,-4.6230057750768339,-1.2000000000000002));
#12089=IFCCARTESIANPOINT((0.60989172653698731,-4.7106827021464994,-1.2000000000000002));
#12090=IFCCARTESIANPOINT((0.12230212945206648,-4.7484252206930053,-1.2000000000000002));
#12091=IFCCARTESIANPOINT((-0.12230305027032484,-4.7484252206930053,-1.2000000000000002));
#12092=IFCCARTESIANPOINT((-0.60989264735524462,-4.7106827021465012,-1.2000000000000002));
#12093=IFCCARTESIANPOINT((-1.0910172355351568,-4.6230057750768374,-1.2000000000000002));
#12094=IFCCARTESIANPOINT((-1.5605767744855923,-4.4863238367224128,-1.2000000000000002));
#12095=IFCCARTESIANPOINT((-2.0135938162809652,-4.302085749632262,-1.2000000000000002));
#12096=IFCCARTESIANPOINT((-2.4452662675808248,-4.0722444833626019,-1.2000000000000002));
#12097=IFCCARTESIANPOINT((-2.8510182930138765,-3.7992364125136917,-1.2000000000000002));
#12098=IFCCARTESIANPOINT((-3.226548820171272,-3.4859554905529717,-1.2000000000000002));
#12099=IFCCARTESIANPOINT((-3.5678771320440981,-3.1357225731883784,-1.2000000000000002));
#12100=IFCCARTESIANPOINT((-3.871385063613983,-2.7522502164717069,-1.2000000000000002));
#12101=IFCCARTESIANPOINT((-4.1338553553023667,-2.3396033227808855,-1.2000000000000002));
#12102=IFCCARTESIANPOINT((-4.3525057567224028,-1.902156051843547,-1.2000000000000002));
#12103=IFCCARTESIANPOINT((-4.5250185192251999,-1.4445454535557409,-1.2000000000000002));
#12104=IFCCARTESIANPOINT((-4.6495649646120842,-0.97162231409948674,-1.2000000000000002));
#12105=IFCCARTESIANPOINT((-4.7248248695784332,-0.48839973640249623,-1.2000000000000002));
#12106=IFCCARTESIANPOINT((-4.6435443656608166,-1.,0.));
#12107=IFCCARTESIANPOINT((-4.5167900741304221,-1.4700719660545805,0.));
#12108=IFCCARTESIANPOINT((-4.3425838576596218,-1.9246998306033345,0.));
#12109=IFCCARTESIANPOINT((-4.1227558710966772,-2.3591074209638481,0.));
#12110=IFCCARTESIANPOINT((-3.8596155566138877,-2.7687309925575088,0.));
#12111=IFCCARTESIANPOINT((-3.5559273815187185,-3.1492671737609443,0.));
#12112=IFCCARTESIANPOINT((-3.2148817956468956,-3.4967181757099062,0.));
#12113=IFCCARTESIANPOINT((-2.8400617135246744,-3.8074337917489705,0.));
#12114=IFCCARTESIANPOINT((-2.4354048734278186,-4.0781497452949518,0.));
#12115=IFCCARTESIANPOINT((-2.0051624687807723,-4.3060219832443014,0.));
#12116=IFCCARTESIANPOINT((-1.5538544865010711,-4.4886565546495145,0.));
#12117=IFCCARTESIANPOINT((-1.0862222214896486,-4.6241347607693397,0.));
#12118=IFCCARTESIANPOINT((-0.60717846613423954,-4.7110333122749042,0.));
#12119=IFCCARTESIANPOINT((-0.12175589811853083,-4.7484392818470749,0.));
#12120=IFCCARTESIANPOINT((0.1217549422051644,-4.7484392827469541,0.));
#12121=IFCCARTESIANPOINT((0.60717750811470628,-4.7110333170695613,0.));
#12122=IFCCARTESIANPOINT((1.0862212586993991,-4.62413477062867,0.));
#12123=IFCCARTESIANPOINT((1.5538535166166023,-4.4886565716349311,0.));
#12124=IFCCARTESIANPOINT((2.0051614900037658,-4.3060220102336313,0.));
#12125=IFCCARTESIANPOINT((2.4354038846552153,-4.0781497858761666,0.));
#12126=IFCCARTESIANPOINT((2.8400607144999519,-3.8074338500851392,0.));
#12127=IFCCARTESIANPOINT((3.2148807870882057,-3.4967182563784083,0.));
#12128=IFCCARTESIANPOINT((3.5559263652200395,-3.1492672815705758,0.));
#12129=IFCCARTESIANPOINT((3.8596145355158327,-2.7687311323476678,0.));
#12130=IFCCARTESIANPOINT((4.1227548493242461,-2.3591075973904387,0.));
#12131=IFCCARTESIANPOINT((4.3425828405248321,-1.924700047916428,0.));
#12132=IFCCARTESIANPOINT((4.5167890680984977,-1.4700722278731175,0.));
#12133=IFCCARTESIANPOINT((4.6435434448425434,-1.,0.));
#12134=IFCCARTESIANPOINT((4.6435434448425399,1.,-0.29999999999999993));
#12135=IFCCARTESIANPOINT((-4.6435443656608291,1.,-0.29999999999999993));
#12136=IFCCARTESIANPOINT((-4.681776479175829,0.80216788149431062,-0.29999999999999993));
#12137=IFCCARTESIANPOINT((-4.7115841470053326,0.60289233217928595,-0.29999999999999993));
#12138=IFCCARTESIANPOINT((-4.7329137328631017,0.40253193094347767,-0.29999999999999993));
#12139=IFCCARTESIANPOINT((-4.7457268560284804,0.20144720877148453,-0.29999999999999993));
#12140=IFCCARTESIANPOINT((-4.7500004604091366,-0.,-0.29999999999999993));
#12141=IFCCARTESIANPOINT((-4.7457268560284804,-0.20144720877152128,-0.29999999999999993));
#12142=IFCCARTESIANPOINT((-4.7329137328631017,-0.40253193094351225,-0.29999999999999993));
#12143=IFCCARTESIANPOINT((-4.7115841470053326,-0.60289233217932048,-0.29999999999999993));
#12144=IFCCARTESIANPOINT((-4.6817764791758298,-0.80216788149434326,-0.29999999999999993));
#12145=IFCCARTESIANPOINT((-4.6435443656608122,-1.,-0.29999999999999993));
#12146=IFCCARTESIANPOINT((4.6435434448425426,-1.,-0.29999999999999993));
#12147=IFCCARTESIANPOINT((4.6817755583575478,-0.80216788149439699,-0.29999999999999993));
#12148=IFCCARTESIANPOINT((4.7115832261870541,-0.60289233217936489,-0.29999999999999993));
#12149=IFCCARTESIANPOINT((4.7329128120448258,-0.40253193094354711,-0.29999999999999993));
#12150=IFCCARTESIANPOINT((4.7457259352102064,-0.20144720877154637,-0.29999999999999993));
#12151=IFCCARTESIANPOINT((4.7499995395908634,0.,-0.29999999999999993));
#12152=IFCCARTESIANPOINT((4.7457259352102046,0.20144720877153888,-0.29999999999999993));
#12153=IFCCARTESIANPOINT((4.7329128120448232,0.40253193094353934,-0.29999999999999993));
#12154=IFCCARTESIANPOINT((4.7115832261870496,0.60289233217935667,-0.29999999999999993));
#12155=IFCCARTESIANPOINT((4.6817755583575416,0.80216788149438811,-0.29999999999999993));
#12156=IFCPOLYLOOP((#12017,#12018,#12019,#12020,#12021,#12022,#12023,#12024,#12025,#12026,#12027,#12028,#12029,#12030,#12031,#12032,#12033,#12034,#12035,#12036,#12037,#12038,#12039,#12040,#12041,#12042,#12043,#12016));
#12157=IFCFACEOUTERBOUND(#12156,.T.);
#12158=IFCFACE((#12157));
#12159=IFCPOLYLOOP((#12119,#12120,#12121,#12122,#12123,#12124,#12125,#12126,#12127,#12128,#12129,#12130,#12131,#12132,#12133,#12106,#12107,#12108,#12109,#12110,#12111,#12112,#12113,#12114,#12115,#12116,#12117,#12118));
#12160=IFCFACEOUTERBOUND(#12159,.T.);
#12161=IFCFACE((#12160));
#12162=IFCPOLYLOOP((#12065,#12066,#12067,#12068,#12069,#12070,#12071,#12072,#12073,#12074,#12075,#12076,#12077,#12078,#12079,#12080,#12081,#12082,#12083,#12084,#12085,#12086,#12087,#12088,#12089,#12090,#12091,#12092,#12093,#12094,#12095,#12096,#12097,#12098,#12099,#12100,#12101,#12102,#12103,#12104,#12105,#12044,#12045,#12046,#12047,#12048,#12049,#12050,#12051,#12052,#12053,#12054,#12055,#12056,#12057,#12058,#12059,#12060,#12061,#12062,#12063,#12064));
#12163=IFCFACEOUTERBOUND(#12162,.T.);
#12164=IFCFACE((#12163));
#12165=IFCPOLYLOOP((#12141,#12142,#12143,#12144,#12145,#12146,#12147,#12148,#12149,#12150,#12151,#12152,#12153,#12154,#12155,#12134,#12135,#12136,#12137,#12138,#12139,#12140));
#12166=IFCFACEOUTERBOUND(#12165,.T.);
#12167=IFCFACE((#12166));
#12168=IFCPOLYLOOP((#12043,#12135,#12134,#12016));
#12169=IFCFACEOUTERBOUND(#12168,.T.);
#12170=IFCFACE((#12169));
#12171=IFCPOLYLOOP((#12146,#12145,#12106,#12133));
#12172=IFCFACEOUTERBOUND(#12171,.T.);
#12173=IFCFACE((#12172));
#12174=IFCPOLYLOOP((#12047,#12135,#12042));
#12175=IFCFACEOUTERBOUND(#12174,.T.);
#12176=IFCFACE((#12175));
#12177=IFCPOLYLOOP((#12041,#12048,#12042));
#12178=IFCFACEOUTERBOUND(#12177,.T.);
#12179=IFCFACE((#12178));
#12180=IFCPOLYLOOP((#12040,#12049,#12041));
#12181=IFCFACEOUTERBOUND(#12180,.T.);
#12182=IFCFACE((#12181));
#12183=IFCPOLYLOOP((#12045,#12138,#12137));
#12184=IFCFACEOUTERBOUND(#12183,.T.);
#12185=IFCFACE((#12184));
#12186=IFCPOLYLOOP((#12135,#12043,#12042));
#12187=IFCFACEOUTERBOUND(#12186,.T.);
#12188=IFCFACE((#12187));
#12189=IFCPOLYLOOP((#12045,#12137,#12136));
#12190=IFCFACEOUTERBOUND(#12189,.T.);
#12191=IFCFACE((#12190));
#12192=IFCPOLYLOOP((#12046,#12136,#12135));
#12193=IFCFACEOUTERBOUND(#12192,.T.);
#12194=IFCFACE((#12193));
#12195=IFCPOLYLOOP((#12050,#12040,#12039));
#12196=IFCFACEOUTERBOUND(#12195,.T.);
#12197=IFCFACE((#12196));
#12198=IFCPOLYLOOP((#12056,#12034,#12033));
#12199=IFCFACEOUTERBOUND(#12198,.T.);
#12200=IFCFACE((#12199));
#12201=IFCPOLYLOOP((#12057,#12033,#12032));
#12202=IFCFACEOUTERBOUND(#12201,.T.);
#12203=IFCFACE((#12202));
#12204=IFCPOLYLOOP((#12058,#12032,#12031));
#12205=IFCFACEOUTERBOUND(#12204,.T.);
#12206=IFCFACE((#12205));
#12207=IFCPOLYLOOP((#12052,#12038,#12037));
#12208=IFCFACEOUTERBOUND(#12207,.T.);
#12209=IFCFACE((#12208));
#12210=IFCPOLYLOOP((#12036,#12035,#12054));
#12211=IFCFACEOUTERBOUND(#12210,.T.);
#12212=IFCFACE((#12211));
#12213=IFCPOLYLOOP((#12036,#12053,#12037));
#12214=IFCFACEOUTERBOUND(#12213,.T.);
#12215=IFCFACE((#12214));
#12216=IFCPOLYLOOP((#12055,#12035,#12034));
#12217=IFCFACEOUTERBOUND(#12216,.T.);
#12218=IFCFACE((#12217));
#12219=IFCPOLYLOOP((#12038,#12051,#12039));
#12220=IFCFACEOUTERBOUND(#12219,.T.);
#12221=IFCFACE((#12220));
#12222=IFCPOLYLOOP((#12059,#12031,#12030));
#12223=IFCFACEOUTERBOUND(#12222,.T.);
#12224=IFCFACE((#12223));
#12225=IFCPOLYLOOP((#12044,#12140,#12139));
#12226=IFCFACEOUTERBOUND(#12225,.T.);
#12227=IFCFACE((#12226));
#12228=IFCPOLYLOOP((#12048,#12041,#12049));
#12229=IFCFACEOUTERBOUND(#12228,.T.);
#12230=IFCFACE((#12229));
#12231=IFCPOLYLOOP((#12050,#12049,#12040));
#12232=IFCFACEOUTERBOUND(#12231,.T.);
#12233=IFCFACE((#12232));
#12234=IFCPOLYLOOP((#12042,#12048,#12047));
#12235=IFCFACEOUTERBOUND(#12234,.T.);
#12236=IFCFACE((#12235));
#12237=IFCPOLYLOOP((#12045,#12044,#12139));
#12238=IFCFACEOUTERBOUND(#12237,.T.);
#12239=IFCFACE((#12238));
#12240=IFCPOLYLOOP((#12045,#12136,#12046));
#12241=IFCFACEOUTERBOUND(#12240,.T.);
#12242=IFCFACE((#12241));
#12243=IFCPOLYLOOP((#12046,#12135,#12047));
#12244=IFCFACEOUTERBOUND(#12243,.T.);
#12245=IFCFACE((#12244));
#12246=IFCPOLYLOOP((#12139,#12138,#12045));
#12247=IFCFACEOUTERBOUND(#12246,.T.);
#12248=IFCFACE((#12247));
#12249=IFCPOLYLOOP((#12055,#12034,#12056));
#12250=IFCFACEOUTERBOUND(#12249,.T.);
#12251=IFCFACE((#12250));
#12252=IFCPOLYLOOP((#12057,#12032,#12058));
#12253=IFCFACEOUTERBOUND(#12252,.T.);
#12254=IFCFACE((#12253));
#12255=IFCPOLYLOOP((#12033,#12057,#12056));
#12256=IFCFACEOUTERBOUND(#12255,.T.);
#12257=IFCFACE((#12256));
#12258=IFCPOLYLOOP((#12050,#12039,#12051));
#12259=IFCFACEOUTERBOUND(#12258,.T.);
#12260=IFCFACE((#12259));
#12261=IFCPOLYLOOP((#12052,#12037,#12053));
#12262=IFCFACEOUTERBOUND(#12261,.T.);
#12263=IFCFACE((#12262));
#12264=IFCPOLYLOOP((#12053,#12036,#12054));
#12265=IFCFACEOUTERBOUND(#12264,.T.);
#12266=IFCFACE((#12265));
#12267=IFCPOLYLOOP((#12038,#12052,#12051));
#12268=IFCFACEOUTERBOUND(#12267,.T.);
#12269=IFCFACE((#12268));
#12270=IFCPOLYLOOP((#12054,#12035,#12055));
#12271=IFCFACEOUTERBOUND(#12270,.T.);
#12272=IFCFACE((#12271));
#12273=IFCPOLYLOOP((#12031,#12059,#12058));
#12274=IFCFACEOUTERBOUND(#12273,.T.);
#12275=IFCFACE((#12274));
#12276=IFCPOLYLOOP((#12030,#12060,#12059));
#12277=IFCFACEOUTERBOUND(#12276,.T.);
#12278=IFCFACE((#12277));
#12279=IFCPOLYLOOP((#12025,#12024,#12064));
#12280=IFCFACEOUTERBOUND(#12279,.T.);
#12281=IFCFACE((#12280));
#12282=IFCPOLYLOOP((#12024,#12023,#12065));
#12283=IFCFACEOUTERBOUND(#12282,.T.);
#12284=IFCFACE((#12283));
#12285=IFCPOLYLOOP((#12023,#12022,#12066));
#12286=IFCFACEOUTERBOUND(#12285,.T.);
#12287=IFCFACE((#12286));
#12288=IFCPOLYLOOP((#12028,#12060,#12029));
#12289=IFCFACEOUTERBOUND(#12288,.T.);
#12290=IFCFACE((#12289));
#12291=IFCPOLYLOOP((#12026,#12062,#12027));
#12292=IFCFACEOUTERBOUND(#12291,.T.);
#12293=IFCFACE((#12292));
#12294=IFCPOLYLOOP((#12061,#12028,#12027));
#12295=IFCFACEOUTERBOUND(#12294,.T.);
#12296=IFCFACE((#12295));
#12297=IFCPOLYLOOP((#12026,#12025,#12063));
#12298=IFCFACEOUTERBOUND(#12297,.T.);
#12299=IFCFACE((#12298));
#12300=IFCPOLYLOOP((#12067,#12022,#12021));
#12301=IFCFACEOUTERBOUND(#12300,.T.);
#12302=IFCFACE((#12301));
#12303=IFCPOLYLOOP((#12018,#12070,#12019));
#12304=IFCFACEOUTERBOUND(#12303,.T.);
#12305=IFCFACE((#12304));
#12306=IFCPOLYLOOP((#12017,#12071,#12018));
#12307=IFCFACEOUTERBOUND(#12306,.T.);
#12308=IFCFACE((#12307));
#12309=IFCPOLYLOOP((#12016,#12134,#12017));
#12310=IFCFACEOUTERBOUND(#12309,.T.);
#12311=IFCFACE((#12310));
#12312=IFCPOLYLOOP((#12021,#12020,#12068));
#12313=IFCFACEOUTERBOUND(#12312,.T.);
#12314=IFCFACE((#12313));
#12315=IFCPOLYLOOP((#12069,#12020,#12019));
#12316=IFCFACEOUTERBOUND(#12315,.T.);
#12317=IFCFACE((#12316));
#12318=IFCPOLYLOOP((#12074,#12153,#12152));
#12319=IFCFACEOUTERBOUND(#12318,.T.);
#12320=IFCFACE((#12319));
#12321=IFCPOLYLOOP((#12153,#12074,#12154));
#12322=IFCFACEOUTERBOUND(#12321,.T.);
#12323=IFCFACE((#12322));
#12324=IFCPOLYLOOP((#12075,#12152,#12151));
#12325=IFCFACEOUTERBOUND(#12324,.T.);
#12326=IFCFACE((#12325));
#12327=IFCPOLYLOOP((#12065,#12023,#12066));
#12328=IFCFACEOUTERBOUND(#12327,.T.);
#12329=IFCFACE((#12328));
#12330=IFCPOLYLOOP((#12067,#12021,#12068));
#12331=IFCFACEOUTERBOUND(#12330,.T.);
#12332=IFCFACE((#12331));
#12333=IFCPOLYLOOP((#12022,#12067,#12066));
#12334=IFCFACEOUTERBOUND(#12333,.T.);
#12335=IFCFACE((#12334));
#12336=IFCPOLYLOOP((#12060,#12028,#12061));
#12337=IFCFACEOUTERBOUND(#12336,.T.);
#12338=IFCFACE((#12337));
#12339=IFCPOLYLOOP((#12062,#12026,#12063));
#12340=IFCFACEOUTERBOUND(#12339,.T.);
#12341=IFCFACE((#12340));
#12342=IFCPOLYLOOP((#12063,#12025,#12064));
#12343=IFCFACEOUTERBOUND(#12342,.T.);
#12344=IFCFACE((#12343));
#12345=IFCPOLYLOOP((#12027,#12062,#12061));
#12346=IFCFACEOUTERBOUND(#12345,.T.);
#12347=IFCFACE((#12346));
#12348=IFCPOLYLOOP((#12064,#12024,#12065));
#12349=IFCFACEOUTERBOUND(#12348,.T.);
#12350=IFCFACE((#12349));
#12351=IFCPOLYLOOP((#12073,#12134,#12155));
#12352=IFCFACEOUTERBOUND(#12351,.T.);
#12353=IFCFACE((#12352));
#12354=IFCPOLYLOOP((#12074,#12155,#12154));
#12355=IFCFACEOUTERBOUND(#12354,.T.);
#12356=IFCFACE((#12355));
#12357=IFCPOLYLOOP((#12152,#12075,#12074));
#12358=IFCFACEOUTERBOUND(#12357,.T.);
#12359=IFCFACE((#12358));
#12360=IFCPOLYLOOP((#12073,#12155,#12074));
#12361=IFCFACEOUTERBOUND(#12360,.T.);
#12362=IFCFACE((#12361));
#12363=IFCPOLYLOOP((#12069,#12019,#12070));
#12364=IFCFACEOUTERBOUND(#12363,.T.);
#12365=IFCFACE((#12364));
#12366=IFCPOLYLOOP((#12071,#12017,#12072));
#12367=IFCFACEOUTERBOUND(#12366,.T.);
#12368=IFCFACE((#12367));
#12369=IFCPOLYLOOP((#12073,#12072,#12134));
#12370=IFCFACEOUTERBOUND(#12369,.T.);
#12371=IFCFACE((#12370));
#12372=IFCPOLYLOOP((#12018,#12071,#12070));
#12373=IFCFACEOUTERBOUND(#12372,.T.);
#12374=IFCFACE((#12373));
#12375=IFCPOLYLOOP((#12069,#12068,#12020));
#12376=IFCFACEOUTERBOUND(#12375,.T.);
#12377=IFCFACE((#12376));
#12378=IFCPOLYLOOP((#12072,#12017,#12134));
#12379=IFCFACEOUTERBOUND(#12378,.T.);
#12380=IFCFACE((#12379));
#12381=IFCPOLYLOOP((#12029,#12060,#12030));
#12382=IFCFACEOUTERBOUND(#12381,.T.);
#12383=IFCFACE((#12382));
#12384=IFCPOLYLOOP((#12146,#12133,#12132));
#12385=IFCFACEOUTERBOUND(#12384,.T.);
#12386=IFCFACE((#12385));
#12387=IFCPOLYLOOP((#12079,#12132,#12131));
#12388=IFCFACEOUTERBOUND(#12387,.T.);
#12389=IFCFACE((#12388));
#12390=IFCPOLYLOOP((#12130,#12080,#12131));
#12391=IFCFACEOUTERBOUND(#12390,.T.);
#12392=IFCFACE((#12391));
#12393=IFCPOLYLOOP((#12075,#12151,#12150));
#12394=IFCFACEOUTERBOUND(#12393,.T.);
#12395=IFCFACE((#12394));
#12396=IFCPOLYLOOP((#12149,#12148,#12076));
#12397=IFCFACEOUTERBOUND(#12396,.T.);
#12398=IFCFACE((#12397));
#12399=IFCPOLYLOOP((#12076,#12150,#12149));
#12400=IFCFACEOUTERBOUND(#12399,.T.);
#12401=IFCFACE((#12400));
#12402=IFCPOLYLOOP((#12081,#12130,#12129));
#12403=IFCFACEOUTERBOUND(#12402,.T.);
#12404=IFCFACE((#12403));
#12405=IFCPOLYLOOP((#12087,#12124,#12123));
#12406=IFCFACEOUTERBOUND(#12405,.T.);
#12407=IFCFACE((#12406));
#12408=IFCPOLYLOOP((#12088,#12123,#12122));
#12409=IFCFACEOUTERBOUND(#12408,.T.);
#12410=IFCFACE((#12409));
#12411=IFCPOLYLOOP((#12089,#12122,#12121));
#12412=IFCFACEOUTERBOUND(#12411,.T.);
#12413=IFCFACE((#12412));
#12414=IFCPOLYLOOP((#12083,#12128,#12127));
#12415=IFCFACEOUTERBOUND(#12414,.T.);
#12416=IFCFACE((#12415));
#12417=IFCPOLYLOOP((#12126,#12125,#12085));
#12418=IFCFACEOUTERBOUND(#12417,.T.);
#12419=IFCFACE((#12418));
#12420=IFCPOLYLOOP((#12126,#12084,#12127));
#12421=IFCFACEOUTERBOUND(#12420,.T.);
#12422=IFCFACE((#12421));
#12423=IFCPOLYLOOP((#12086,#12125,#12124));
#12424=IFCFACEOUTERBOUND(#12423,.T.);
#12425=IFCFACE((#12424));
#12426=IFCPOLYLOOP((#12128,#12082,#12129));
#12427=IFCFACEOUTERBOUND(#12426,.T.);
#12428=IFCFACE((#12427));
#12429=IFCPOLYLOOP((#12090,#12121,#12120));
#12430=IFCFACEOUTERBOUND(#12429,.T.);
#12431=IFCFACE((#12430));
#12432=IFCPOLYLOOP((#12077,#12147,#12146));
#12433=IFCFACEOUTERBOUND(#12432,.T.);
#12434=IFCFACE((#12433));
#12435=IFCPOLYLOOP((#12079,#12131,#12080));
#12436=IFCFACEOUTERBOUND(#12435,.T.);
#12437=IFCFACE((#12436));
#12438=IFCPOLYLOOP((#12081,#12080,#12130));
#12439=IFCFACEOUTERBOUND(#12438,.T.);
#12440=IFCFACE((#12439));
#12441=IFCPOLYLOOP((#12132,#12079,#12078));
#12442=IFCFACEOUTERBOUND(#12441,.T.);
#12443=IFCFACE((#12442));
#12444=IFCPOLYLOOP((#12150,#12076,#12075));
#12445=IFCFACEOUTERBOUND(#12444,.T.);
#12446=IFCFACE((#12445));
#12447=IFCPOLYLOOP((#12147,#12077,#12076));
#12448=IFCFACEOUTERBOUND(#12447,.T.);
#12449=IFCFACE((#12448));
#12450=IFCPOLYLOOP((#12146,#12078,#12077));
#12451=IFCFACEOUTERBOUND(#12450,.T.);
#12452=IFCFACE((#12451));
#12453=IFCPOLYLOOP((#12078,#12146,#12132));
#12454=IFCFACEOUTERBOUND(#12453,.T.);
#12455=IFCFACE((#12454));
#12456=IFCPOLYLOOP((#12076,#12148,#12147));
#12457=IFCFACEOUTERBOUND(#12456,.T.);
#12458=IFCFACE((#12457));
#12459=IFCPOLYLOOP((#12086,#12124,#12087));
#12460=IFCFACEOUTERBOUND(#12459,.T.);
#12461=IFCFACE((#12460));
#12462=IFCPOLYLOOP((#12088,#12122,#12089));
#12463=IFCFACEOUTERBOUND(#12462,.T.);
#12464=IFCFACE((#12463));
#12465=IFCPOLYLOOP((#12123,#12088,#12087));
#12466=IFCFACEOUTERBOUND(#12465,.T.);
#12467=IFCFACE((#12466));
#12468=IFCPOLYLOOP((#12081,#12129,#12082));
#12469=IFCFACEOUTERBOUND(#12468,.T.);
#12470=IFCFACE((#12469));
#12471=IFCPOLYLOOP((#12083,#12127,#12084));
#12472=IFCFACEOUTERBOUND(#12471,.T.);
#12473=IFCFACE((#12472));
#12474=IFCPOLYLOOP((#12084,#12126,#12085));
#12475=IFCFACEOUTERBOUND(#12474,.T.);
#12476=IFCFACE((#12475));
#12477=IFCPOLYLOOP((#12128,#12083,#12082));
#12478=IFCFACEOUTERBOUND(#12477,.T.);
#12479=IFCFACE((#12478));
#12480=IFCPOLYLOOP((#12085,#12125,#12086));
#12481=IFCFACEOUTERBOUND(#12480,.T.);
#12482=IFCFACE((#12481));
#12483=IFCPOLYLOOP((#12121,#12090,#12089));
#12484=IFCFACEOUTERBOUND(#12483,.T.);
#12485=IFCFACE((#12484));
#12486=IFCPOLYLOOP((#12120,#12091,#12090));
#12487=IFCFACEOUTERBOUND(#12486,.T.);
#12488=IFCFACE((#12487));
#12489=IFCPOLYLOOP((#12115,#12114,#12095));
#12490=IFCFACEOUTERBOUND(#12489,.T.);
#12491=IFCFACE((#12490));
#12492=IFCPOLYLOOP((#12114,#12113,#12096));
#12493=IFCFACEOUTERBOUND(#12492,.T.);
#12494=IFCFACE((#12493));
#12495=IFCPOLYLOOP((#12113,#12112,#12097));
#12496=IFCFACEOUTERBOUND(#12495,.T.);
#12497=IFCFACE((#12496));
#12498=IFCPOLYLOOP((#12118,#12091,#12119));
#12499=IFCFACEOUTERBOUND(#12498,.T.);
#12500=IFCFACE((#12499));
#12501=IFCPOLYLOOP((#12116,#12093,#12117));
#12502=IFCFACEOUTERBOUND(#12501,.T.);
#12503=IFCFACE((#12502));
#12504=IFCPOLYLOOP((#12092,#12118,#12117));
#12505=IFCFACEOUTERBOUND(#12504,.T.);
#12506=IFCFACE((#12505));
#12507=IFCPOLYLOOP((#12116,#12115,#12094));
#12508=IFCFACEOUTERBOUND(#12507,.T.);
#12509=IFCFACE((#12508));
#12510=IFCPOLYLOOP((#12098,#12112,#12111));
#12511=IFCFACEOUTERBOUND(#12510,.T.);
#12512=IFCFACE((#12511));
#12513=IFCPOLYLOOP((#12108,#12101,#12109));
#12514=IFCFACEOUTERBOUND(#12513,.T.);
#12515=IFCFACE((#12514));
#12516=IFCPOLYLOOP((#12107,#12102,#12108));
#12517=IFCFACEOUTERBOUND(#12516,.T.);
#12518=IFCFACE((#12517));
#12519=IFCPOLYLOOP((#12106,#12145,#12107));
#12520=IFCFACEOUTERBOUND(#12519,.T.);
#12521=IFCFACE((#12520));
#12522=IFCPOLYLOOP((#12111,#12110,#12099));
#12523=IFCFACEOUTERBOUND(#12522,.T.);
#12524=IFCFACE((#12523));
#12525=IFCPOLYLOOP((#12100,#12110,#12109));
#12526=IFCFACEOUTERBOUND(#12525,.T.);
#12527=IFCFACE((#12526));
#12528=IFCPOLYLOOP((#12105,#12142,#12141));
#12529=IFCFACEOUTERBOUND(#12528,.T.);
#12530=IFCFACE((#12529));
#12531=IFCPOLYLOOP((#12142,#12105,#12143));
#12532=IFCFACEOUTERBOUND(#12531,.T.);
#12533=IFCFACE((#12532));
#12534=IFCPOLYLOOP((#12044,#12141,#12140));
#12535=IFCFACEOUTERBOUND(#12534,.T.);
#12536=IFCFACE((#12535));
#12537=IFCPOLYLOOP((#12096,#12113,#12097));
#12538=IFCFACEOUTERBOUND(#12537,.T.);
#12539=IFCFACE((#12538));
#12540=IFCPOLYLOOP((#12098,#12111,#12099));
#12541=IFCFACEOUTERBOUND(#12540,.T.);
#12542=IFCFACE((#12541));
#12543=IFCPOLYLOOP((#12112,#12098,#12097));
#12544=IFCFACEOUTERBOUND(#12543,.T.);
#12545=IFCFACE((#12544));
#12546=IFCPOLYLOOP((#12091,#12118,#12092));
#12547=IFCFACEOUTERBOUND(#12546,.T.);
#12548=IFCFACE((#12547));
#12549=IFCPOLYLOOP((#12093,#12116,#12094));
#12550=IFCFACEOUTERBOUND(#12549,.T.);
#12551=IFCFACE((#12550));
#12552=IFCPOLYLOOP((#12094,#12115,#12095));
#12553=IFCFACEOUTERBOUND(#12552,.T.);
#12554=IFCFACE((#12553));
#12555=IFCPOLYLOOP((#12117,#12093,#12092));
#12556=IFCFACEOUTERBOUND(#12555,.T.);
#12557=IFCFACE((#12556));
#12558=IFCPOLYLOOP((#12095,#12114,#12096));
#12559=IFCFACEOUTERBOUND(#12558,.T.);
#12560=IFCFACE((#12559));
#12561=IFCPOLYLOOP((#12104,#12145,#12144));
#12562=IFCFACEOUTERBOUND(#12561,.T.);
#12563=IFCFACE((#12562));
#12564=IFCPOLYLOOP((#12105,#12144,#12143));
#12565=IFCFACEOUTERBOUND(#12564,.T.);
#12566=IFCFACE((#12565));
#12567=IFCPOLYLOOP((#12141,#12044,#12105));
#12568=IFCFACEOUTERBOUND(#12567,.T.);
#12569=IFCFACE((#12568));
#12570=IFCPOLYLOOP((#12104,#12144,#12105));
#12571=IFCFACEOUTERBOUND(#12570,.T.);
#12572=IFCFACE((#12571));
#12573=IFCPOLYLOOP((#12100,#12109,#12101));
#12574=IFCFACEOUTERBOUND(#12573,.T.);
#12575=IFCFACE((#12574));
#12576=IFCPOLYLOOP((#12102,#12107,#12103));
#12577=IFCFACEOUTERBOUND(#12576,.T.);
#12578=IFCFACE((#12577));
#12579=IFCPOLYLOOP((#12104,#12103,#12145));
#12580=IFCFACEOUTERBOUND(#12579,.T.);
#12581=IFCFACE((#12580));
#12582=IFCPOLYLOOP((#12108,#12102,#12101));
#12583=IFCFACEOUTERBOUND(#12582,.T.);
#12584=IFCFACE((#12583));
#12585=IFCPOLYLOOP((#12100,#12099,#12110));
#12586=IFCFACEOUTERBOUND(#12585,.T.);
#12587=IFCFACE((#12586));
#12588=IFCPOLYLOOP((#12103,#12107,#12145));
#12589=IFCFACEOUTERBOUND(#12588,.T.);
#12590=IFCFACE((#12589));
#12591=IFCPOLYLOOP((#12119,#12091,#12120));
#12592=IFCFACEOUTERBOUND(#12591,.T.);
#12593=IFCFACE((#12592));
#12594=IFCCLOSEDSHELL((#12158,#12161,#12164,#12167,#12170,#12173,#12176,#12179,#12182,#12185,#12188,#12191,#12194,#12197,#12200,#12203,#12206,#12209,#12212,#12215,#12218,#12221,#12224,#12227,#12230,#12233,#12236,#12239,#12242,#12245,#12248,#12251,#12254,#12257,#12260,#12263,#12266,#12269,#12272,#12275,#12278,#12281,#12284,#12287,#12290,#12293,#12296,#12299,#12302,#12305,#12308,#12311,#12314,#12317,#12320,#12323,#12326,#12329,#12332,#12335,#12338,#12341,#12344,#12347,#12350,#12353,#12356,#12359,#12362,#12365,#12368,#12371,#12374,#12377,#12380,#12383,#12386,#12389,#12392,#12395,#12398,#12401,#12404,#12407,#12410,#12413,#12416,#12419,#12422,#12425,#12428,#12431,#12434,#12437,#12440,#12443,#12446,#12449,#12452,#12455,#12458,#12461,#12464,#12467,#12470,#12473,#12476,#12479,#12482,#12485,#12488,#12491,#12494,#12497,#12500,#12503,#12506,#12509,#12512,#12515,#12518,#12521,#12524,#12527,#12530,#12533,#12536,#12539,#12542,#12545,#12548,#12551,#12554,#12557,#12560,#12563,#12566,#12569,#12572,#12575,#12578,#12581,#12584,#12587,#12590,#12593));
#12595=IFCFACETEDBREP(#12594);
#12596=IFCCOLOURRGB($,0.,0.72549019607843135,0.36078431372549019);
#12597=IFCSURFACESTYLERENDERING(#12596,0.,$,$,$,$,IFCNORMALISEDRATIOMEASURE(0.5),IFCSPECULAREXPONENT(64.),.NOTDEFINED.);
#12598=IFCSURFACESTYLE('Grass',.BOTH.,(#12597));
#12599=IFCPRESENTATIONSTYLEASSIGNMENT((#12598));
#12600=IFCSTYLEDITEM(#12595,(#12599),$);
#12601=IFCSHAPEREPRESENTATION(#24,'Body','Brep',(#12595));
#12602=IFCPRODUCTDEFINITIONSHAPE($,$,(#12601));
#12603=IFCBUILDINGELEMENTPROXY('1RWt3Rffz2MRhkI7Tvrsf5',#18,'Toposolid:Grassland - 1200mm:1711480',$,'Toposolid:Grassland - 1200mm',#12015,#12602,'1711480',$);
#12604=IFCBUILDINGELEMENTPROXYTYPE('38IygQ2WP1$fMSs88lNWbf',#18,'Toposolid:Grassland - 1200mm',$,$,$,$,'1570127',$,.NOTDEFINED.);
#12605=IFCMATERIAL('Grass');
#12606=IFCPRESENTATIONSTYLEASSIGNMENT((#12598));
#12607=IFCSTYLEDITEM($,(#12606),$);
#12608=IFCSTYLEDREPRESENTATION(#22,'Style','Material',(#12607));
#12609=IFCMATERIALDEFINITIONREPRESENTATION($,$,(#12608),#12605);
#12610=IFCMATERIAL('Sand');
#12611=IFCCOLOURRGB($,0.8784313725490196,0.83921568627450982,0.76078431372549016);
#12612=IFCSURFACESTYLERENDERING(#12611,0.,$,$,$,$,IFCNORMALISEDRATIOMEASURE(0.5),IFCSPECULAREXPONENT(128.),.NOTDEFINED.);
#12613=IFCSURFACESTYLE('Sand',.BOTH.,(#12612));
#12614=IFCPRESENTATIONSTYLEASSIGNMENT((#12613));
#12615=IFCSTYLEDITEM($,(#12614),$);
#12616=IFCSTYLEDREPRESENTATION(#22,'Style','Material',(#12615));
#12617=IFCMATERIALDEFINITIONREPRESENTATION($,$,(#12616),#12610);
#12618=IFCMATERIAL('Earth');
#12619=IFCCOLOURRGB($,0.38039215686274508,0.29411764705882354,0.24313725490196078);
#12620=IFCSURFACESTYLERENDERING(#12619,0.,$,$,$,$,IFCNORMALISEDRATIOMEASURE(0.5),IFCSPECULAREXPONENT(128.),.NOTDEFINED.);
#12621=IFCSURFACESTYLE('Earth',.BOTH.,(#12620));
#12622=IFCPRESENTATIONSTYLEASSIGNMENT((#12621));
#12623=IFCSTYLEDITEM($,(#12622),$);
#12624=IFCSTYLEDREPRESENTATION(#22,'Style','Material',(#12623));
#12625=IFCMATERIALDEFINITIONREPRESENTATION($,$,(#12624),#12618);
#12626=IFCMATERIALLAYER(#12605,0.050000000000000003,$);
#12627=IFCMATERIALLAYER(#12610,0.15000000000000002,$);
#12628=IFCMATERIALLAYER(#12618,1.,$);
#12629=IFCMATERIALLAYERSET((#12626,#12627,#12628),'Toposolid:Grassland - 1200mm');
#12630=IFCMATERIALLIST((#12605,#12610,#12618));
#12631=IFCPROPERTYSINGLEVALUE('Reference',$,IFCIDENTIFIER('Grassland - 1200mm'),$);
#12632=IFCPROPERTYSET('3hnooVZEdfqQ02sgQeKpvO',#18,'Pset_BuildingElementProxyCommon',$,(#12631));
#12633=IFCPROPERTYSET('1dQHQ36lXsLXV0R$imRmZ$',#18,'Pset_QuantityTakeOff',$,(#12631));
#12634=IFCRELDEFINESBYPROPERTIES('2dAEAMKnL00VyWVsPofAbw',#18,$,$,(#12603),#12632);
#12635=IFCRELDEFINESBYPROPERTIES('3vaPpbWnviTJ4OMT4qptcs',#18,$,$,(#12603),#12633);
#12636=IFCAXIS2PLACEMENT3D(#3,$,$);
#12638=IFCCARTESIANPOINT((-0.30499999999991129,0.,1.8499999999999719));
#12639=IFCCARTESIANPOINT((-0.30499999999991129,-0.0025881904509945162,1.849659258262863));
#12640=IFCCARTESIANPOINT((-0.30499999999991129,-0.0049999999999693172,1.8486602540378165));
#12641=IFCCARTESIANPOINT((-0.30499999999991129,-0.0070710678118347794,1.8470710678118378));
#12642=IFCCARTESIANPOINT((-0.30499999999991129,-0.0086602540378137235,1.8449999999999722));
#12643=IFCCARTESIANPOINT((-0.30499999999991129,-0.0096592582628600692,1.8425881904509975));
#12644=IFCCARTESIANPOINT((-0.30499999999991129,-0.0099999999999694448,1.8399999999999721));
#12645=IFCCARTESIANPOINT((-0.30499999999991129,-0.0096592582628601421,1.8374118095489469));
#12646=IFCCARTESIANPOINT((-0.30499999999991129,-0.008660254037813871,1.8349999999999722));
#12647=IFCCARTESIANPOINT((-0.30499999999991129,-0.0070710678118350023,1.8329289321881066));
#12648=IFCCARTESIANPOINT((-0.30499999999991129,-0.0049999999999695939,1.8313397459621279));
#12649=IFCCARTESIANPOINT((-0.30499999999991129,-0.0025881904509948046,1.8303407417370816));
#12650=IFCCARTESIANPOINT((-0.30499999999991129,0.,1.8299999999999723));
#12651=IFCCARTESIANPOINT((-0.30499999999991129,0.0025881904510557147,1.8303407417370816));
#12652=IFCCARTESIANPOINT((-0.30499999999991129,0.0050000000000305009,1.8313397459621277));
#12653=IFCCARTESIANPOINT((-0.30499999999991129,0.0070710678118960854,1.8329289321881066));
#12654=IFCCARTESIANPOINT((-0.30499999999991129,0.0086602540378749888,1.8349999999999722));
#12655=IFCCARTESIANPOINT((-0.30499999999991129,0.0096592582629212668,1.8374118095489469));
#12656=IFCCARTESIANPOINT((-0.30499999999991129,0.010000000000030556,1.8399999999999721));
#12657=IFCCARTESIANPOINT((-0.30499999999991129,0.0096592582629212356,1.8425881904509973));
#12658=IFCCARTESIANPOINT((-0.30499999999991129,0.0086602540378749419,1.844999999999972));
#12659=IFCCARTESIANPOINT((-0.30499999999991129,0.0070710678118960577,1.8470710678118376));
#12660=IFCCARTESIANPOINT((-0.30499999999991129,0.0050000000000306258,1.8486602540378163));
#12661=IFCCARTESIANPOINT((-0.30499999999991129,0.0025881904510558244,1.8496592582628626));
#12662=IFCCARTESIANPOINT((-0.35459999999999359,0.,1.8299999999999723));
#12663=IFCCARTESIANPOINT((-0.35483461544209077,0.0034443315829115074,1.8306118915671106));
#12664=IFCCARTESIANPOINT((-0.35542857939044559,0.0064346941830214985,1.8323452817967081));
#12665=IFCCARTESIANPOINT((-0.35611792631776423,0.0086490783692256806,1.8349806929398769));
#12666=IFCCARTESIANPOINT((-0.35658556262076124,0.0098450049372516158,1.8382461819403968));
#12667=IFCCARTESIANPOINT((-0.35658576614082571,0.0098454889563036919,1.8417510988583761));
#12668=IFCCARTESIANPOINT((-0.35611810254902065,0.0086495649683468318,1.845018468477394));
#12669=IFCCARTESIANPOINT((-0.35542941704971198,0.0064378920062128668,1.8476520289150202));
#12670=IFCCARTESIANPOINT((-0.3548347171423078,0.0034450745554832868,1.8493878358159295));
#12671=IFCCARTESIANPOINT((-0.35459999999999359,0.,1.8499999999999719));
#12672=IFCCARTESIANPOINT((-0.35483471714230724,-0.0034450745554296227,1.8493878358159268));
#12673=IFCCARTESIANPOINT((-0.35542941704971043,-0.0064378920061562038,1.8476520289150165));
#12674=IFCCARTESIANPOINT((-0.35611810254901749,-0.008649564968287532,1.8450184684773907));
#12675=IFCCARTESIANPOINT((-0.35658576614082138,-0.0098454889562428118,1.841751098858375));
#12676=IFCCARTESIANPOINT((-0.35658556262075691,-0.0098450049371907097,1.8382461819403979));
#12677=IFCCARTESIANPOINT((-0.35611792631776107,-0.0086490783691663374,1.83498069293988));
#12678=IFCCARTESIANPOINT((-0.35542857939044403,-0.0064346941829646724,1.8323452817967116));
#12679=IFCCARTESIANPOINT((-0.35483461544209027,-0.0034443315828578684,1.8306118915671132));
#12680=IFCCARTESIANPOINT((-0.30499999999991129,0.,1.3999999999999719));
#12681=IFCCARTESIANPOINT((-0.30499999999991129,-0.0025881904510007391,1.3996592582628629));
#12682=IFCCARTESIANPOINT((-0.30499999999991129,-0.0049999999999755396,1.3986602540378166));
#12683=IFCCARTESIANPOINT((-0.30499999999991129,-0.0070710678118410019,1.3970710678118377));
#12684=IFCCARTESIANPOINT((-0.30499999999991129,-0.008660254037819946,1.3949999999999723));
#12685=IFCCARTESIANPOINT((-0.30499999999991129,-0.0096592582628662917,1.3925881904509976));
#12686=IFCCARTESIANPOINT((-0.30499999999991129,-0.0099999999999756672,1.3899999999999721));
#12687=IFCCARTESIANPOINT((-0.30499999999991129,-0.0096592582628663645,1.3874118095489469));
#12688=IFCCARTESIANPOINT((-0.30499999999991129,-0.0086602540378200935,1.384999999999972));
#12689=IFCCARTESIANPOINT((-0.30499999999991129,-0.0070710678118412248,1.3829289321881066));
#12690=IFCCARTESIANPOINT((-0.30499999999991129,-0.0049999999999758163,1.3813397459621277));
#12691=IFCCARTESIANPOINT((-0.30499999999991129,-0.0025881904510010275,1.3803407417370814));
#12692=IFCCARTESIANPOINT((-0.30499999999991129,0.,1.3799999999999721));
#12693=IFCCARTESIANPOINT((-0.30499999999991129,0.0025881904510494918,1.3803407417370814));
#12694=IFCCARTESIANPOINT((-0.30499999999991129,0.0050000000000242793,1.3813397459621275));
#12695=IFCCARTESIANPOINT((-0.30499999999991129,0.007071067811889863,1.3829289321881066));
#12696=IFCCARTESIANPOINT((-0.30499999999991129,0.0086602540378687663,1.384999999999972));
#12697=IFCCARTESIANPOINT((-0.30499999999991129,0.0096592582629150443,1.3874118095489469));
#12698=IFCCARTESIANPOINT((-0.30499999999991129,0.010000000000024333,1.3899999999999721));
#12699=IFCCARTESIANPOINT((-0.30499999999991129,0.0096592582629150131,1.3925881904509971));
#12700=IFCCARTESIANPOINT((-0.30499999999991129,0.0086602540378687195,1.394999999999972));
#12701=IFCCARTESIANPOINT((-0.30499999999991129,0.0070710678118898352,1.3970710678118374));
#12702=IFCCARTESIANPOINT((-0.30499999999991129,0.0050000000000244042,1.3986602540378164));
#12703=IFCCARTESIANPOINT((-0.30499999999991129,0.0025881904510496015,1.3996592582628626));
#12704=IFCCARTESIANPOINT((-0.35459999999999359,0.,1.3799999999999721));
#12705=IFCCARTESIANPOINT((-0.35483461544209055,0.0034443315829096959,1.3806118915671119));
#12706=IFCCARTESIANPOINT((-0.35542857939044475,0.0064346941830180507,1.3823452817967101));
#12707=IFCCARTESIANPOINT((-0.35611792631776235,0.0086490783692204313,1.3849806929398787));
#12708=IFCCARTESIANPOINT((-0.35658556262075874,0.0098450049372454732,1.3882461819403971));
#12709=IFCCARTESIANPOINT((-0.35658576614082321,0.0098454889562975961,1.3917510988583754));
#12710=IFCCARTESIANPOINT((-0.35611810254901877,0.0086495649683416206,1.3950184684773921));
#12711=IFCCARTESIANPOINT((-0.35542941704971104,0.0064378920062092646,1.3976520289150181));
#12712=IFCCARTESIANPOINT((-0.35483471714230747,0.0034450745554815707,1.3993878358159277));
#12713=IFCCARTESIANPOINT((-0.35459999999999359,0.,1.3999999999999719));
#12714=IFCCARTESIANPOINT((-0.35483471714230752,-0.0034450745554313509,1.3993878358159284));
#12715=IFCCARTESIANPOINT((-0.35542941704971137,-0.006437892006159786,1.3976520289150189));
#12716=IFCCARTESIANPOINT((-0.35611810254901938,-0.008649564968292606,1.3950184684773925));
#12717=IFCCARTESIANPOINT((-0.35658576614082399,-0.0098454889562488695,1.3917510988583757));
#12718=IFCCARTESIANPOINT((-0.35658556262075958,-0.0098450049371968489,1.3882461819403973));
#12719=IFCCARTESIANPOINT((-0.35611792631776296,-0.0086490783691714028,1.3849806929398778));
#12720=IFCCARTESIANPOINT((-0.35542857939044498,-0.0064346941829683882,1.3823452817967095));
#12721=IFCCARTESIANPOINT((-0.35483461544209055,-0.0034443315828595195,1.3806118915671113));
#12722=IFCCARTESIANPOINT((-0.30499999999991129,0.,0.38999999999997187));
#12723=IFCCARTESIANPOINT((-0.30499999999991129,-0.0025881904510147938,0.38965925826286252));
#12724=IFCCARTESIANPOINT((-0.30499999999991129,-0.0049999999999895883,0.38866025403781618));
#12725=IFCCARTESIANPOINT((-0.30499999999991129,-0.0070710678118550826,0.38707106781183731));
#12726=IFCCARTESIANPOINT((-0.30499999999991129,-0.0086602540378340007,0.38499999999997181));
#12727=IFCCARTESIANPOINT((-0.30499999999991129,-0.00965925826288031,0.38258819045099707));
#12728=IFCCARTESIANPOINT((-0.30499999999991129,-0.0099999999999896335,0.37999999999997192));
#12729=IFCCARTESIANPOINT((-0.30499999999991129,-0.0096592582628803273,0.37741180954894665));
#12730=IFCCARTESIANPOINT((-0.30499999999991129,-0.0086602540378340545,0.37499999999997186));
#12731=IFCCARTESIANPOINT((-0.30499999999991129,-0.0070710678118551477,0.37292893218810641));
#12732=IFCCARTESIANPOINT((-0.30499999999991129,-0.0049999999999896993,0.37133974596212743));
#12733=IFCCARTESIANPOINT((-0.30499999999991129,-0.0025881904510149179,0.3703407417370812));
#12734=IFCCARTESIANPOINT((-0.30499999999991129,0.,0.3699999999999718));
#12735=IFCCARTESIANPOINT((-0.30499999999991129,0.0025881904510355602,0.37034074173708115));
#12736=IFCCARTESIANPOINT((-0.30499999999991129,0.0050000000000103434,0.37133974596212743));
#12737=IFCCARTESIANPOINT((-0.30499999999991129,0.0070710678118758282,0.37292893218810635));
#12738=IFCCARTESIANPOINT((-0.30499999999991129,0.0086602540378547411,0.3749999999999718));
#12739=IFCCARTESIANPOINT((-0.30499999999991129,0.0096592582629010451,0.3774118095489466));
#12740=IFCCARTESIANPOINT((-0.30499999999991129,0.010000000000010369,0.3799999999999718));
#12741=IFCCARTESIANPOINT((-0.30499999999991129,0.0096592582629010625,0.38258819045099696));
#12742=IFCCARTESIANPOINT((-0.30499999999991129,0.0086602540378547532,0.38499999999997181));
#12743=IFCCARTESIANPOINT((-0.30499999999991129,0.0070710678118758689,0.38707106781183731));
#12744=IFCCARTESIANPOINT((-0.30499999999991129,0.0050000000000104067,0.38866025403781618));
#12745=IFCCARTESIANPOINT((-0.30499999999991129,0.0025881904510356179,0.38965925826286252));
#12746=IFCCARTESIANPOINT((-0.35459999999999359,0.,0.3699999999999718));
#12747=IFCCARTESIANPOINT((-0.35483461544209,0.0034443315829058275,0.37061189156711549));
#12748=IFCCARTESIANPOINT((-0.35542857939044259,0.0064346941830097744,0.37234528179671483));
#12749=IFCCARTESIANPOINT((-0.35611792631775813,0.0086490783692088347,0.37498069293988245));
#12750=IFCCARTESIANPOINT((-0.35658556262075297,0.0098450049372318365,0.37824618194039866));
#12751=IFCCARTESIANPOINT((-0.35658576614081738,0.0098454889562839421,0.38175109885837333));
#12752=IFCCARTESIANPOINT((-0.35611810254901466,0.0086495649683301454,0.38501846847738758));
#12753=IFCCARTESIANPOINT((-0.35542941704970893,0.0064378920062012016,0.38765202891501288));
#12754=IFCCARTESIANPOINT((-0.35483471714230691,0.0034450745554775722,0.38938783581592384));
#12755=IFCCARTESIANPOINT((-0.35459999999999359,0.,0.38999999999997187));
#12756=IFCCARTESIANPOINT((-0.35483471714230808,-0.0034450745554352054,0.38938783581593184));
#12757=IFCCARTESIANPOINT((-0.35542941704971348,-0.0064378920061678576,0.38765202891502348));
#12758=IFCCARTESIANPOINT((-0.3561181025490236,-0.0086495649683043189,0.38501846847739635));
#12759=IFCCARTESIANPOINT((-0.35658576614082976,-0.0098454889562625946,0.38175109885837677));
#12760=IFCCARTESIANPOINT((-0.35658556262076524,-0.0098450049372105029,0.37824618194039528));
#12761=IFCCARTESIANPOINT((-0.35611792631776706,-0.0086490783691830237,0.37498069293987368));
#12762=IFCCARTESIANPOINT((-0.35542857939044709,-0.0064346941829765353,0.37234528179670434));
#12763=IFCCARTESIANPOINT((-0.35483461544209111,-0.0034443315828634608,0.3706118915671075));
#12764=IFCCARTESIANPOINT((-0.40539999999999354,0.,1.8899999999999979));
#12765=IFCCARTESIANPOINT((-0.40453451598773582,-0.0065740037455787837,1.8899999999999979));
#12766=IFCCARTESIANPOINT((-0.40199704525611824,-0.01269999999997474,1.8899999999999979));
#12767=IFCCARTESIANPOINT((-0.39796051224213186,-0.017960512242113032,1.8899999999999979));
#12768=IFCCARTESIANPOINT((-0.3926999999999935,-0.02199704525609945,1.8899999999999979));
#12769=IFCCARTESIANPOINT((-0.38657400374559753,-0.024534515987717029,1.8899999999999979));
#12770=IFCCARTESIANPOINT((-0.37999999999999345,-0.025399999999974682,1.8899999999999979));
#12771=IFCCARTESIANPOINT((-0.37342599625438949,-0.024534515987717009,1.8899999999999979));
#12772=IFCCARTESIANPOINT((-0.36729999999999352,-0.021997045256099412,1.8899999999999979));
#12773=IFCCARTESIANPOINT((-0.36203948775785527,-0.01796051224211298,1.8899999999999979));
#12774=IFCCARTESIANPOINT((-0.35800295474386878,-0.012699999999974673,1.8899999999999979));
#12775=IFCCARTESIANPOINT((-0.35546548401225125,-0.0065740037455787066,1.8899999999999979));
#12776=IFCCARTESIANPOINT((-0.35459999999999359,0.,1.8899999999999979));
#12777=IFCCARTESIANPOINT((-0.35546548401225125,0.006574003745629494,1.8899999999999979));
#12778=IFCCARTESIANPOINT((-0.35800295474386884,0.012700000000025444,1.8899999999999979));
#12779=IFCCARTESIANPOINT((-0.36203948775785533,0.017960512242163724,1.8899999999999979));
#12780=IFCCARTESIANPOINT((-0.36729999999999363,0.021997045256150125,1.8899999999999979));
#12781=IFCCARTESIANPOINT((-0.3734259962543896,0.024534515987767683,1.8899999999999979));
#12782=IFCCARTESIANPOINT((-0.37999999999999368,0.025400000000025316,1.8899999999999979));
#12783=IFCCARTESIANPOINT((-0.38657400374559769,0.024534515987767624,1.8899999999999979));
#12784=IFCCARTESIANPOINT((-0.39269999999999361,0.021997045256150007,1.8899999999999979));
#12785=IFCCARTESIANPOINT((-0.39796051224213191,0.017960512242163558,1.8899999999999979));
#12786=IFCCARTESIANPOINT((-0.40199704525611835,0.012700000000025231,1.8899999999999979));
#12787=IFCCARTESIANPOINT((-0.40453451598773593,0.0065740037456292564,1.8899999999999979));
#12788=IFCCARTESIANPOINT((-0.40539999999999354,0.,-0.));
#12789=IFCCARTESIANPOINT((-0.40453451598773593,0.0065740037456292564,-0.));
#12790=IFCCARTESIANPOINT((-0.40199704525611835,0.012700000000025231,-0.));
#12791=IFCCARTESIANPOINT((-0.39796051224213191,0.017960512242163558,-0.));
#12792=IFCCARTESIANPOINT((-0.39269999999999361,0.021997045256150007,-0.));
#12793=IFCCARTESIANPOINT((-0.38657400374559769,0.024534515987767624,-0.));
#12794=IFCCARTESIANPOINT((-0.37999999999999368,0.025400000000025316,-0.));
#12795=IFCCARTESIANPOINT((-0.3734259962543896,0.024534515987767683,-0.));
#12796=IFCCARTESIANPOINT((-0.36729999999999363,0.021997045256150125,-0.));
#12797=IFCCARTESIANPOINT((-0.36203948775785533,0.017960512242163724,-0.));
#12798=IFCCARTESIANPOINT((-0.35800295474386884,0.012700000000025444,-0.));
#12799=IFCCARTESIANPOINT((-0.35546548401225125,0.006574003745629494,-0.));
#12800=IFCCARTESIANPOINT((-0.35459999999999359,0.,-0.));
#12801=IFCCARTESIANPOINT((-0.35546548401225125,-0.0065740037455787066,-0.));
#12802=IFCCARTESIANPOINT((-0.35800295474386878,-0.012699999999974673,-0.));
#12803=IFCCARTESIANPOINT((-0.36203948775785527,-0.01796051224211298,-0.));
#12804=IFCCARTESIANPOINT((-0.36729999999999352,-0.021997045256099412,-0.));
#12805=IFCCARTESIANPOINT((-0.37342599625438949,-0.024534515987717009,-0.));
#12806=IFCCARTESIANPOINT((-0.37999999999999345,-0.025399999999974682,-0.));
#12807=IFCCARTESIANPOINT((-0.38657400374559753,-0.024534515987717029,-0.));
#12808=IFCCARTESIANPOINT((-0.3926999999999935,-0.02199704525609945,-0.));
#12809=IFCCARTESIANPOINT((-0.39796051224213186,-0.017960512242113032,-0.));
#12810=IFCCARTESIANPOINT((-0.40199704525611824,-0.01269999999997474,-0.));
#12811=IFCCARTESIANPOINT((-0.40453451598773582,-0.0065740037455787837,-0.));
#12812=IFCCARTESIANPOINT((-0.3567342193780601,0.0096370018728276132,1.8899999999999979));
#12813=IFCCARTESIANPOINT((-0.35503274200612245,0.0032870018728275671,1.8899999999999979));
#12814=IFCCARTESIANPOINT((-0.35609985169515573,0.0081055028092286308,1.8899999999999979));
#12815=IFCCARTESIANPOINT((-0.35459999999999359,0.,1.0280461051410965));
#12816=IFCCARTESIANPOINT((-0.3616491640922016,0.017561515352787289,0.37768783280441248));
#12817=IFCCARTESIANPOINT((-0.3641406224569565,0.019840366527572463,1.3868465162725514));
#12818=IFCCARTESIANPOINT((-0.35658208893635351,0.0098367393691174212,0.97275820577652761));
#12819=IFCCARTESIANPOINT((-0.35876394793344085,0.013935210534016645,0.37884326138826191));
#12820=IFCCARTESIANPOINT((-0.35973713930299672,0.015315889669714837,1.3884225965033019));
#12821=IFCCARTESIANPOINT((-0.35651190436758001,0.0096679555006778713,0.67724964679283195));
#12822=IFCCARTESIANPOINT((-0.35647002957539242,0.0095655889425523798,1.6149980489143252));
#12823=IFCCARTESIANPOINT((-0.35646243756397494,0.0095468924038667642,0.16772301801701525));
#12824=IFCCARTESIANPOINT((-0.35646083314138971,0.0095429357958277602,1.1805137541477522));
#12825=IFCCARTESIANPOINT((-0.39546254029594941,0.020151174844086933,0.94500000003166129));
#12826=IFCCARTESIANPOINT((-0.37668463471642605,0.025182699478764989,0.80097103973983186));
#12827=IFCCARTESIANPOINT((-0.40539999999999354,0.,0.94499946937865431));
#12828=IFCCARTESIANPOINT((-0.35459999999999359,0.,0.74195389485884755));
#12829=IFCCARTESIANPOINT((-0.3833153652661701,0.02518269948105455,1.3201787491765926));
#12830=IFCCARTESIANPOINT((-0.40539999999999354,0.,0.35195264723899838));
#12831=IFCCARTESIANPOINT((-0.40539999999999354,0.,1.5380473527609977));
#12832=IFCCARTESIANPOINT((-0.38972015918028602,0.023466540126549633,0.50166381633871393));
#12833=IFCCARTESIANPOINT((-0.40015117484183022,0.015462540298880785,0.50166381650447567));
#12834=IFCCARTESIANPOINT((-0.40015117483101487,0.015462540312975646,1.3883361840362523));
#12835=IFCCARTESIANPOINT((-0.35459999999999359,0.,1.6540231116176873));
#12836=IFCCARTESIANPOINT((-0.3702798408167528,0.023466540125328412,0.40861603882897696));
#12837=IFCCARTESIANPOINT((-0.36014967598411779,0.015846912521546571,0.65664848126168018));
#12838=IFCCARTESIANPOINT((-0.36176009086375127,0.017676699768410371,1.0267733632366409));
#12839=IFCCARTESIANPOINT((-0.35459999999999359,0.,0.19402363769698944));
#12840=IFCCARTESIANPOINT((-0.37668463470876756,0.025182699477756733,1.5567236697571569));
#12841=IFCCARTESIANPOINT((-0.38972015917191827,0.023466540130015662,1.5567236697106039));
#12842=IFCCARTESIANPOINT((-0.3833153652810174,0.025182699479099863,0.30576871159307306));
#12843=IFCCARTESIANPOINT((-0.39546254029538858,0.020151174844517231,0.3057687116788283));
#12844=IFCCARTESIANPOINT((-0.40346654012484456,0.0097201591843575023,0.30576871179527049));
#12845=IFCCARTESIANPOINT((-0.40346654012031291,0.0097201591952979245,1.5842312885815295));
#12846=IFCCARTESIANPOINT((-0.40415361377160225,0.0078589402448644759,0.70325973946489906));
#12847=IFCCARTESIANPOINT((-0.40415361376676678,0.0078589402597259318,1.1867402605307058));
#12848=IFCCARTESIANPOINT((-0.36010542700495296,0.015791325636114351,0.18238707295571818));
#12849=IFCCARTESIANPOINT((-0.37448795121346662,0.024794703429890076,1.178847354662574));
#12850=IFCCARTESIANPOINT((-0.3551431697286408,0.0052247477318454402,1.0647368849415));
#12851=IFCCARTESIANPOINT((-0.35519712217873378,0.005475148562727363,0.82962112868790294));
#12852=IFCCARTESIANPOINT((-0.37027984081227255,0.023466540123472632,1.6406682742009857));
#12853=IFCCARTESIANPOINT((-0.38331536527497889,0.025182699479894852,1.6406682741830296));
#12854=IFCCARTESIANPOINT((-0.39546254028945577,0.020151174849069649,1.6406682741518306));
#12855=IFCCARTESIANPOINT((-0.39450590099975996,0.020850391751380388,1.316970827638873));
#12856=IFCCARTESIANPOINT((-0.36182230159594198,0.017740667426346689,1.6224021736630665));
#12857=IFCCARTESIANPOINT((-0.35863919328912852,0.013743214204172126,1.0882804462047009));
#12858=IFCCARTESIANPOINT((-0.35886561354219104,0.014088921500702857,0.86366304997264487));
#12859=IFCCARTESIANPOINT((-0.37668463471656577,0.025182699478783384,0.24301720923551337));
#12860=IFCCARTESIANPOINT((-0.37859488296129029,0.025361104985958907,0.52199412450731164));
#12861=IFCCARTESIANPOINT((-0.38450597255581753,0.024997124061128036,0.7403147600311023));
#12862=IFCCARTESIANPOINT((-0.3653583783023861,0.02075531050274124,0.59918650989859745));
#12863=IFCCARTESIANPOINT((-0.36388192983567164,0.019630787405985256,0.1956403175065127));
#12864=IFCCARTESIANPOINT((-0.38972015918086311,0.023466540126310591,0.23251964034647901));
#12865=IFCCARTESIANPOINT((-0.40015117484233553,0.015462540298222234,0.23251964042341669));
#12866=IFCCARTESIANPOINT((-0.40015117483747187,0.015462540304560698,1.6574803598520282));
#12867=IFCCARTESIANPOINT((-0.36558222959013903,0.020911429803095311,0.38823056688631846));
#12868=IFCCARTESIANPOINT((-0.3550311591956597,0.0046601490199423565,0.60795005285284864));
#12869=IFCCARTESIANPOINT((-0.38177272781291705,0.025338062990342618,1.0228092687529236));
#12870=IFCCARTESIANPOINT((-0.38913953061744444,0.02369871262524352,1.1125612844178123));
#12871=IFCCARTESIANPOINT((-0.35508784717329267,0.0049542548924486202,0.18435862483559406));
#12872=IFCCARTESIANPOINT((-0.36876990587821878,0.022782558811890129,0.91932396750786516));
#12873=IFCCARTESIANPOINT((-0.3608182998912367,0.016649996424581041,1.2099148981018308));
#12874=IFCCARTESIANPOINT((-0.35507381984677167,0.0048831898354839394,1.6387059390019021));
#12875=IFCCARTESIANPOINT((-0.36192077597720385,0.017841010586137969,0.82584395552585865));
#12876=IFCCARTESIANPOINT((-0.37083847661395636,0.023690219273959711,0.67168950471261446));
#12877=IFCCARTESIANPOINT((-0.37200940935717786,0.024110380776341287,1.403982191733157));
#12878=IFCCARTESIANPOINT((-0.36825941627273062,0.022523736229681544,1.1895810989968445));
#12879=IFCCARTESIANPOINT((-0.36423178805802081,0.019912897633293757,1.1693332623299779));
#12880=IFCCARTESIANPOINT((-0.3954625402950307,0.020151174844791845,0.59129833101133977));
#12881=IFCCARTESIANPOINT((-0.39111258098093521,0.022840108229672841,0.76814916543258815));
#12882=IFCCARTESIANPOINT((-0.39918570281365529,0.016645383971140366,0.76814916562427948));
#12883=IFCCARTESIANPOINT((-0.40040158787843849,0.015130605144502821,1.0734163474602183));
#12884=IFCCARTESIANPOINT((-0.3702798408172277,0.023466540125525123,0.18182578356861126));
#12885=IFCCARTESIANPOINT((-0.36780556376100254,0.02228128642637834,1.4747820159253255));
#12886=IFCCARTESIANPOINT((-0.36573309561069162,0.021014648204230817,1.6622905200374867));
#12887=IFCCARTESIANPOINT((-0.37663715976172557,0.025176403745037941,1.3573054698864107));
#12888=IFCCARTESIANPOINT((-0.40199238798873921,0.012708063210148019,0.67375633060065598));
#12889=IFCCARTESIANPOINT((-0.40288343890061284,0.011023076888155178,0.91406088161677157));
#12890=IFCCARTESIANPOINT((-0.40343166706809169,0.0098039266832376896,0.51350058479808491));
#12891=IFCCARTESIANPOINT((-0.40539999999999354,0.,0.64847552768748284));
#12892=IFCCARTESIANPOINT((-0.40498368953446151,0.0045798752434478302,0.5279937286856704));
#12893=IFCCARTESIANPOINT((-0.40476752261976173,0.0056329231558362143,0.91670010126759172));
#12894=IFCCARTESIANPOINT((-0.40497008569936582,0.0046534739889934834,0.21852789962445471));
#12895=IFCCARTESIANPOINT((-0.4049700856993953,0.0046534739888352558,1.6714721005104087));
#12896=IFCCARTESIANPOINT((-0.40539999999999354,0.,1.2415234110698263));
#12897=IFCCARTESIANPOINT((-0.40483749509523748,0.005315904193455929,1.4289647426642005));
#12898=IFCCARTESIANPOINT((-0.40332315090191767,0.010059355446875501,1.3741965684579611));
#12899=IFCCARTESIANPOINT((-0.35875885337473451,0.013927443772816068,1.5804015567394119));
#12900=IFCCARTESIANPOINT((-0.38456379341447894,0.024986632219472168,0.51999360829381525));
#12901=IFCCARTESIANPOINT((-0.37685873974117728,0.025205009105089764,1.0025819925443786));
#12902=IFCCARTESIANPOINT((-0.38865306071338096,0.023880631069794621,1.3365894821077391));
#12903=IFCCARTESIANPOINT((-0.39353456060954334,0.021493619264970492,1.1216788058173681));
#12904=IFCCARTESIANPOINT((-0.39744049604385912,0.018465890115151356,1.1760201967120727));
#12905=IFCCARTESIANPOINT((-0.38643064897965806,0.024572479600186544,0.93586638683035583));
#12906=IFCCARTESIANPOINT((-0.35503274200612239,-0.0032870018727767002,1.8899999999999979));
#12907=IFCCARTESIANPOINT((-0.35673421937805999,-0.0096370018727766939,1.8899999999999979));
#12908=IFCCARTESIANPOINT((-0.35609985169515562,-0.0081055028091777028,1.8899999999999979));
#12909=IFCCARTESIANPOINT((-0.36164916394495955,-0.017561515198876616,0.37768782714412236));
#12910=IFCCARTESIANPOINT((-0.3641406225761728,-0.019840366622817258,1.3868465136914343));
#12911=IFCCARTESIANPOINT((-0.35660650082068346,-0.009894654928147683,0.83772188408358828));
#12912=IFCCARTESIANPOINT((-0.35876394787686794,-0.01393521044775383,0.37884325822061782));
#12913=IFCCARTESIANPOINT((-0.35973713935190649,-0.015315889734371532,1.3884225952968807));
#12914=IFCCARTESIANPOINT((-0.35649986686582247,-0.0096386587591712671,1.1129433026600029));
#12915=IFCCARTESIANPOINT((-0.35646243758130225,-0.009546892446536127,0.16772301730531516));
#12916=IFCCARTESIANPOINT((-0.35646975972131001,-0.0095649251135036598,1.6150014983550427));
#12917=IFCCARTESIANPOINT((-0.35647279826871769,-0.009572396705912584,0.60979916325718508));
#12918=IFCCARTESIANPOINT((-0.40539999999999354,0.,1.1860947747566308));
#12919=IFCCARTESIANPOINT((-0.39546254035203099,-0.020151174801003358,0.94500000070674273));
#12920=IFCCARTESIANPOINT((-0.37668463473156377,-0.025182699480707275,0.80097103572418149));
#12921=IFCCARTESIANPOINT((-0.40539999999999354,0.,0.70390522524336518));
#12922=IFCCARTESIANPOINT((-0.383315365337559,-0.025182699471605396,1.3201787464246642));
#12923=IFCCARTESIANPOINT((-0.38972015919009506,-0.023466540122435965,0.50166381790240366));
#12924=IFCCARTESIANPOINT((-0.40015117484661727,-0.015462540292591509,0.50166381585950781));
#12925=IFCCARTESIANPOINT((-0.40015117486387525,-0.015462540270100456,1.3883361842103517));
#12926=IFCCARTESIANPOINT((-0.37027984084021431,-0.02346654013499587,0.40861605309446863));
#12927=IFCCARTESIANPOINT((-0.36175712152484885,-0.017673635306303167,0.99828895010991614));
#12928=IFCCARTESIANPOINT((-0.360150541992039,-0.015847997248537325,0.66591458664266523));
#12929=IFCCARTESIANPOINT((-0.3766846347526297,-0.025182699483480658,1.5567236688511692));
#12930=IFCCARTESIANPOINT((-0.38972015920892267,-0.023466540114637301,1.5567236687414838));
#12931=IFCCARTESIANPOINT((-0.38331536529188603,-0.02518269947761835,0.30576871269176242));
#12932=IFCCARTESIANPOINT((-0.39546254030113576,-0.020151174840056633,0.30576871171877484));
#12933=IFCCARTESIANPOINT((-0.4034665401327821,-0.0097201591651438751,1.5842312887327483));
#12934=IFCCARTESIANPOINT((-0.40346654012712013,-0.0097201591788131717,0.30576871147981255));
#12935=IFCCARTESIANPOINT((-0.36010542687681629,-0.015791325474631752,0.18238706662847121));
#12936=IFCCARTESIANPOINT((-0.37448795126094186,-0.024794703440393549,1.178847353113688));
#12937=IFCCARTESIANPOINT((-0.40391159214139105,-0.0085671326161688485,1.2289654617590455));
#12938=IFCCARTESIANPOINT((-0.40391159213204325,-0.0085671326422592786,0.66103453982308868));
#12939=IFCCARTESIANPOINT((-0.366750938147829,-0.021670772022159761,0.73928161405085735));
#12940=IFCCARTESIANPOINT((-0.38331536530644633,-0.02518269947570145,1.6406682742221637));
#12941=IFCCARTESIANPOINT((-0.37027984084306692,-0.023466540136177463,1.6406682744006029));
#12942=IFCCARTESIANPOINT((-0.39546254031214428,-0.020151174831609532,1.6406682740544556));
#12943=IFCCARTESIANPOINT((-0.39450590106570965,-0.020850391705447693,1.316970828226695));
#12944=IFCCARTESIANPOINT((-0.36182230167466622,-0.017740667506959629,1.6224021725535969));
#12945=IFCCARTESIANPOINT((-0.37668463472925839,-0.025182699480403772,0.24301721023025033));
#12946=IFCCARTESIANPOINT((-0.37859488299353344,-0.025361104987694692,0.52199412288600289));
#12947=IFCCARTESIANPOINT((-0.38450597252435897,-0.024997124066748116,0.74031475755664422));
#12948=IFCCARTESIANPOINT((-0.36388192942888647,-0.019630787071939264,0.19564031662463999));
#12949=IFCCARTESIANPOINT((-0.3897201591875174,-0.023466540123503674,0.2325196410987409));
#12950=IFCCARTESIANPOINT((-0.40015117484557655,-0.015462540293947813,0.23251964003822556));
#12951=IFCCARTESIANPOINT((-0.40015117485307244,-0.015462540284179021,1.6574803599597423));
#12952=IFCCARTESIANPOINT((-0.36566063742971167,-0.020965273217321501,0.39087564614692116));
#12953=IFCCARTESIANPOINT((-0.35516977754481754,-0.0053497712872797362,0.73546159403226574));
#12954=IFCCARTESIANPOINT((-0.35518446353398492,-0.0054174855702550789,0.96639546043868474));
#12955=IFCCARTESIANPOINT((-0.38177272776058635,-0.025338062993953199,1.0228092669760727));
#12956=IFCCARTESIANPOINT((-0.38913953074087981,-0.023698712577589428,1.1125612748783087));
#12957=IFCCARTESIANPOINT((-0.3550878472072696,-0.0049542550632486462,0.18435861867038111));
#12958=IFCCARTESIANPOINT((-0.40070218780481598,-0.014716637526728622,1.0606624477793893));
#12959=IFCCARTESIANPOINT((-0.35459999999999359,0.,1.2040236374107742));
#12960=IFCCARTESIANPOINT((-0.35507375517884721,-0.0048828597272528463,1.6387168790347724));
#12961=IFCCARTESIANPOINT((-0.35509490716807862,-0.0049896243379084085,1.1727507325520252));
#12962=IFCCARTESIANPOINT((-0.37200940939658522,-0.024110380789350905,1.4039821912543136));
#12963=IFCCARTESIANPOINT((-0.36809670707060854,-0.022438173219674475,1.1860900071607117));
#12964=IFCCARTESIANPOINT((-0.37107039084036986,-0.023778605515361081,0.9439375516073879));
#12965=IFCCARTESIANPOINT((-0.39961697673785646,-0.016134876004027097,0.7848096947759895));
#12966=IFCCARTESIANPOINT((-0.39498717535215538,-0.0205071834965827,0.65525156293888021));
#12967=IFCCARTESIANPOINT((-0.39049491157402777,-0.023130430844496425,0.81889082149666681));
#12968=IFCCARTESIANPOINT((-0.40371285378895805,-0.0091027778827527297,0.94500000089969971));
#12969=IFCCARTESIANPOINT((-0.4049746520123817,-0.0046289044988939909,0.82445272538678605));
#12970=IFCCARTESIANPOINT((-0.40497465201295219,-0.0046289044958160016,1.0655472754507676));
#12971=IFCCARTESIANPOINT((-0.37027984083133553,-0.023466540131318148,0.1818257912137819));
#12972=IFCCARTESIANPOINT((-0.36177965742711993,-0.017696867421276338,1.2143422620182622));
#12973=IFCCARTESIANPOINT((-0.35895018710654897,-0.014214970177606942,1.1074301386386762));
#12974=IFCCARTESIANPOINT((-0.35893033574092181,-0.0141855295286879,0.89898482218814491));
#12975=IFCCARTESIANPOINT((-0.36608732631257679,-0.021250823769124471,0.97614371910262732));
#12976=IFCCARTESIANPOINT((-0.37323820761840898,-0.024483426308160083,0.61027554730399181));
#12977=IFCCARTESIANPOINT((-0.36780556382264762,-0.022281286460065719,1.4747820172007657));
#12978=IFCCARTESIANPOINT((-0.36573309566703044,-0.021014648242428786,1.6622905194847528));
#12979=IFCCARTESIANPOINT((-0.37663715982494211,-0.02517640375343122,1.3573054683515133));
#12980=IFCCARTESIANPOINT((-0.40497008570165377,-0.0046534739766659313,1.6714721007858342));
#12981=IFCCARTESIANPOINT((-0.40483598280441269,-0.0053229651641101368,1.4296931332593306));
#12982=IFCCARTESIANPOINT((-0.40497008570112514,-0.0046534739795025285,0.2185278995969486));
#12983=IFCCARTESIANPOINT((-0.40483925338809046,-0.0053076822739919058,0.46054511351783034));
#12984=IFCCARTESIANPOINT((-0.3587324154059508,-0.013887038760460499,1.6862240306388441));
#12985=IFCCARTESIANPOINT((-0.38394165536160457,-0.025092296686613048,0.52290230905735624));
#12986=IFCCARTESIANPOINT((-0.3768587397047759,-0.025205009100502478,1.0025819886287475));
#12987=IFCCARTESIANPOINT((-0.38973328446083727,-0.023461099155902942,1.3338775727653243));
#12988=IFCCARTESIANPOINT((-0.39353456069721621,-0.02149361920971217,1.1216788069227692));
#12989=IFCCARTESIANPOINT((-0.39766886201057683,-0.018247501616660933,1.1728870015814059));
#12990=IFCCARTESIANPOINT((-0.38643029109044996,-0.02457257325740942,0.93591826717247006));
#12991=IFCPOLYLOOP((#12648,#12649,#12650,#12651,#12652,#12653,#12654,#12655,#12656,#12657,#12658,#12659,#12660,#12661,#12638,#12639,#12640,#12641,#12642,#12643,#12644,#12645,#12646,#12647));
#12992=IFCFACEOUTERBOUND(#12991,.T.);
#12993=IFCFACE((#12992));
#12994=IFCPOLYLOOP((#12690,#12691,#12692,#12693,#12694,#12695,#12696,#12697,#12698,#12699,#12700,#12701,#12702,#12703,#12680,#12681,#12682,#12683,#12684,#12685,#12686,#12687,#12688,#12689));
#12995=IFCFACEOUTERBOUND(#12994,.T.);
#12996=IFCFACE((#12995));
#12997=IFCPOLYLOOP((#12731,#12732,#12733,#12734,#12735,#12736,#12737,#12738,#12739,#12740,#12741,#12742,#12743,#12744,#12745,#12722,#12723,#12724,#12725,#12726,#12727,#12728,#12729,#12730));
#12998=IFCFACEOUTERBOUND(#12997,.T.);
#12999=IFCFACE((#12998));
#13000=IFCPOLYLOOP((#12661,#12670,#12671));
#13001=IFCFACEOUTERBOUND(#13000,.T.);
#13002=IFCFACE((#13001));
#13003=IFCPOLYLOOP((#12668,#12669,#12658));
#13004=IFCFACEOUTERBOUND(#13003,.T.);
#13005=IFCFACE((#13004));
#13006=IFCPOLYLOOP((#12660,#12669,#12670));
#13007=IFCFACEOUTERBOUND(#13006,.T.);
#13008=IFCFACE((#13007));
#13009=IFCPOLYLOOP((#12668,#12657,#12667));
#13010=IFCFACEOUTERBOUND(#13009,.T.);
#13011=IFCFACE((#13010));
#13012=IFCPOLYLOOP((#12661,#12660,#12670));
#13013=IFCFACEOUTERBOUND(#13012,.T.);
#13014=IFCFACE((#13013));
#13015=IFCPOLYLOOP((#12671,#12638,#12661));
#13016=IFCFACEOUTERBOUND(#13015,.T.);
#13017=IFCFACE((#13016));
#13018=IFCPOLYLOOP((#12659,#12658,#12669));
#13019=IFCFACEOUTERBOUND(#13018,.T.);
#13020=IFCFACE((#13019));
#13021=IFCPOLYLOOP((#12669,#12660,#12659));
#13022=IFCFACEOUTERBOUND(#13021,.T.);
#13023=IFCFACE((#13022));
#13024=IFCPOLYLOOP((#12658,#12657,#12668));
#13025=IFCFACEOUTERBOUND(#13024,.T.);
#13026=IFCFACE((#13025));
#13027=IFCPOLYLOOP((#12657,#12656,#12667));
#13028=IFCFACEOUTERBOUND(#13027,.T.);
#13029=IFCFACE((#13028));
#13030=IFCPOLYLOOP((#12666,#12655,#12665));
#13031=IFCFACEOUTERBOUND(#13030,.T.);
#13032=IFCFACE((#13031));
#13033=IFCPOLYLOOP((#12665,#12654,#12664));
#13034=IFCFACEOUTERBOUND(#13033,.T.);
#13035=IFCFACE((#13034));
#13036=IFCPOLYLOOP((#12662,#12663,#12651));
#13037=IFCFACEOUTERBOUND(#13036,.T.);
#13038=IFCFACE((#13037));
#13039=IFCPOLYLOOP((#12652,#12663,#12664));
#13040=IFCFACEOUTERBOUND(#13039,.T.);
#13041=IFCFACE((#13040));
#13042=IFCPOLYLOOP((#12650,#12662,#12651));
#13043=IFCFACEOUTERBOUND(#13042,.T.);
#13044=IFCFACE((#13043));
#13045=IFCPOLYLOOP((#12655,#12654,#12665));
#13046=IFCFACEOUTERBOUND(#13045,.T.);
#13047=IFCFACE((#13046));
#13048=IFCPOLYLOOP((#12666,#12656,#12655));
#13049=IFCFACEOUTERBOUND(#13048,.T.);
#13050=IFCFACE((#13049));
#13051=IFCPOLYLOOP((#12653,#12652,#12664));
#13052=IFCFACEOUTERBOUND(#13051,.T.);
#13053=IFCFACE((#13052));
#13054=IFCPOLYLOOP((#12664,#12654,#12653));
#13055=IFCFACEOUTERBOUND(#13054,.T.);
#13056=IFCFACE((#13055));
#13057=IFCPOLYLOOP((#12652,#12651,#12663));
#13058=IFCFACEOUTERBOUND(#13057,.T.);
#13059=IFCFACE((#13058));
#13060=IFCPOLYLOOP((#12667,#12656,#12666));
#13061=IFCFACEOUTERBOUND(#13060,.T.);
#13062=IFCFACE((#13061));
#13063=IFCPOLYLOOP((#12649,#12679,#12662));
#13064=IFCFACEOUTERBOUND(#13063,.T.);
#13065=IFCFACE((#13064));
#13066=IFCPOLYLOOP((#12677,#12678,#12646));
#13067=IFCFACEOUTERBOUND(#13066,.T.);
#13068=IFCFACE((#13067));
#13069=IFCPOLYLOOP((#12648,#12678,#12679));
#13070=IFCFACEOUTERBOUND(#13069,.T.);
#13071=IFCFACE((#13070));
#13072=IFCPOLYLOOP((#12677,#12645,#12676));
#13073=IFCFACEOUTERBOUND(#13072,.T.);
#13074=IFCFACE((#13073));
#13075=IFCPOLYLOOP((#12649,#12648,#12679));
#13076=IFCFACEOUTERBOUND(#13075,.T.);
#13077=IFCFACE((#13076));
#13078=IFCPOLYLOOP((#12662,#12650,#12649));
#13079=IFCFACEOUTERBOUND(#13078,.T.);
#13080=IFCFACE((#13079));
#13081=IFCPOLYLOOP((#12647,#12646,#12678));
#13082=IFCFACEOUTERBOUND(#13081,.T.);
#13083=IFCFACE((#13082));
#13084=IFCPOLYLOOP((#12678,#12648,#12647));
#13085=IFCFACEOUTERBOUND(#13084,.T.);
#13086=IFCFACE((#13085));
#13087=IFCPOLYLOOP((#12646,#12645,#12677));
#13088=IFCFACEOUTERBOUND(#13087,.T.);
#13089=IFCFACE((#13088));
#13090=IFCPOLYLOOP((#12645,#12644,#12676));
#13091=IFCFACEOUTERBOUND(#13090,.T.);
#13092=IFCFACE((#13091));
#13093=IFCPOLYLOOP((#12675,#12643,#12674));
#13094=IFCFACEOUTERBOUND(#13093,.T.);
#13095=IFCFACE((#13094));
#13096=IFCPOLYLOOP((#12674,#12642,#12673));
#13097=IFCFACEOUTERBOUND(#13096,.T.);
#13098=IFCFACE((#13097));
#13099=IFCPOLYLOOP((#12671,#12672,#12639));
#13100=IFCFACEOUTERBOUND(#13099,.T.);
#13101=IFCFACE((#13100));
#13102=IFCPOLYLOOP((#12640,#12672,#12673));
#13103=IFCFACEOUTERBOUND(#13102,.T.);
#13104=IFCFACE((#13103));
#13105=IFCPOLYLOOP((#12638,#12671,#12639));
#13106=IFCFACEOUTERBOUND(#13105,.T.);
#13107=IFCFACE((#13106));
#13108=IFCPOLYLOOP((#12643,#12642,#12674));
#13109=IFCFACEOUTERBOUND(#13108,.T.);
#13110=IFCFACE((#13109));
#13111=IFCPOLYLOOP((#12675,#12644,#12643));
#13112=IFCFACEOUTERBOUND(#13111,.T.);
#13113=IFCFACE((#13112));
#13114=IFCPOLYLOOP((#12641,#12640,#12673));
#13115=IFCFACEOUTERBOUND(#13114,.T.);
#13116=IFCFACE((#13115));
#13117=IFCPOLYLOOP((#12673,#12642,#12641));
#13118=IFCFACEOUTERBOUND(#13117,.T.);
#13119=IFCFACE((#13118));
#13120=IFCPOLYLOOP((#12640,#12639,#12672));
#13121=IFCFACEOUTERBOUND(#13120,.T.);
#13122=IFCFACE((#13121));
#13123=IFCPOLYLOOP((#12676,#12644,#12675));
#13124=IFCFACEOUTERBOUND(#13123,.T.);
#13125=IFCFACE((#13124));
#13126=IFCPOLYLOOP((#12703,#12712,#12713));
#13127=IFCFACEOUTERBOUND(#13126,.T.);
#13128=IFCFACE((#13127));
#13129=IFCPOLYLOOP((#12710,#12711,#12700));
#13130=IFCFACEOUTERBOUND(#13129,.T.);
#13131=IFCFACE((#13130));
#13132=IFCPOLYLOOP((#12702,#12711,#12712));
#13133=IFCFACEOUTERBOUND(#13132,.T.);
#13134=IFCFACE((#13133));
#13135=IFCPOLYLOOP((#12710,#12699,#12709));
#13136=IFCFACEOUTERBOUND(#13135,.T.);
#13137=IFCFACE((#13136));
#13138=IFCPOLYLOOP((#12703,#12702,#12712));
#13139=IFCFACEOUTERBOUND(#13138,.T.);
#13140=IFCFACE((#13139));
#13141=IFCPOLYLOOP((#12713,#12680,#12703));
#13142=IFCFACEOUTERBOUND(#13141,.T.);
#13143=IFCFACE((#13142));
#13144=IFCPOLYLOOP((#12701,#12700,#12711));
#13145=IFCFACEOUTERBOUND(#13144,.T.);
#13146=IFCFACE((#13145));
#13147=IFCPOLYLOOP((#12711,#12702,#12701));
#13148=IFCFACEOUTERBOUND(#13147,.T.);
#13149=IFCFACE((#13148));
#13150=IFCPOLYLOOP((#12700,#12699,#12710));
#13151=IFCFACEOUTERBOUND(#13150,.T.);
#13152=IFCFACE((#13151));
#13153=IFCPOLYLOOP((#12699,#12698,#12709));
#13154=IFCFACEOUTERBOUND(#13153,.T.);
#13155=IFCFACE((#13154));
#13156=IFCPOLYLOOP((#12708,#12697,#12707));
#13157=IFCFACEOUTERBOUND(#13156,.T.);
#13158=IFCFACE((#13157));
#13159=IFCPOLYLOOP((#12707,#12696,#12706));
#13160=IFCFACEOUTERBOUND(#13159,.T.);
#13161=IFCFACE((#13160));
#13162=IFCPOLYLOOP((#12704,#12705,#12693));
#13163=IFCFACEOUTERBOUND(#13162,.T.);
#13164=IFCFACE((#13163));
#13165=IFCPOLYLOOP((#12694,#12705,#12706));
#13166=IFCFACEOUTERBOUND(#13165,.T.);
#13167=IFCFACE((#13166));
#13168=IFCPOLYLOOP((#12692,#12704,#12693));
#13169=IFCFACEOUTERBOUND(#13168,.T.);
#13170=IFCFACE((#13169));
#13171=IFCPOLYLOOP((#12697,#12696,#12707));
#13172=IFCFACEOUTERBOUND(#13171,.T.);
#13173=IFCFACE((#13172));
#13174=IFCPOLYLOOP((#12708,#12698,#12697));
#13175=IFCFACEOUTERBOUND(#13174,.T.);
#13176=IFCFACE((#13175));
#13177=IFCPOLYLOOP((#12695,#12694,#12706));
#13178=IFCFACEOUTERBOUND(#13177,.T.);
#13179=IFCFACE((#13178));
#13180=IFCPOLYLOOP((#12706,#12696,#12695));
#13181=IFCFACEOUTERBOUND(#13180,.T.);
#13182=IFCFACE((#13181));
#13183=IFCPOLYLOOP((#12694,#12693,#12705));
#13184=IFCFACEOUTERBOUND(#13183,.T.);
#13185=IFCFACE((#13184));
#13186=IFCPOLYLOOP((#12709,#12698,#12708));
#13187=IFCFACEOUTERBOUND(#13186,.T.);
#13188=IFCFACE((#13187));
#13189=IFCPOLYLOOP((#12691,#12721,#12704));
#13190=IFCFACEOUTERBOUND(#13189,.T.);
#13191=IFCFACE((#13190));
#13192=IFCPOLYLOOP((#12719,#12720,#12688));
#13193=IFCFACEOUTERBOUND(#13192,.T.);
#13194=IFCFACE((#13193));
#13195=IFCPOLYLOOP((#12690,#12720,#12721));
#13196=IFCFACEOUTERBOUND(#13195,.T.);
#13197=IFCFACE((#13196));
#13198=IFCPOLYLOOP((#12719,#12687,#12718));
#13199=IFCFACEOUTERBOUND(#13198,.T.);
#13200=IFCFACE((#13199));
#13201=IFCPOLYLOOP((#12691,#12690,#12721));
#13202=IFCFACEOUTERBOUND(#13201,.T.);
#13203=IFCFACE((#13202));
#13204=IFCPOLYLOOP((#12704,#12692,#12691));
#13205=IFCFACEOUTERBOUND(#13204,.T.);
#13206=IFCFACE((#13205));
#13207=IFCPOLYLOOP((#12689,#12688,#12720));
#13208=IFCFACEOUTERBOUND(#13207,.T.);
#13209=IFCFACE((#13208));
#13210=IFCPOLYLOOP((#12720,#12690,#12689));
#13211=IFCFACEOUTERBOUND(#13210,.T.);
#13212=IFCFACE((#13211));
#13213=IFCPOLYLOOP((#12688,#12687,#12719));
#13214=IFCFACEOUTERBOUND(#13213,.T.);
#13215=IFCFACE((#13214));
#13216=IFCPOLYLOOP((#12687,#12686,#12718));
#13217=IFCFACEOUTERBOUND(#13216,.T.);
#13218=IFCFACE((#13217));
#13219=IFCPOLYLOOP((#12717,#12685,#12716));
#13220=IFCFACEOUTERBOUND(#13219,.T.);
#13221=IFCFACE((#13220));
#13222=IFCPOLYLOOP((#12716,#12684,#12715));
#13223=IFCFACEOUTERBOUND(#13222,.T.);
#13224=IFCFACE((#13223));
#13225=IFCPOLYLOOP((#12713,#12714,#12681));
#13226=IFCFACEOUTERBOUND(#13225,.T.);
#13227=IFCFACE((#13226));
#13228=IFCPOLYLOOP((#12682,#12714,#12715));
#13229=IFCFACEOUTERBOUND(#13228,.T.);
#13230=IFCFACE((#13229));
#13231=IFCPOLYLOOP((#12680,#12713,#12681));
#13232=IFCFACEOUTERBOUND(#13231,.T.);
#13233=IFCFACE((#13232));
#13234=IFCPOLYLOOP((#12685,#12684,#12716));
#13235=IFCFACEOUTERBOUND(#13234,.T.);
#13236=IFCFACE((#13235));
#13237=IFCPOLYLOOP((#12717,#12686,#12685));
#13238=IFCFACEOUTERBOUND(#13237,.T.);
#13239=IFCFACE((#13238));
#13240=IFCPOLYLOOP((#12683,#12682,#12715));
#13241=IFCFACEOUTERBOUND(#13240,.T.);
#13242=IFCFACE((#13241));
#13243=IFCPOLYLOOP((#12715,#12684,#12683));
#13244=IFCFACEOUTERBOUND(#13243,.T.);
#13245=IFCFACE((#13244));
#13246=IFCPOLYLOOP((#12682,#12681,#12714));
#13247=IFCFACEOUTERBOUND(#13246,.T.);
#13248=IFCFACE((#13247));
#13249=IFCPOLYLOOP((#12718,#12686,#12717));
#13250=IFCFACEOUTERBOUND(#13249,.T.);
#13251=IFCFACE((#13250));
#13252=IFCPOLYLOOP((#12745,#12754,#12755));
#13253=IFCFACEOUTERBOUND(#13252,.T.);
#13254=IFCFACE((#13253));
#13255=IFCPOLYLOOP((#12752,#12753,#12742));
#13256=IFCFACEOUTERBOUND(#13255,.T.);
#13257=IFCFACE((#13256));
#13258=IFCPOLYLOOP((#12744,#12753,#12754));
#13259=IFCFACEOUTERBOUND(#13258,.T.);
#13260=IFCFACE((#13259));
#13261=IFCPOLYLOOP((#12752,#12741,#12751));
#13262=IFCFACEOUTERBOUND(#13261,.T.);
#13263=IFCFACE((#13262));
#13264=IFCPOLYLOOP((#12745,#12744,#12754));
#13265=IFCFACEOUTERBOUND(#13264,.T.);
#13266=IFCFACE((#13265));
#13267=IFCPOLYLOOP((#12755,#12722,#12745));
#13268=IFCFACEOUTERBOUND(#13267,.T.);
#13269=IFCFACE((#13268));
#13270=IFCPOLYLOOP((#12743,#12742,#12753));
#13271=IFCFACEOUTERBOUND(#13270,.T.);
#13272=IFCFACE((#13271));
#13273=IFCPOLYLOOP((#12753,#12744,#12743));
#13274=IFCFACEOUTERBOUND(#13273,.T.);
#13275=IFCFACE((#13274));
#13276=IFCPOLYLOOP((#12742,#12741,#12752));
#13277=IFCFACEOUTERBOUND(#13276,.T.);
#13278=IFCFACE((#13277));
#13279=IFCPOLYLOOP((#12741,#12740,#12751));
#13280=IFCFACEOUTERBOUND(#13279,.T.);
#13281=IFCFACE((#13280));
#13282=IFCPOLYLOOP((#12750,#12739,#12749));
#13283=IFCFACEOUTERBOUND(#13282,.T.);
#13284=IFCFACE((#13283));
#13285=IFCPOLYLOOP((#12749,#12738,#12748));
#13286=IFCFACEOUTERBOUND(#13285,.T.);
#13287=IFCFACE((#13286));
#13288=IFCPOLYLOOP((#12746,#12747,#12735));
#13289=IFCFACEOUTERBOUND(#13288,.T.);
#13290=IFCFACE((#13289));
#13291=IFCPOLYLOOP((#12736,#12747,#12748));
#13292=IFCFACEOUTERBOUND(#13291,.T.);
#13293=IFCFACE((#13292));
#13294=IFCPOLYLOOP((#12734,#12746,#12735));
#13295=IFCFACEOUTERBOUND(#13294,.T.);
#13296=IFCFACE((#13295));
#13297=IFCPOLYLOOP((#12739,#12738,#12749));
#13298=IFCFACEOUTERBOUND(#13297,.T.);
#13299=IFCFACE((#13298));
#13300=IFCPOLYLOOP((#12750,#12740,#12739));
#13301=IFCFACEOUTERBOUND(#13300,.T.);
#13302=IFCFACE((#13301));
#13303=IFCPOLYLOOP((#12737,#12736,#12748));
#13304=IFCFACEOUTERBOUND(#13303,.T.);
#13305=IFCFACE((#13304));
#13306=IFCPOLYLOOP((#12748,#12738,#12737));
#13307=IFCFACEOUTERBOUND(#13306,.T.);
#13308=IFCFACE((#13307));
#13309=IFCPOLYLOOP((#12736,#12735,#12747));
#13310=IFCFACEOUTERBOUND(#13309,.T.);
#13311=IFCFACE((#13310));
#13312=IFCPOLYLOOP((#12751,#12740,#12750));
#13313=IFCFACEOUTERBOUND(#13312,.T.);
#13314=IFCFACE((#13313));
#13315=IFCPOLYLOOP((#12733,#12763,#12746));
#13316=IFCFACEOUTERBOUND(#13315,.T.);
#13317=IFCFACE((#13316));
#13318=IFCPOLYLOOP((#12761,#12762,#12730));
#13319=IFCFACEOUTERBOUND(#13318,.T.);
#13320=IFCFACE((#13319));
#13321=IFCPOLYLOOP((#12732,#12762,#12763));
#13322=IFCFACEOUTERBOUND(#13321,.T.);
#13323=IFCFACE((#13322));
#13324=IFCPOLYLOOP((#12761,#12729,#12760));
#13325=IFCFACEOUTERBOUND(#13324,.T.);
#13326=IFCFACE((#13325));
#13327=IFCPOLYLOOP((#12733,#12732,#12763));
#13328=IFCFACEOUTERBOUND(#13327,.T.);
#13329=IFCFACE((#13328));
#13330=IFCPOLYLOOP((#12746,#12734,#12733));
#13331=IFCFACEOUTERBOUND(#13330,.T.);
#13332=IFCFACE((#13331));
#13333=IFCPOLYLOOP((#12731,#12730,#12762));
#13334=IFCFACEOUTERBOUND(#13333,.T.);
#13335=IFCFACE((#13334));
#13336=IFCPOLYLOOP((#12762,#12732,#12731));
#13337=IFCFACEOUTERBOUND(#13336,.T.);
#13338=IFCFACE((#13337));
#13339=IFCPOLYLOOP((#12730,#12729,#12761));
#13340=IFCFACEOUTERBOUND(#13339,.T.);
#13341=IFCFACE((#13340));
#13342=IFCPOLYLOOP((#12729,#12728,#12760));
#13343=IFCFACEOUTERBOUND(#13342,.T.);
#13344=IFCFACE((#13343));
#13345=IFCPOLYLOOP((#12759,#12727,#12758));
#13346=IFCFACEOUTERBOUND(#13345,.T.);
#13347=IFCFACE((#13346));
#13348=IFCPOLYLOOP((#12758,#12726,#12757));
#13349=IFCFACEOUTERBOUND(#13348,.T.);
#13350=IFCFACE((#13349));
#13351=IFCPOLYLOOP((#12755,#12756,#12723));
#13352=IFCFACEOUTERBOUND(#13351,.T.);
#13353=IFCFACE((#13352));
#13354=IFCPOLYLOOP((#12724,#12756,#12757));
#13355=IFCFACEOUTERBOUND(#13354,.T.);
#13356=IFCFACE((#13355));
#13357=IFCPOLYLOOP((#12722,#12755,#12723));
#13358=IFCFACEOUTERBOUND(#13357,.T.);
#13359=IFCFACE((#13358));
#13360=IFCPOLYLOOP((#12727,#12726,#12758));
#13361=IFCFACEOUTERBOUND(#13360,.T.);
#13362=IFCFACE((#13361));
#13363=IFCPOLYLOOP((#12759,#12728,#12727));
#13364=IFCFACEOUTERBOUND(#13363,.T.);
#13365=IFCFACE((#13364));
#13366=IFCPOLYLOOP((#12725,#12724,#12757));
#13367=IFCFACEOUTERBOUND(#13366,.T.);
#13368=IFCFACE((#13367));
#13369=IFCPOLYLOOP((#12757,#12726,#12725));
#13370=IFCFACEOUTERBOUND(#13369,.T.);
#13371=IFCFACE((#13370));
#13372=IFCPOLYLOOP((#12724,#12723,#12756));
#13373=IFCFACEOUTERBOUND(#13372,.T.);
#13374=IFCFACE((#13373));
#13375=IFCPOLYLOOP((#12760,#12728,#12759));
#13376=IFCFACEOUTERBOUND(#13375,.T.);
#13377=IFCFACE((#13376));
#13378=IFCPOLYLOOP((#12781,#12782,#12783,#12784,#12785,#12786,#12787,#12764,#12765,#12766,#12767,#12768,#12769,#12770,#12771,#12772,#12773,#12774,#12907,#12908,#12775,#12906,#12776,#12813,#12777,#12814,#12812,#12778,#12779,#12780));
#13379=IFCFACEOUTERBOUND(#13378,.T.);
#13380=IFCFACE((#13379));
#13381=IFCPOLYLOOP((#12805,#12806,#12807,#12808,#12809,#12810,#12811,#12788,#12789,#12790,#12791,#12792,#12793,#12794,#12795,#12796,#12797,#12798,#12799,#12800,#12801,#12802,#12803,#12804));
#13382=IFCFACEOUTERBOUND(#13381,.T.);
#13383=IFCFACE((#13382));
#13384=IFCPOLYLOOP((#12833,#12880,#12843,#12865));
#13385=IFCFACEOUTERBOUND(#13384,.T.);
#13386=IFCFACE((#13385));
#13387=IFCPOLYLOOP((#12834,#12866,#12854));
#13388=IFCFACEOUTERBOUND(#13387,.T.);
#13389=IFCFACE((#13388));
#13390=IFCPOLYLOOP((#12860,#12859,#12842));
#13391=IFCFACEOUTERBOUND(#13390,.T.);
#13392=IFCFACE((#13391));
#13393=IFCPOLYLOOP((#12795,#12794,#12859));
#13394=IFCFACEOUTERBOUND(#13393,.T.);
#13395=IFCFACE((#13394));
#13396=IFCPOLYLOOP((#12864,#12832,#12842));
#13397=IFCFACEOUTERBOUND(#13396,.T.);
#13398=IFCFACE((#13397));
#13399=IFCPOLYLOOP((#12841,#12853,#12829));
#13400=IFCFACEOUTERBOUND(#13399,.T.);
#13401=IFCFACE((#13400));
#13402=IFCPOLYLOOP((#12850,#12851,#12818));
#13403=IFCFACEOUTERBOUND(#13402,.T.);
#13404=IFCFACE((#13403));
#13405=IFCPOLYLOOP((#12844,#12789,#12894));
#13406=IFCFACEOUTERBOUND(#13405,.T.);
#13407=IFCFACE((#13406));
#13408=IFCPOLYLOOP((#12788,#12894,#12789));
#13409=IFCFACEOUTERBOUND(#13408,.T.);
#13410=IFCFACE((#13409));
#13411=IFCPOLYLOOP((#12832,#12864,#12843,#12880));
#13412=IFCFACEOUTERBOUND(#13411,.T.);
#13413=IFCFACE((#13412));
#13414=IFCPOLYLOOP((#12890,#12888,#12833));
#13415=IFCFACEOUTERBOUND(#13414,.T.);
#13416=IFCFACE((#13415));
#13417=IFCPOLYLOOP((#12895,#12831,#12764));
#13418=IFCFACEOUTERBOUND(#13417,.T.);
#13419=IFCFACE((#13418));
#13420=IFCPOLYLOOP((#12830,#12894,#12788));
#13421=IFCFACEOUTERBOUND(#13420,.T.);
#13422=IFCFACE((#13421));
#13423=IFCPOLYLOOP((#12842,#12859,#12794));
#13424=IFCFACEOUTERBOUND(#13423,.T.);
#13425=IFCFACE((#13424));
#13426=IFCPOLYLOOP((#12792,#12843,#12864));
#13427=IFCFACEOUTERBOUND(#13426,.T.);
#13428=IFCFACE((#13427));
#13429=IFCPOLYLOOP((#12819,#12848,#12816));
#13430=IFCFACEOUTERBOUND(#13429,.T.);
#13431=IFCFACE((#13430));
#13432=IFCPOLYLOOP((#12780,#12852,#12781));
#13433=IFCFACEOUTERBOUND(#13432,.T.);
#13434=IFCFACE((#13433));
#13435=IFCPOLYLOOP((#12800,#12871,#12839));
#13436=IFCFACEOUTERBOUND(#13435,.T.);
#13437=IFCFACE((#13436));
#13438=IFCPOLYLOOP((#12823,#12848,#12819));
#13439=IFCFACEOUTERBOUND(#13438,.T.);
#13440=IFCFACE((#13439));
#13441=IFCPOLYLOOP((#12819,#12837,#12821));
#13442=IFCFACEOUTERBOUND(#13441,.T.);
#13443=IFCFACE((#13442));
#13444=IFCPOLYLOOP((#12868,#12754,#12753));
#13445=IFCFACEOUTERBOUND(#13444,.T.);
#13446=IFCFACE((#13445));
#13447=IFCPOLYLOOP((#12815,#12851,#12850));
#13448=IFCFACEOUTERBOUND(#13447,.T.);
#13449=IFCFACE((#13448));
#13450=IFCPOLYLOOP((#12853,#12841,#12783));
#13451=IFCFACEOUTERBOUND(#13450,.T.);
#13452=IFCFACE((#13451));
#13453=IFCPOLYLOOP((#12819,#12751,#12750));
#13454=IFCFACEOUTERBOUND(#13453,.T.);
#13455=IFCFACE((#13454));
#13456=IFCPOLYLOOP((#12867,#12816,#12863));
#13457=IFCFACEOUTERBOUND(#13456,.T.);
#13458=IFCFACE((#13457));
#13459=IFCPOLYLOOP((#12887,#12849,#12869));
#13460=IFCFACEOUTERBOUND(#13459,.T.);
#13461=IFCFACE((#13460));
#13462=IFCPOLYLOOP((#12785,#12784,#12854));
#13463=IFCFACEOUTERBOUND(#13462,.T.);
#13464=IFCFACE((#13463));
#13465=IFCPOLYLOOP((#12855,#12854,#12841));
#13466=IFCFACEOUTERBOUND(#13465,.T.);
#13467=IFCFACE((#13466));
#13468=IFCPOLYLOOP((#12867,#12863,#12884));
#13469=IFCFACEOUTERBOUND(#13468,.T.);
#13470=IFCFACE((#13469));
#13471=IFCPOLYLOOP((#12790,#12865,#12791));
#13472=IFCFACEOUTERBOUND(#13471,.T.);
#13473=IFCFACE((#13472));
#13474=IFCPOLYLOOP((#12855,#12902,#12903));
#13475=IFCFACEOUTERBOUND(#13474,.T.);
#13476=IFCFACE((#13475));
#13477=IFCPOLYLOOP((#12794,#12793,#12842));
#13478=IFCFACEOUTERBOUND(#13477,.T.);
#13479=IFCFACE((#13478));
#13480=IFCPOLYLOOP((#12844,#12892,#12890));
#13481=IFCFACEOUTERBOUND(#13480,.T.);
#13482=IFCFACE((#13481));
#13483=IFCPOLYLOOP((#12883,#12825,#12882));
#13484=IFCFACEOUTERBOUND(#13483,.T.);
#13485=IFCFACE((#13484));
#13486=IFCPOLYLOOP((#12784,#12841,#12854));
#13487=IFCFACEOUTERBOUND(#13486,.T.);
#13488=IFCFACE((#13487));
#13489=IFCPOLYLOOP((#12787,#12786,#12845));
#13490=IFCFACEOUTERBOUND(#13489,.T.);
#13491=IFCFACE((#13490));
#13492=IFCPOLYLOOP((#12829,#12853,#12840));
#13493=IFCFACEOUTERBOUND(#13492,.T.);
#13494=IFCFACE((#13493));
#13495=IFCPOLYLOOP((#12783,#12782,#12853));
#13496=IFCFACEOUTERBOUND(#13495,.T.);
#13497=IFCFACE((#13496));
#13498=IFCPOLYLOOP((#12789,#12844,#12790));
#13499=IFCFACEOUTERBOUND(#13498,.T.);
#13500=IFCFACE((#13499));
#13501=IFCPOLYLOOP((#12882,#12888,#12889));
#13502=IFCFACEOUTERBOUND(#13501,.T.);
#13503=IFCFACE((#13502));
#13504=IFCPOLYLOOP((#12861,#12900,#12832));
#13505=IFCFACEOUTERBOUND(#13504,.T.);
#13506=IFCFACE((#13505));
#13507=IFCPOLYLOOP((#12778,#12899,#12856));
#13508=IFCFACEOUTERBOUND(#13507,.T.);
#13509=IFCFACE((#13508));
#13510=IFCPOLYLOOP((#12709,#12822,#12710));
#13511=IFCFACEOUTERBOUND(#13510,.T.);
#13512=IFCFACE((#13511));
#13513=IFCPOLYLOOP((#12840,#12781,#12852));
#13514=IFCFACEOUTERBOUND(#13513,.T.);
#13515=IFCFACE((#13514));
#13516=IFCPOLYLOOP((#12667,#12666,#12778));
#13517=IFCFACEOUTERBOUND(#13516,.T.);
#13518=IFCFACE((#13517));
#13519=IFCPOLYLOOP((#12662,#12835,#12663));
#13520=IFCFACEOUTERBOUND(#13519,.T.);
#13521=IFCFACE((#13520));
#13522=IFCPOLYLOOP((#12746,#12839,#12747));
#13523=IFCFACEOUTERBOUND(#13522,.T.);
#13524=IFCFACE((#13523));
#13525=IFCPOLYLOOP((#12705,#12704,#12959,#12815));
#13526=IFCFACEOUTERBOUND(#13525,.T.);
#13527=IFCFACE((#13526));
#13528=IFCPOLYLOOP((#12887,#12877,#12849));
#13529=IFCFACEOUTERBOUND(#13528,.T.);
#13530=IFCFACE((#13529));
#13531=IFCPOLYLOOP((#12900,#12861,#12860));
#13532=IFCFACEOUTERBOUND(#13531,.T.);
#13533=IFCFACE((#13532));
#13534=IFCPOLYLOOP((#12852,#12886,#12885));
#13535=IFCFACEOUTERBOUND(#13534,.T.);
#13536=IFCFACE((#13535));
#13537=IFCPOLYLOOP((#12820,#12817,#12856));
#13538=IFCFACEOUTERBOUND(#13537,.T.);
#13539=IFCFACE((#13538));
#13540=IFCPOLYLOOP((#12874,#12822,#12664));
#13541=IFCFACEOUTERBOUND(#13540,.T.);
#13542=IFCFACE((#13541));
#13543=IFCPOLYLOOP((#12778,#12812,#12667));
#13544=IFCFACEOUTERBOUND(#13543,.T.);
#13545=IFCFACE((#13544));
#13546=IFCPOLYLOOP((#12795,#12884,#12796));
#13547=IFCFACEOUTERBOUND(#13546,.T.);
#13548=IFCFACE((#13547));
#13549=IFCPOLYLOOP((#12779,#12778,#12856));
#13550=IFCFACEOUTERBOUND(#13549,.T.);
#13551=IFCFACE((#13550));
#13552=IFCPOLYLOOP((#12898,#12897,#12845));
#13553=IFCFACEOUTERBOUND(#13552,.T.);
#13554=IFCFACE((#13553));
#13555=IFCPOLYLOOP((#12667,#12812,#12668));
#13556=IFCFACEOUTERBOUND(#13555,.T.);
#13557=IFCFACE((#13556));
#13558=IFCPOLYLOOP((#12792,#12791,#12843));
#13559=IFCFACEOUTERBOUND(#13558,.T.);
#13560=IFCFACE((#13559));
#13561=IFCPOLYLOOP((#12749,#12748,#12823));
#13562=IFCFACEOUTERBOUND(#13561,.T.);
#13563=IFCFACE((#13562));
#13564=IFCPOLYLOOP((#12823,#12750,#12749));
#13565=IFCFACEOUTERBOUND(#13564,.T.);
#13566=IFCFACE((#13565));
#13567=IFCPOLYLOOP((#12823,#12871,#12799));
#13568=IFCFACEOUTERBOUND(#13567,.T.);
#13569=IFCFACE((#13568));
#13570=IFCPOLYLOOP((#12797,#12863,#12848));
#13571=IFCFACEOUTERBOUND(#13570,.T.);
#13572=IFCFACE((#13571));
#13573=IFCPOLYLOOP((#12709,#12708,#12820));
#13574=IFCFACEOUTERBOUND(#13573,.T.);
#13575=IFCFACE((#13574));
#13576=IFCPOLYLOOP((#12868,#12828,#12755));
#13577=IFCFACEOUTERBOUND(#13576,.T.);
#13578=IFCFACE((#13577));
#13579=IFCPOLYLOOP((#12850,#12706,#12705));
#13580=IFCFACEOUTERBOUND(#13579,.T.);
#13581=IFCFACE((#13580));
#13582=IFCPOLYLOOP((#12868,#12851,#12828));
#13583=IFCFACEOUTERBOUND(#13582,.T.);
#13584=IFCFACE((#13583));
#13585=IFCPOLYLOOP((#12668,#12814,#12669));
#13586=IFCFACEOUTERBOUND(#13585,.T.);
#13587=IFCFACE((#13586));
#13588=IFCPOLYLOOP((#12816,#12848,#12863));
#13589=IFCFACEOUTERBOUND(#13588,.T.);
#13590=IFCFACE((#13589));
#13591=IFCPOLYLOOP((#12837,#12819,#12816));
#13592=IFCFACEOUTERBOUND(#13591,.T.);
#13593=IFCFACE((#13592));
#13594=IFCPOLYLOOP((#12670,#12813,#12671));
#13595=IFCFACEOUTERBOUND(#13594,.T.);
#13596=IFCFACE((#13595));
#13597=IFCPOLYLOOP((#12871,#12748,#12747));
#13598=IFCFACEOUTERBOUND(#13597,.T.);
#13599=IFCFACE((#13598));
#13600=IFCPOLYLOOP((#12823,#12799,#12798));
#13601=IFCFACEOUTERBOUND(#13600,.T.);
#13602=IFCFACE((#13601));
#13603=IFCPOLYLOOP((#12711,#12710,#12822));
#13604=IFCFACEOUTERBOUND(#13603,.T.);
#13605=IFCFACE((#13604));
#13606=IFCPOLYLOOP((#12708,#12707,#12824));
#13607=IFCFACEOUTERBOUND(#13606,.T.);
#13608=IFCFACE((#13607));
#13609=IFCPOLYLOOP((#12824,#12707,#12706));
#13610=IFCFACEOUTERBOUND(#13609,.T.);
#13611=IFCFACE((#13610));
#13612=IFCPOLYLOOP((#12864,#12793,#12792));
#13613=IFCFACEOUTERBOUND(#13612,.T.);
#13614=IFCFACE((#13613));
#13615=IFCPOLYLOOP((#12857,#12838,#12873));
#13616=IFCFACEOUTERBOUND(#13615,.T.);
#13617=IFCFACE((#13616));
#13618=IFCPOLYLOOP((#12899,#12778,#12666));
#13619=IFCFACEOUTERBOUND(#13618,.T.);
#13620=IFCFACE((#13619));
#13621=IFCPOLYLOOP((#12821,#12751,#12819));
#13622=IFCFACEOUTERBOUND(#13621,.T.);
#13623=IFCFACE((#13622));
#13624=IFCPOLYLOOP((#12818,#12858,#12857));
#13625=IFCFACEOUTERBOUND(#13624,.T.);
#13626=IFCFACE((#13625));
#13627=IFCPOLYLOOP((#12866,#12786,#12785));
#13628=IFCFACEOUTERBOUND(#13627,.T.);
#13629=IFCFACE((#13628));
#13630=IFCPOLYLOOP((#12874,#12712,#12711));
#13631=IFCFACEOUTERBOUND(#13630,.T.);
#13632=IFCFACE((#13631));
#13633=IFCPOLYLOOP((#12857,#12873,#12820));
#13634=IFCFACEOUTERBOUND(#13633,.T.);
#13635=IFCFACE((#13634));
#13636=IFCPOLYLOOP((#12862,#12837,#12816));
#13637=IFCFACEOUTERBOUND(#13636,.T.);
#13638=IFCFACE((#13637));
#13639=IFCPOLYLOOP((#12665,#12664,#12822));
#13640=IFCFACEOUTERBOUND(#13639,.T.);
#13641=IFCFACE((#13640));
#13642=IFCPOLYLOOP((#12709,#12899,#12822));
#13643=IFCFACEOUTERBOUND(#13642,.T.);
#13644=IFCFACE((#13643));
#13645=IFCPOLYLOOP((#12751,#12821,#12752));
#13646=IFCFACEOUTERBOUND(#13645,.T.);
#13647=IFCFACE((#13646));
#13648=IFCPOLYLOOP((#12670,#12669,#12777));
#13649=IFCFACEOUTERBOUND(#13648,.T.);
#13650=IFCFACE((#13649));
#13651=IFCPOLYLOOP((#12669,#12814,#12777));
#13652=IFCFACEOUTERBOUND(#13651,.T.);
#13653=IFCFACE((#13652));
#13654=IFCPOLYLOOP((#12818,#12821,#12858));
#13655=IFCFACEOUTERBOUND(#13654,.T.);
#13656=IFCFACE((#13655));
#13657=IFCPOLYLOOP((#12668,#12812,#12814));
#13658=IFCFACEOUTERBOUND(#13657,.T.);
#13659=IFCFACE((#13658));
#13660=IFCPOLYLOOP((#12750,#12823,#12819));
#13661=IFCFACEOUTERBOUND(#13660,.T.);
#13662=IFCFACE((#13661));
#13663=IFCPOLYLOOP((#12665,#12822,#12666));
#13664=IFCFACEOUTERBOUND(#13663,.T.);
#13665=IFCFACE((#13664));
#13666=IFCPOLYLOOP((#12712,#12835,#12713));
#13667=IFCFACEOUTERBOUND(#13666,.T.);
#13668=IFCFACE((#13667));
#13669=IFCPOLYLOOP((#12753,#12752,#12868));
#13670=IFCFACEOUTERBOUND(#13669,.T.);
#13671=IFCFACE((#13670));
#13672=IFCPOLYLOOP((#12834,#12845,#12866));
#13673=IFCFACEOUTERBOUND(#13672,.T.);
#13674=IFCFACE((#13673));
#13675=IFCPOLYLOOP((#12833,#12865,#12844));
#13676=IFCFACEOUTERBOUND(#13675,.T.);
#13677=IFCFACE((#13676));
#13678=IFCPOLYLOOP((#12712,#12874,#12835));
#13679=IFCFACEOUTERBOUND(#13678,.T.);
#13680=IFCFACE((#13679));
#13681=IFCPOLYLOOP((#12840,#12782,#12781));
#13682=IFCFACEOUTERBOUND(#13681,.T.);
#13683=IFCFACE((#13682));
#13684=IFCPOLYLOOP((#12850,#12818,#12824));
#13685=IFCFACEOUTERBOUND(#13684,.T.);
#13686=IFCFACE((#13685));
#13687=IFCPOLYLOOP((#12671,#12813,#12776));
#13688=IFCFACEOUTERBOUND(#13687,.T.);
#13689=IFCFACE((#13688));
#13690=IFCPOLYLOOP((#12784,#12783,#12841));
#13691=IFCFACEOUTERBOUND(#13690,.T.);
#13692=IFCFACE((#13691));
#13693=IFCPOLYLOOP((#12844,#12865,#12790));
#13694=IFCFACEOUTERBOUND(#13693,.T.);
#13695=IFCFACE((#13694));
#13696=IFCPOLYLOOP((#12777,#12813,#12670));
#13697=IFCFACEOUTERBOUND(#13696,.T.);
#13698=IFCFACE((#13697));
#13699=IFCPOLYLOOP((#12869,#12861,#12905));
#13700=IFCFACEOUTERBOUND(#13699,.T.);
#13701=IFCFACE((#13700));
#13702=IFCPOLYLOOP((#12874,#12663,#12835));
#13703=IFCFACEOUTERBOUND(#13702,.T.);
#13704=IFCFACE((#13703));
#13705=IFCPOLYLOOP((#12708,#12824,#12820));
#13706=IFCFACEOUTERBOUND(#13705,.T.);
#13707=IFCFACE((#13706));
#13708=IFCPOLYLOOP((#12862,#12876,#12872));
#13709=IFCFACEOUTERBOUND(#13708,.T.);
#13710=IFCFACE((#13709));
#13711=IFCPOLYLOOP((#12877,#12878,#12849));
#13712=IFCFACEOUTERBOUND(#13711,.T.);
#13713=IFCFACE((#13712));
#13714=IFCPOLYLOOP((#12850,#12824,#12706));
#13715=IFCFACEOUTERBOUND(#13714,.T.);
#13716=IFCFACE((#13715));
#13717=IFCPOLYLOOP((#12871,#12823,#12748));
#13718=IFCFACEOUTERBOUND(#13717,.T.);
#13719=IFCFACE((#13718));
#13720=IFCPOLYLOOP((#12857,#12824,#12818));
#13721=IFCFACEOUTERBOUND(#13720,.T.);
#13722=IFCFACE((#13721));
#13723=IFCPOLYLOOP((#12845,#12895,#12787));
#13724=IFCFACEOUTERBOUND(#13723,.T.);
#13725=IFCFACE((#13724));
#13726=IFCPOLYLOOP((#12831,#12897,#12896));
#13727=IFCFACEOUTERBOUND(#13726,.T.);
#13728=IFCFACE((#13727));
#13729=IFCPOLYLOOP((#12880,#12833,#12882));
#13730=IFCFACEOUTERBOUND(#13729,.T.);
#13731=IFCFACE((#13730));
#13732=IFCPOLYLOOP((#12846,#12891,#12893));
#13733=IFCFACEOUTERBOUND(#13732,.T.);
#13734=IFCFACE((#13733));
#13735=IFCPOLYLOOP((#12897,#12831,#12895));
#13736=IFCFACEOUTERBOUND(#13735,.T.);
#13737=IFCFACE((#13736));
#13738=IFCPOLYLOOP((#12846,#12893,#12889));
#13739=IFCFACEOUTERBOUND(#13738,.T.);
#13740=IFCFACE((#13739));
#13741=IFCPOLYLOOP((#12848,#12798,#12797));
#13742=IFCFACEOUTERBOUND(#13741,.T.);
#13743=IFCFACE((#13742));
#13744=IFCPOLYLOOP((#12798,#12848,#12823));
#13745=IFCFACEOUTERBOUND(#13744,.T.);
#13746=IFCFACE((#13745));
#13747=IFCPOLYLOOP((#12836,#12876,#12862));
#13748=IFCFACEOUTERBOUND(#13747,.T.);
#13749=IFCFACE((#13748));
#13750=IFCPOLYLOOP((#12852,#12877,#12840));
#13751=IFCFACEOUTERBOUND(#13750,.T.);
#13752=IFCFACE((#13751));
#13753=IFCPOLYLOOP((#12851,#12821,#12818));
#13754=IFCFACEOUTERBOUND(#13753,.T.);
#13755=IFCFACE((#13754));
#13756=IFCPOLYLOOP((#12815,#12850,#12705));
#13757=IFCFACEOUTERBOUND(#13756,.T.);
#13758=IFCFACE((#13757));
#13759=IFCPOLYLOOP((#12821,#12851,#12868));
#13760=IFCFACEOUTERBOUND(#13759,.T.);
#13761=IFCFACE((#13760));
#13762=IFCPOLYLOOP((#12828,#12851,#12815));
#13763=IFCFACEOUTERBOUND(#13762,.T.);
#13764=IFCFACE((#13763));
#13765=IFCPOLYLOOP((#12877,#12887,#12840));
#13766=IFCFACEOUTERBOUND(#13765,.T.);
#13767=IFCFACE((#13766));
#13768=IFCPOLYLOOP((#12885,#12886,#12817));
#13769=IFCFACEOUTERBOUND(#13768,.T.);
#13770=IFCFACE((#13769));
#13771=IFCPOLYLOOP((#12853,#12782,#12840));
#13772=IFCFACEOUTERBOUND(#13771,.T.);
#13773=IFCFACE((#13772));
#13774=IFCPOLYLOOP((#12785,#12854,#12866));
#13775=IFCFACEOUTERBOUND(#13774,.T.);
#13776=IFCFACE((#13775));
#13777=IFCPOLYLOOP((#12834,#12854,#12855));
#13778=IFCFACEOUTERBOUND(#13777,.T.);
#13779=IFCFACE((#13778));
#13780=IFCPOLYLOOP((#12883,#12834,#12904));
#13781=IFCFACEOUTERBOUND(#13780,.T.);
#13782=IFCFACE((#13781));
#13783=IFCPOLYLOOP((#12829,#12869,#12870));
#13784=IFCFACEOUTERBOUND(#13783,.T.);
#13785=IFCFACE((#13784));
#13786=IFCPOLYLOOP((#12899,#12820,#12856));
#13787=IFCFACEOUTERBOUND(#13786,.T.);
#13788=IFCFACE((#13787));
#13789=IFCPOLYLOOP((#12780,#12779,#12886));
#13790=IFCFACEOUTERBOUND(#13789,.T.);
#13791=IFCFACE((#13790));
#13792=IFCPOLYLOOP((#12824,#12857,#12820));
#13793=IFCFACEOUTERBOUND(#13792,.T.);
#13794=IFCFACE((#13793));
#13795=IFCPOLYLOOP((#12858,#12875,#12838));
#13796=IFCFACEOUTERBOUND(#13795,.T.);
#13797=IFCFACE((#13796));
#13798=IFCPOLYLOOP((#12857,#12858,#12838));
#13799=IFCFACEOUTERBOUND(#13798,.T.);
#13800=IFCFACE((#13799));
#13801=IFCPOLYLOOP((#12837,#12858,#12821));
#13802=IFCFACEOUTERBOUND(#13801,.T.);
#13803=IFCFACE((#13802));
#13804=IFCPOLYLOOP((#12795,#12859,#12884));
#13805=IFCFACEOUTERBOUND(#13804,.T.);
#13806=IFCFACE((#13805));
#13807=IFCPOLYLOOP((#12860,#12876,#12836));
#13808=IFCFACEOUTERBOUND(#13807,.T.);
#13809=IFCFACE((#13808));
#13810=IFCPOLYLOOP((#12859,#12860,#12836));
#13811=IFCFACEOUTERBOUND(#13810,.T.);
#13812=IFCFACE((#13811));
#13813=IFCPOLYLOOP((#12861,#12826,#12860));
#13814=IFCFACEOUTERBOUND(#13813,.T.);
#13815=IFCFACE((#13814));
#13816=IFCPOLYLOOP((#12826,#12861,#12869));
#13817=IFCFACEOUTERBOUND(#13816,.T.);
#13818=IFCFACE((#13817));
#13819=IFCPOLYLOOP((#12825,#12881,#12880));
#13820=IFCFACEOUTERBOUND(#13819,.T.);
#13821=IFCFACE((#13820));
#13822=IFCPOLYLOOP((#12837,#12875,#12858));
#13823=IFCFACEOUTERBOUND(#13822,.T.);
#13824=IFCFACE((#13823));
#13825=IFCPOLYLOOP((#12872,#12901,#12849));
#13826=IFCFACEOUTERBOUND(#13825,.T.);
#13827=IFCFACE((#13826));
#13828=IFCPOLYLOOP((#12867,#12862,#12816));
#13829=IFCFACEOUTERBOUND(#13828,.T.);
#13830=IFCFACE((#13829));
#13831=IFCPOLYLOOP((#12863,#12797,#12796));
#13832=IFCFACEOUTERBOUND(#13831,.T.);
#13833=IFCFACE((#13832));
#13834=IFCPOLYLOOP((#12793,#12864,#12842));
#13835=IFCFACEOUTERBOUND(#13834,.T.);
#13836=IFCFACE((#13835));
#13837=IFCPOLYLOOP((#12791,#12865,#12843));
#13838=IFCFACEOUTERBOUND(#13837,.T.);
#13839=IFCFACE((#13838));
#13840=IFCPOLYLOOP((#12786,#12866,#12845));
#13841=IFCFACEOUTERBOUND(#13840,.T.);
#13842=IFCFACE((#13841));
#13843=IFCPOLYLOOP((#12867,#12836,#12862));
#13844=IFCFACEOUTERBOUND(#13843,.T.);
#13845=IFCFACE((#13844));
#13846=IFCPOLYLOOP((#12836,#12867,#12884));
#13847=IFCFACEOUTERBOUND(#13846,.T.);
#13848=IFCFACE((#13847));
#13849=IFCPOLYLOOP((#12752,#12821,#12868));
#13850=IFCFACEOUTERBOUND(#13849,.T.);
#13851=IFCFACE((#13850));
#13852=IFCPOLYLOOP((#12755,#12754,#12868));
#13853=IFCFACEOUTERBOUND(#13852,.T.);
#13854=IFCFACE((#13853));
#13855=IFCPOLYLOOP((#12826,#12869,#12901));
#13856=IFCFACEOUTERBOUND(#13855,.T.);
#13857=IFCFACE((#13856));
#13858=IFCPOLYLOOP((#12829,#12870,#12902));
#13859=IFCFACEOUTERBOUND(#13858,.T.);
#13860=IFCFACE((#13859));
#13861=IFCPOLYLOOP((#12902,#12870,#12903));
#13862=IFCFACEOUTERBOUND(#13861,.T.);
#13863=IFCFACE((#13862));
#13864=IFCPOLYLOOP((#12881,#12825,#12870));
#13865=IFCFACEOUTERBOUND(#13864,.T.);
#13866=IFCFACE((#13865));
#13867=IFCPOLYLOOP((#12799,#12871,#12800));
#13868=IFCFACEOUTERBOUND(#13867,.T.);
#13869=IFCFACE((#13868));
#13870=IFCPOLYLOOP((#12871,#12747,#12839));
#13871=IFCFACEOUTERBOUND(#13870,.T.);
#13872=IFCFACE((#13871));
#13873=IFCPOLYLOOP((#12862,#12872,#12875));
#13874=IFCFACEOUTERBOUND(#13873,.T.);
#13875=IFCFACE((#13874));
#13876=IFCPOLYLOOP((#12879,#12873,#12838));
#13877=IFCFACEOUTERBOUND(#13876,.T.);
#13878=IFCFACE((#13877));
#13879=IFCPOLYLOOP((#12873,#12817,#12820));
#13880=IFCFACEOUTERBOUND(#13879,.T.);
#13881=IFCFACE((#13880));
#13882=IFCPOLYLOOP((#12878,#12817,#12879));
#13883=IFCFACEOUTERBOUND(#13882,.T.);
#13884=IFCFACE((#13883));
#13885=IFCPOLYLOOP((#12663,#12874,#12664));
#13886=IFCFACEOUTERBOUND(#13885,.T.);
#13887=IFCFACE((#13886));
#13888=IFCPOLYLOOP((#12711,#12822,#12874));
#13889=IFCFACEOUTERBOUND(#13888,.T.);
#13890=IFCFACE((#13889));
#13891=IFCPOLYLOOP((#12838,#12875,#12872));
#13892=IFCFACEOUTERBOUND(#13891,.T.);
#13893=IFCFACE((#13892));
#13894=IFCPOLYLOOP((#12875,#12837,#12862));
#13895=IFCFACEOUTERBOUND(#13894,.T.);
#13896=IFCFACE((#13895));
#13897=IFCPOLYLOOP((#12876,#12826,#12872));
#13898=IFCFACEOUTERBOUND(#13897,.T.);
#13899=IFCFACE((#13898));
#13900=IFCPOLYLOOP((#12826,#12876,#12860));
#13901=IFCFACEOUTERBOUND(#13900,.T.);
#13902=IFCFACE((#13901));
#13903=IFCPOLYLOOP((#12872,#12849,#12878));
#13904=IFCFACEOUTERBOUND(#13903,.T.);
#13905=IFCFACE((#13904));
#13906=IFCPOLYLOOP((#12877,#12852,#12885));
#13907=IFCFACEOUTERBOUND(#13906,.T.);
#13908=IFCFACE((#13907));
#13909=IFCPOLYLOOP((#12838,#12872,#12879));
#13910=IFCFACEOUTERBOUND(#13909,.T.);
#13911=IFCFACE((#13910));
#13912=IFCPOLYLOOP((#12817,#12878,#12885));
#13913=IFCFACEOUTERBOUND(#13912,.T.);
#13914=IFCFACE((#13913));
#13915=IFCPOLYLOOP((#12873,#12879,#12817));
#13916=IFCFACEOUTERBOUND(#13915,.T.);
#13917=IFCFACE((#13916));
#13918=IFCPOLYLOOP((#12878,#12879,#12872));
#13919=IFCFACEOUTERBOUND(#13918,.T.);
#13920=IFCFACE((#13919));
#13921=IFCPOLYLOOP((#12832,#12880,#12881));
#13922=IFCFACEOUTERBOUND(#13921,.T.);
#13923=IFCFACE((#13922));
#13924=IFCPOLYLOOP((#12825,#12880,#12882));
#13925=IFCFACEOUTERBOUND(#13924,.T.);
#13926=IFCFACE((#13925));
#13927=IFCPOLYLOOP((#12881,#12861,#12832));
#13928=IFCFACEOUTERBOUND(#13927,.T.);
#13929=IFCFACE((#13928));
#13930=IFCPOLYLOOP((#12905,#12861,#12881));
#13931=IFCFACEOUTERBOUND(#13930,.T.);
#13932=IFCFACE((#13931));
#13933=IFCPOLYLOOP((#12904,#12903,#12825));
#13934=IFCFACEOUTERBOUND(#13933,.T.);
#13935=IFCFACE((#13934));
#13936=IFCPOLYLOOP((#12882,#12833,#12888));
#13937=IFCFACEOUTERBOUND(#13936,.T.);
#13938=IFCFACE((#13937));
#13939=IFCPOLYLOOP((#12834,#12883,#12898));
#13940=IFCFACEOUTERBOUND(#13939,.T.);
#13941=IFCFACE((#13940));
#13942=IFCPOLYLOOP((#12846,#12889,#12888));
#13943=IFCFACEOUTERBOUND(#13942,.T.);
#13944=IFCFACE((#13943));
#13945=IFCPOLYLOOP((#12796,#12884,#12863));
#13946=IFCFACEOUTERBOUND(#13945,.T.);
#13947=IFCFACE((#13946));
#13948=IFCPOLYLOOP((#12836,#12884,#12859));
#13949=IFCFACEOUTERBOUND(#13948,.T.);
#13950=IFCFACE((#13949));
#13951=IFCPOLYLOOP((#12877,#12885,#12878));
#13952=IFCFACEOUTERBOUND(#13951,.T.);
#13953=IFCFACE((#13952));
#13954=IFCPOLYLOOP((#12856,#12817,#12886));
#13955=IFCFACEOUTERBOUND(#13954,.T.);
#13956=IFCFACE((#13955));
#13957=IFCPOLYLOOP((#12856,#12886,#12779));
#13958=IFCFACEOUTERBOUND(#13957,.T.);
#13959=IFCFACE((#13958));
#13960=IFCPOLYLOOP((#12886,#12852,#12780));
#13961=IFCFACEOUTERBOUND(#13960,.T.);
#13962=IFCFACE((#13961));
#13963=IFCPOLYLOOP((#12887,#12829,#12840));
#13964=IFCFACEOUTERBOUND(#13963,.T.);
#13965=IFCFACE((#13964));
#13966=IFCPOLYLOOP((#12829,#12887,#12869));
#13967=IFCFACEOUTERBOUND(#13966,.T.);
#13968=IFCFACE((#13967));
#13969=IFCPOLYLOOP((#12883,#12882,#12889));
#13970=IFCFACEOUTERBOUND(#13969,.T.);
#13971=IFCFACE((#13970));
#13972=IFCPOLYLOOP((#12846,#12888,#12890));
#13973=IFCFACEOUTERBOUND(#13972,.T.);
#13974=IFCFACE((#13973));
#13975=IFCPOLYLOOP((#12889,#12847,#12883));
#13976=IFCFACEOUTERBOUND(#13975,.T.);
#13977=IFCFACE((#13976));
#13978=IFCPOLYLOOP((#12893,#12896,#12847));
#13979=IFCFACEOUTERBOUND(#13978,.T.);
#13980=IFCFACE((#13979));
#13981=IFCPOLYLOOP((#12846,#12892,#12891));
#13982=IFCFACEOUTERBOUND(#13981,.T.);
#13983=IFCFACE((#13982));
#13984=IFCPOLYLOOP((#12844,#12890,#12833));
#13985=IFCFACEOUTERBOUND(#13984,.T.);
#13986=IFCFACE((#13985));
#13987=IFCPOLYLOOP((#12890,#12892,#12846));
#13988=IFCFACEOUTERBOUND(#13987,.T.);
#13989=IFCFACE((#13988));
#13990=IFCPOLYLOOP((#12892,#12830,#12891));
#13991=IFCFACEOUTERBOUND(#13990,.T.);
#13992=IFCFACE((#13991));
#13993=IFCPOLYLOOP((#12894,#12830,#12892));
#13994=IFCFACEOUTERBOUND(#13993,.T.);
#13995=IFCFACE((#13994));
#13996=IFCPOLYLOOP((#12889,#12893,#12847));
#13997=IFCFACEOUTERBOUND(#13996,.T.);
#13998=IFCFACE((#13997));
#13999=IFCPOLYLOOP((#12893,#12891,#12921,#12827,#12918,#12896));
#14000=IFCFACEOUTERBOUND(#13999,.T.);
#14001=IFCFACE((#14000));
#14002=IFCPOLYLOOP((#12844,#12894,#12892));
#14003=IFCFACEOUTERBOUND(#14002,.T.);
#14004=IFCFACE((#14003));
#14005=IFCPOLYLOOP((#12787,#12895,#12764));
#14006=IFCFACEOUTERBOUND(#14005,.T.);
#14007=IFCFACE((#14006));
#14008=IFCPOLYLOOP((#12847,#12896,#12897));
#14009=IFCFACEOUTERBOUND(#14008,.T.);
#14010=IFCFACE((#14009));
#14011=IFCPOLYLOOP((#12897,#12895,#12845));
#14012=IFCFACEOUTERBOUND(#14011,.T.);
#14013=IFCFACE((#14012));
#14014=IFCPOLYLOOP((#12847,#12897,#12898));
#14015=IFCFACEOUTERBOUND(#14014,.T.);
#14016=IFCFACE((#14015));
#14017=IFCPOLYLOOP((#12847,#12898,#12883));
#14018=IFCFACEOUTERBOUND(#14017,.T.);
#14019=IFCFACE((#14018));
#14020=IFCPOLYLOOP((#12898,#12845,#12834));
#14021=IFCFACEOUTERBOUND(#14020,.T.);
#14022=IFCFACE((#14021));
#14023=IFCPOLYLOOP((#12820,#12899,#12709));
#14024=IFCFACEOUTERBOUND(#14023,.T.);
#14025=IFCFACE((#14024));
#14026=IFCPOLYLOOP((#12666,#12822,#12899));
#14027=IFCFACEOUTERBOUND(#14026,.T.);
#14028=IFCFACE((#14027));
#14029=IFCPOLYLOOP((#12900,#12842,#12832));
#14030=IFCFACEOUTERBOUND(#14029,.T.);
#14031=IFCFACE((#14030));
#14032=IFCPOLYLOOP((#12842,#12900,#12860));
#14033=IFCFACEOUTERBOUND(#14032,.T.);
#14034=IFCFACE((#14033));
#14035=IFCPOLYLOOP((#12826,#12901,#12872));
#14036=IFCFACEOUTERBOUND(#14035,.T.);
#14037=IFCFACE((#14036));
#14038=IFCPOLYLOOP((#12901,#12869,#12849));
#14039=IFCFACEOUTERBOUND(#14038,.T.);
#14040=IFCFACE((#14039));
#14041=IFCPOLYLOOP((#12902,#12841,#12829));
#14042=IFCFACEOUTERBOUND(#14041,.T.);
#14043=IFCFACE((#14042));
#14044=IFCPOLYLOOP((#12841,#12902,#12855));
#14045=IFCFACEOUTERBOUND(#14044,.T.);
#14046=IFCFACE((#14045));
#14047=IFCPOLYLOOP((#12855,#12903,#12904));
#14048=IFCFACEOUTERBOUND(#14047,.T.);
#14049=IFCFACE((#14048));
#14050=IFCPOLYLOOP((#12903,#12870,#12825));
#14051=IFCFACEOUTERBOUND(#14050,.T.);
#14052=IFCFACE((#14051));
#14053=IFCPOLYLOOP((#12855,#12904,#12834));
#14054=IFCFACEOUTERBOUND(#14053,.T.);
#14055=IFCFACE((#14054));
#14056=IFCPOLYLOOP((#12883,#12904,#12825));
#14057=IFCFACEOUTERBOUND(#14056,.T.);
#14058=IFCFACE((#14057));
#14059=IFCPOLYLOOP((#12905,#12870,#12869));
#14060=IFCFACEOUTERBOUND(#14059,.T.);
#14061=IFCFACE((#14060));
#14062=IFCPOLYLOOP((#12870,#12905,#12881));
#14063=IFCFACEOUTERBOUND(#14062,.T.);
#14064=IFCFACE((#14063));
#14065=IFCPOLYLOOP((#12801,#12957,#12915));
#14066=IFCFACEOUTERBOUND(#14065,.T.);
#14067=IFCFACE((#14066));
#14068=IFCPOLYLOOP((#12801,#12800,#12957));
#14069=IFCFACEOUTERBOUND(#14068,.T.);
#14070=IFCFACE((#14069));
#14071=IFCPOLYLOOP((#12981,#12933,#12980));
#14072=IFCFACEOUTERBOUND(#14071,.T.);
#14073=IFCFACE((#14072));
#14074=IFCPOLYLOOP((#12934,#12950,#12924));
#14075=IFCFACEOUTERBOUND(#14074,.T.);
#14076=IFCFACE((#14075));
#14077=IFCPOLYLOOP((#12925,#12951,#12933));
#14078=IFCFACEOUTERBOUND(#14077,.T.);
#14079=IFCFACE((#14078));
#14080=IFCPOLYLOOP((#12953,#12757,#12756));
#14081=IFCFACEOUTERBOUND(#14080,.T.);
#14082=IFCFACE((#14081));
#14083=IFCPOLYLOOP((#12934,#12811,#12810));
#14084=IFCFACEOUTERBOUND(#14083,.T.);
#14085=IFCFACE((#14084));
#14086=IFCPOLYLOOP((#12953,#12911,#12917));
#14087=IFCFACEOUTERBOUND(#14086,.T.);
#14088=IFCFACE((#14087));
#14089=IFCPOLYLOOP((#12758,#12757,#12917));
#14090=IFCFACEOUTERBOUND(#14089,.T.);
#14091=IFCFACE((#14090));
#14092=IFCPOLYLOOP((#12717,#12916,#12913));
#14093=IFCFACEOUTERBOUND(#14092,.T.);
#14094=IFCFACE((#14093));
#14095=IFCPOLYLOOP((#12981,#12831,#12896,#12918));
#14096=IFCFACEOUTERBOUND(#14095,.T.);
#14097=IFCFACE((#14096));
#14098=IFCPOLYLOOP((#12973,#12974,#12914));
#14099=IFCFACEOUTERBOUND(#14098,.T.);
#14100=IFCFACE((#14099));
#14101=IFCPOLYLOOP((#12985,#12931,#12946));
#14102=IFCFACEOUTERBOUND(#14101,.T.);
#14103=IFCFACE((#14102));
#14104=IFCPOLYLOOP((#12762,#12957,#12763));
#14105=IFCFACEOUTERBOUND(#14104,.T.);
#14106=IFCFACE((#14105));
#14107=IFCPOLYLOOP((#12766,#12933,#12951));
#14108=IFCFACEOUTERBOUND(#14107,.T.);
#14109=IFCFACE((#14108));
#14110=IFCPOLYLOOP((#12762,#12761,#12915));
#14111=IFCFACEOUTERBOUND(#14110,.T.);
#14112=IFCFACE((#14111));
#14113=IFCPOLYLOOP((#12909,#12952,#12948));
#14114=IFCFACEOUTERBOUND(#14113,.T.);
#14115=IFCFACE((#14114));
#14116=IFCPOLYLOOP((#12914,#12954,#12961));
#14117=IFCFACEOUTERBOUND(#14116,.T.);
#14118=IFCFACE((#14117));
#14119=IFCPOLYLOOP((#12759,#12758,#12917));
#14120=IFCFACEOUTERBOUND(#14119,.T.);
#14121=IFCFACE((#14120));
#14122=IFCPOLYLOOP((#12928,#12909,#12912));
#14123=IFCFACEOUTERBOUND(#14122,.T.);
#14124=IFCFACE((#14123));
#14125=IFCPOLYLOOP((#12756,#12755,#12828));
#14126=IFCFACEOUTERBOUND(#14125,.T.);
#14127=IFCFACE((#14126));
#14128=IFCPOLYLOOP((#12713,#12835,#12714));
#14129=IFCFACEOUTERBOUND(#14128,.T.);
#14130=IFCFACE((#14129));
#14131=IFCPOLYLOOP((#12806,#12931,#12807));
#14132=IFCFACEOUTERBOUND(#14131,.T.);
#14133=IFCFACE((#14132));
#14134=IFCPOLYLOOP((#12950,#12810,#12809));
#14135=IFCFACEOUTERBOUND(#14134,.T.);
#14136=IFCFACE((#14135));
#14137=IFCPOLYLOOP((#12907,#12774,#12675));
#14138=IFCFACEOUTERBOUND(#14137,.T.);
#14139=IFCFACE((#14138));
#14140=IFCPOLYLOOP((#12912,#12917,#12928));
#14141=IFCFACEOUTERBOUND(#14140,.T.);
#14142=IFCFACE((#14141));
#14143=IFCPOLYLOOP((#12917,#12757,#12953));
#14144=IFCFACEOUTERBOUND(#14143,.T.);
#14145=IFCFACE((#14144));
#14146=IFCPOLYLOOP((#12915,#12802,#12801));
#14147=IFCFACEOUTERBOUND(#14146,.T.);
#14148=IFCFACE((#14147));
#14149=IFCPOLYLOOP((#12714,#12960,#12715));
#14150=IFCFACEOUTERBOUND(#14149,.T.);
#14151=IFCFACE((#14150));
#14152=IFCPOLYLOOP((#12924,#12932,#12966));
#14153=IFCFACEOUTERBOUND(#14152,.T.);
#14154=IFCFACE((#14153));
#14155=IFCPOLYLOOP((#12920,#12955,#12947));
#14156=IFCFACEOUTERBOUND(#14155,.T.);
#14157=IFCFACE((#14156));
#14158=IFCPOLYLOOP((#12906,#12672,#12671));
#14159=IFCFACEOUTERBOUND(#14158,.T.);
#14160=IFCFACE((#14159));
#14161=IFCPOLYLOOP((#12937,#12925,#12933));
#14162=IFCFACEOUTERBOUND(#14161,.T.);
#14163=IFCFACE((#14162));
#14164=IFCPOLYLOOP((#12943,#12942,#12925));
#14165=IFCFACEOUTERBOUND(#14164,.T.);
#14166=IFCFACE((#14165));
#14167=IFCPOLYLOOP((#12931,#12949,#12807));
#14168=IFCFACEOUTERBOUND(#14167,.T.);
#14169=IFCFACE((#14168));
#14170=IFCPOLYLOOP((#12938,#12965,#12968));
#14171=IFCFACEOUTERBOUND(#14170,.T.);
#14172=IFCFACE((#14171));
#14173=IFCPOLYLOOP((#12776,#12906,#12671));
#14174=IFCFACEOUTERBOUND(#14173,.T.);
#14175=IFCFACE((#14174));
#14176=IFCPOLYLOOP((#12931,#12806,#12945));
#14177=IFCFACEOUTERBOUND(#14176,.T.);
#14178=IFCFACE((#14177));
#14179=IFCPOLYLOOP((#12923,#12932,#12949));
#14180=IFCFACEOUTERBOUND(#14179,.T.);
#14181=IFCFACE((#14180));
#14182=IFCPOLYLOOP((#12678,#12960,#12679));
#14183=IFCFACEOUTERBOUND(#14182,.T.);
#14184=IFCFACE((#14183));
#14185=IFCPOLYLOOP((#12835,#12662,#12679));
#14186=IFCFACEOUTERBOUND(#14185,.T.);
#14187=IFCFACE((#14186));
#14188=IFCPOLYLOOP((#12959,#12704,#12721));
#14189=IFCFACEOUTERBOUND(#14188,.T.);
#14190=IFCFACE((#14189));
#14191=IFCPOLYLOOP((#12839,#12746,#12763));
#14192=IFCFACEOUTERBOUND(#14191,.T.);
#14193=IFCFACE((#14192));
#14194=IFCPOLYLOOP((#12759,#12917,#12912));
#14195=IFCFACEOUTERBOUND(#14194,.T.);
#14196=IFCFACE((#14195));
#14197=IFCPOLYLOOP((#12916,#12716,#12715));
#14198=IFCFACEOUTERBOUND(#14197,.T.);
#14199=IFCFACE((#14198));
#14200=IFCPOLYLOOP((#12672,#12775,#12673));
#14201=IFCFACEOUTERBOUND(#14200,.T.);
#14202=IFCFACE((#14201));
#14203=IFCPOLYLOOP((#12908,#12674,#12673));
#14204=IFCFACEOUTERBOUND(#14203,.T.);
#14205=IFCFACE((#14204));
#14206=IFCPOLYLOOP((#12944,#12910,#12913));
#14207=IFCFACEOUTERBOUND(#14206,.T.);
#14208=IFCFACE((#14207));
#14209=IFCPOLYLOOP((#12913,#12910,#12972));
#14210=IFCFACEOUTERBOUND(#14209,.T.);
#14211=IFCFACE((#14210));
#14212=IFCPOLYLOOP((#12935,#12802,#12915));
#14213=IFCFACEOUTERBOUND(#14212,.T.);
#14214=IFCFACE((#14213));
#14215=IFCPOLYLOOP((#12907,#12675,#12674));
#14216=IFCFACEOUTERBOUND(#14215,.T.);
#14217=IFCFACE((#14216));
#14218=IFCPOLYLOOP((#12916,#12678,#12677));
#14219=IFCFACEOUTERBOUND(#14218,.T.);
#14220=IFCFACE((#14219));
#14221=IFCPOLYLOOP((#12953,#12828,#12954));
#14222=IFCFACEOUTERBOUND(#14221,.T.);
#14223=IFCFACE((#14222));
#14224=IFCPOLYLOOP((#12973,#12914,#12718));
#14225=IFCFACEOUTERBOUND(#14224,.T.);
#14226=IFCFACE((#14225));
#14227=IFCPOLYLOOP((#12908,#12907,#12674));
#14228=IFCFACEOUTERBOUND(#14227,.T.);
#14229=IFCFACE((#14228));
#14230=IFCPOLYLOOP((#12815,#12954,#12828));
#14231=IFCFACEOUTERBOUND(#14230,.T.);
#14232=IFCFACE((#14231));
#14233=IFCPOLYLOOP((#12805,#12945,#12806));
#14234=IFCFACEOUTERBOUND(#14233,.T.);
#14235=IFCFACE((#14234));
#14236=IFCPOLYLOOP((#12935,#12909,#12948));
#14237=IFCFACEOUTERBOUND(#14236,.T.);
#14238=IFCFACE((#14237));
#14239=IFCPOLYLOOP((#12922,#12956,#12955));
#14240=IFCFACEOUTERBOUND(#14239,.T.);
#14241=IFCFACE((#14240));
#14242=IFCPOLYLOOP((#12955,#12920,#12986));
#14243=IFCFACEOUTERBOUND(#14242,.T.);
#14244=IFCFACE((#14243));
#14245=IFCPOLYLOOP((#12815,#12961,#12954));
#14246=IFCFACEOUTERBOUND(#14245,.T.);
#14247=IFCFACE((#14246));
#14248=IFCPOLYLOOP((#12941,#12771,#12929));
#14249=IFCFACEOUTERBOUND(#14248,.T.);
#14250=IFCFACE((#14249));
#14251=IFCPOLYLOOP((#12759,#12912,#12760));
#14252=IFCFACEOUTERBOUND(#14251,.T.);
#14253=IFCFACE((#14252));
#14254=IFCPOLYLOOP((#12948,#12803,#12935));
#14255=IFCFACEOUTERBOUND(#14254,.T.);
#14256=IFCFACE((#14255));
#14257=IFCPOLYLOOP((#12912,#12909,#12935));
#14258=IFCFACEOUTERBOUND(#14257,.T.);
#14259=IFCFACE((#14258));
#14260=IFCPOLYLOOP((#12760,#12915,#12761));
#14261=IFCFACEOUTERBOUND(#14260,.T.);
#14262=IFCFACE((#14261));
#14263=IFCPOLYLOOP((#12805,#12804,#12971));
#14264=IFCFACEOUTERBOUND(#14263,.T.);
#14265=IFCFACE((#14264));
#14266=IFCPOLYLOOP((#12926,#12946,#12945));
#14267=IFCFACEOUTERBOUND(#14266,.T.);
#14268=IFCFACE((#14267));
#14269=IFCPOLYLOOP((#12982,#12934,#12983));
#14270=IFCFACEOUTERBOUND(#14269,.T.);
#14271=IFCFACE((#14270));
#14272=IFCPOLYLOOP((#12928,#12939,#12952));
#14273=IFCFACEOUTERBOUND(#14272,.T.);
#14274=IFCFACE((#14273));
#14275=IFCPOLYLOOP((#12909,#12928,#12952));
#14276=IFCFACEOUTERBOUND(#14275,.T.);
#14277=IFCFACE((#14276));
#14278=IFCPOLYLOOP((#12924,#12966,#12965));
#14279=IFCFACEOUTERBOUND(#14278,.T.);
#14280=IFCFACE((#14279));
#14281=IFCPOLYLOOP((#12808,#12807,#12949));
#14282=IFCFACEOUTERBOUND(#14281,.T.);
#14283=IFCFACE((#14282));
#14284=IFCPOLYLOOP((#12980,#12765,#12764));
#14285=IFCFACEOUTERBOUND(#14284,.T.);
#14286=IFCFACE((#14285));
#14287=IFCPOLYLOOP((#12770,#12769,#12940));
#14288=IFCFACEOUTERBOUND(#14287,.T.);
#14289=IFCFACE((#14288));
#14290=IFCPOLYLOOP((#12762,#12915,#12957));
#14291=IFCFACEOUTERBOUND(#14290,.T.);
#14292=IFCFACE((#14291));
#14293=IFCPOLYLOOP((#12808,#12932,#12809));
#14294=IFCFACEOUTERBOUND(#14293,.T.);
#14295=IFCFACE((#14294));
#14296=IFCPOLYLOOP((#12932,#12950,#12809));
#14297=IFCFACEOUTERBOUND(#14296,.T.);
#14298=IFCFACE((#14297));
#14299=IFCPOLYLOOP((#12973,#12927,#12974));
#14300=IFCFACEOUTERBOUND(#14299,.T.);
#14301=IFCFACE((#14300));
#14302=IFCPOLYLOOP((#12772,#12771,#12941));
#14303=IFCFACEOUTERBOUND(#14302,.T.);
#14304=IFCFACE((#14303));
#14305=IFCPOLYLOOP((#12766,#12765,#12933));
#14306=IFCFACEOUTERBOUND(#14305,.T.);
#14307=IFCFACE((#14306));
#14308=IFCPOLYLOOP((#12774,#12676,#12675));
#14309=IFCFACEOUTERBOUND(#14308,.T.);
#14310=IFCFACE((#14309));
#14311=IFCPOLYLOOP((#12676,#12916,#12677));
#14312=IFCFACEOUTERBOUND(#14311,.T.);
#14313=IFCFACE((#14312));
#14314=IFCPOLYLOOP((#12944,#12913,#12984));
#14315=IFCFACEOUTERBOUND(#14314,.T.);
#14316=IFCFACE((#14315));
#14317=IFCPOLYLOOP((#12719,#12718,#12914));
#14318=IFCFACEOUTERBOUND(#14317,.T.);
#14319=IFCFACE((#14318));
#14320=IFCPOLYLOOP((#12915,#12760,#12912));
#14321=IFCFACEOUTERBOUND(#14320,.T.);
#14322=IFCFACE((#14321));
#14323=IFCPOLYLOOP((#12984,#12916,#12676));
#14324=IFCFACEOUTERBOUND(#14323,.T.);
#14325=IFCFACE((#14324));
#14326=IFCPOLYLOOP((#12720,#12719,#12961));
#14327=IFCFACEOUTERBOUND(#14326,.T.);
#14328=IFCFACE((#14327));
#14329=IFCPOLYLOOP((#12984,#12676,#12774));
#14330=IFCFACEOUTERBOUND(#14329,.T.);
#14331=IFCFACE((#14330));
#14332=IFCPOLYLOOP((#12717,#12913,#12718));
#14333=IFCFACEOUTERBOUND(#14332,.T.);
#14334=IFCFACE((#14333));
#14335=IFCPOLYLOOP((#12916,#12717,#12716));
#14336=IFCFACEOUTERBOUND(#14335,.T.);
#14337=IFCFACE((#14336));
#14338=IFCPOLYLOOP((#12978,#12944,#12773));
#14339=IFCFACEOUTERBOUND(#14338,.T.);
#14340=IFCFACE((#14339));
#14341=IFCPOLYLOOP((#12908,#12673,#12775));
#14342=IFCFACEOUTERBOUND(#14341,.T.);
#14343=IFCFACE((#14342));
#14344=IFCPOLYLOOP((#12939,#12928,#12927));
#14345=IFCFACEOUTERBOUND(#14344,.T.);
#14346=IFCFACE((#14345));
#14347=IFCPOLYLOOP((#12979,#12962,#12929));
#14348=IFCFACEOUTERBOUND(#14347,.T.);
#14349=IFCFACE((#14348));
#14350=IFCPOLYLOOP((#12940,#12929,#12770));
#14351=IFCFACEOUTERBOUND(#14350,.T.);
#14352=IFCFACE((#14351));
#14353=IFCPOLYLOOP((#12934,#12924,#12938));
#14354=IFCFACEOUTERBOUND(#14353,.T.);
#14355=IFCFACE((#14354));
#14356=IFCPOLYLOOP((#12960,#12835,#12679));
#14357=IFCFACEOUTERBOUND(#14356,.T.);
#14358=IFCFACE((#14357));
#14359=IFCPOLYLOOP((#12922,#12940,#12930));
#14360=IFCFACEOUTERBOUND(#14359,.T.);
#14361=IFCFACE((#14360));
#14362=IFCPOLYLOOP((#12920,#12964,#12986));
#14363=IFCFACEOUTERBOUND(#14362,.T.);
#14364=IFCFACE((#14363));
#14365=IFCPOLYLOOP((#12929,#12771,#12770));
#14366=IFCFACEOUTERBOUND(#14365,.T.);
#14367=IFCFACE((#14366));
#14368=IFCPOLYLOOP((#12930,#12769,#12768));
#14369=IFCFACEOUTERBOUND(#14368,.T.);
#14370=IFCFACE((#14369));
#14371=IFCPOLYLOOP((#12960,#12916,#12715));
#14372=IFCFACEOUTERBOUND(#14371,.T.);
#14373=IFCFACE((#14372));
#14374=IFCPOLYLOOP((#12766,#12951,#12767));
#14375=IFCFACEOUTERBOUND(#14374,.T.);
#14376=IFCFACE((#14375));
#14377=IFCPOLYLOOP((#12947,#12946,#12920));
#14378=IFCFACEOUTERBOUND(#14377,.T.);
#14379=IFCFACE((#14378));
#14380=IFCPOLYLOOP((#12768,#12942,#12930));
#14381=IFCFACEOUTERBOUND(#14380,.T.);
#14382=IFCFACE((#14381));
#14383=IFCPOLYLOOP((#12973,#12972,#12927));
#14384=IFCFACEOUTERBOUND(#14383,.T.);
#14385=IFCFACE((#14384));
#14386=IFCPOLYLOOP((#12917,#12911,#12928));
#14387=IFCFACEOUTERBOUND(#14386,.T.);
#14388=IFCFACE((#14387));
#14389=IFCPOLYLOOP((#12906,#12775,#12672));
#14390=IFCFACEOUTERBOUND(#14389,.T.);
#14391=IFCFACE((#14390));
#14392=IFCPOLYLOOP((#12767,#12942,#12768));
#14393=IFCFACEOUTERBOUND(#14392,.T.);
#14394=IFCFACE((#14393));
#14395=IFCPOLYLOOP((#12982,#12830,#12788));
#14396=IFCFACEOUTERBOUND(#14395,.T.);
#14397=IFCFACE((#14396));
#14398=IFCPOLYLOOP((#12831,#12980,#12764));
#14399=IFCFACEOUTERBOUND(#14398,.T.);
#14400=IFCFACE((#14399));
#14401=IFCPOLYLOOP((#12933,#12765,#12980));
#14402=IFCFACEOUTERBOUND(#14401,.T.);
#14403=IFCFACE((#14402));
#14404=IFCPOLYLOOP((#12934,#12982,#12811));
#14405=IFCFACEOUTERBOUND(#14404,.T.);
#14406=IFCFACE((#14405));
#14407=IFCPOLYLOOP((#12938,#12921,#12983));
#14408=IFCFACEOUTERBOUND(#14407,.T.);
#14409=IFCFACE((#14408));
#14410=IFCPOLYLOOP((#12912,#12935,#12915));
#14411=IFCFACEOUTERBOUND(#14410,.T.);
#14412=IFCFACE((#14411));
#14413=IFCPOLYLOOP((#12935,#12803,#12802));
#14414=IFCFACEOUTERBOUND(#14413,.T.);
#14415=IFCFACE((#14414));
#14416=IFCPOLYLOOP((#12941,#12929,#12962));
#14417=IFCFACEOUTERBOUND(#14416,.T.);
#14418=IFCFACE((#14417));
#14419=IFCPOLYLOOP((#12963,#12962,#12936));
#14420=IFCFACEOUTERBOUND(#14419,.T.);
#14421=IFCFACE((#14420));
#14422=IFCPOLYLOOP((#12943,#12925,#12989));
#14423=IFCFACEOUTERBOUND(#14422,.T.);
#14424=IFCFACE((#14423));
#14425=IFCPOLYLOOP((#12827,#12921,#12969,#12970,#12918));
#14426=IFCFACEOUTERBOUND(#14425,.T.);
#14427=IFCFACE((#14426));
#14428=IFCPOLYLOOP((#12968,#12937,#12970));
#14429=IFCFACEOUTERBOUND(#14428,.T.);
#14430=IFCFACE((#14429));
#14431=IFCPOLYLOOP((#12925,#12937,#12958));
#14432=IFCFACEOUTERBOUND(#14431,.T.);
#14433=IFCFACE((#14432));
#14434=IFCPOLYLOOP((#12926,#12976,#12946));
#14435=IFCFACEOUTERBOUND(#14434,.T.);
#14436=IFCFACE((#14435));
#14437=IFCPOLYLOOP((#12963,#12936,#12964));
#14438=IFCFACEOUTERBOUND(#14437,.T.);
#14439=IFCFACE((#14438));
#14440=IFCPOLYLOOP((#12929,#12940,#12922));
#14441=IFCFACEOUTERBOUND(#14440,.T.);
#14442=IFCFACE((#14441));
#14443=IFCPOLYLOOP((#12940,#12769,#12930));
#14444=IFCFACEOUTERBOUND(#14443,.T.);
#14445=IFCFACE((#14444));
#14446=IFCPOLYLOOP((#12910,#12944,#12978));
#14447=IFCFACEOUTERBOUND(#14446,.T.);
#14448=IFCFACE((#14447));
#14449=IFCPOLYLOOP((#12979,#12936,#12962));
#14450=IFCFACEOUTERBOUND(#14449,.T.);
#14451=IFCFACE((#14450));
#14452=IFCPOLYLOOP((#12930,#12942,#12943));
#14453=IFCFACEOUTERBOUND(#14452,.T.);
#14454=IFCFACE((#14453));
#14455=IFCPOLYLOOP((#12925,#12942,#12951));
#14456=IFCFACEOUTERBOUND(#14455,.T.);
#14457=IFCFACE((#14456));
#14458=IFCPOLYLOOP((#12924,#12950,#12932));
#14459=IFCFACEOUTERBOUND(#14458,.T.);
#14460=IFCFACE((#14459));
#14461=IFCPOLYLOOP((#12956,#12922,#12987));
#14462=IFCFACEOUTERBOUND(#14461,.T.);
#14463=IFCFACE((#14462));
#14464=IFCPOLYLOOP((#12989,#12988,#12943));
#14465=IFCFACEOUTERBOUND(#14464,.T.);
#14466=IFCFACE((#14465));
#14467=IFCPOLYLOOP((#12910,#12978,#12977));
#14468=IFCFACEOUTERBOUND(#14467,.T.);
#14469=IFCFACE((#14468));
#14470=IFCPOLYLOOP((#12774,#12773,#12984));
#14471=IFCFACEOUTERBOUND(#14470,.T.);
#14472=IFCFACE((#14471));
#14473=IFCPOLYLOOP((#12931,#12945,#12946));
#14474=IFCFACEOUTERBOUND(#14473,.T.);
#14475=IFCFACE((#14474));
#14476=IFCPOLYLOOP((#12926,#12945,#12971));
#14477=IFCFACEOUTERBOUND(#14476,.T.);
#14478=IFCFACE((#14477));
#14479=IFCPOLYLOOP((#12947,#12985,#12946));
#14480=IFCFACEOUTERBOUND(#14479,.T.);
#14481=IFCFACE((#14480));
#14482=IFCPOLYLOOP((#12976,#12920,#12946));
#14483=IFCFACEOUTERBOUND(#14482,.T.);
#14484=IFCFACE((#14483));
#14485=IFCPOLYLOOP((#12966,#12923,#12967));
#14486=IFCFACEOUTERBOUND(#14485,.T.);
#14487=IFCFACE((#14486));
#14488=IFCPOLYLOOP((#12987,#12988,#12956));
#14489=IFCFACEOUTERBOUND(#14488,.T.);
#14490=IFCFACE((#14489));
#14491=IFCPOLYLOOP((#12948,#12804,#12803));
#14492=IFCFACEOUTERBOUND(#14491,.T.);
#14493=IFCFACE((#14492));
#14494=IFCPOLYLOOP((#12971,#12804,#12948));
#14495=IFCFACEOUTERBOUND(#14494,.T.);
#14496=IFCFACE((#14495));
#14497=IFCPOLYLOOP((#12808,#12949,#12932));
#14498=IFCFACEOUTERBOUND(#14497,.T.);
#14499=IFCFACE((#14498));
#14500=IFCPOLYLOOP((#12923,#12949,#12931));
#14501=IFCFACEOUTERBOUND(#14500,.T.);
#14502=IFCFACE((#14501));
#14503=IFCPOLYLOOP((#12810,#12950,#12934));
#14504=IFCFACEOUTERBOUND(#14503,.T.);
#14505=IFCFACE((#14504));
#14506=IFCPOLYLOOP((#12767,#12951,#12942));
#14507=IFCFACEOUTERBOUND(#14506,.T.);
#14508=IFCFACE((#14507));
#14509=IFCPOLYLOOP((#12948,#12952,#12971));
#14510=IFCFACEOUTERBOUND(#14509,.T.);
#14511=IFCFACE((#14510));
#14512=IFCPOLYLOOP((#12926,#12952,#12939));
#14513=IFCFACEOUTERBOUND(#14512,.T.);
#14514=IFCFACE((#14513));
#14515=IFCPOLYLOOP((#12954,#12911,#12953));
#14516=IFCFACEOUTERBOUND(#14515,.T.);
#14517=IFCFACE((#14516));
#14518=IFCPOLYLOOP((#12828,#12953,#12756));
#14519=IFCFACEOUTERBOUND(#14518,.T.);
#14520=IFCFACE((#14519));
#14521=IFCPOLYLOOP((#12954,#12914,#12911));
#14522=IFCFACEOUTERBOUND(#14521,.T.);
#14523=IFCFACE((#14522));
#14524=IFCPOLYLOOP((#12721,#12961,#12959));
#14525=IFCFACEOUTERBOUND(#14524,.T.);
#14526=IFCFACE((#14525));
#14527=IFCPOLYLOOP((#12990,#12956,#12967));
#14528=IFCFACEOUTERBOUND(#14527,.T.);
#14529=IFCFACE((#14528));
#14530=IFCPOLYLOOP((#12979,#12922,#12955));
#14531=IFCFACEOUTERBOUND(#14530,.T.);
#14532=IFCFACE((#14531));
#14533=IFCPOLYLOOP((#12967,#12947,#12990));
#14534=IFCFACEOUTERBOUND(#14533,.T.);
#14535=IFCFACE((#14534));
#14536=IFCPOLYLOOP((#12988,#12987,#12943));
#14537=IFCFACEOUTERBOUND(#14536,.T.);
#14538=IFCFACE((#14537));
#14539=IFCPOLYLOOP((#12957,#12839,#12763));
#14540=IFCFACEOUTERBOUND(#14539,.T.);
#14541=IFCFACE((#14540));
#14542=IFCPOLYLOOP((#12839,#12957,#12800));
#14543=IFCFACEOUTERBOUND(#14542,.T.);
#14544=IFCFACE((#14543));
#14545=IFCPOLYLOOP((#12919,#12958,#12965));
#14546=IFCFACEOUTERBOUND(#14545,.T.);
#14547=IFCFACE((#14546));
#14548=IFCPOLYLOOP((#12914,#12961,#12719));
#14549=IFCFACEOUTERBOUND(#14548,.T.);
#14550=IFCFACE((#14549));
#14551=IFCPOLYLOOP((#12961,#12815,#12959));
#14552=IFCFACEOUTERBOUND(#14551,.T.);
#14553=IFCFACE((#14552));
#14554=IFCPOLYLOOP((#12835,#12960,#12714));
#14555=IFCFACEOUTERBOUND(#14554,.T.);
#14556=IFCFACE((#14555));
#14557=IFCPOLYLOOP((#12916,#12960,#12678));
#14558=IFCFACEOUTERBOUND(#14557,.T.);
#14559=IFCFACE((#14558));
#14560=IFCPOLYLOOP((#12958,#12937,#12968));
#14561=IFCFACEOUTERBOUND(#14560,.T.);
#14562=IFCFACE((#14561));
#14563=IFCPOLYLOOP((#12720,#12961,#12721));
#14564=IFCFACEOUTERBOUND(#14563,.T.);
#14565=IFCFACE((#14564));
#14566=IFCPOLYLOOP((#12962,#12977,#12941));
#14567=IFCFACEOUTERBOUND(#14566,.T.);
#14568=IFCFACE((#14567));
#14569=IFCPOLYLOOP((#12963,#12977,#12962));
#14570=IFCFACEOUTERBOUND(#14569,.T.);
#14571=IFCFACE((#14570));
#14572=IFCPOLYLOOP((#12910,#12963,#12972));
#14573=IFCFACEOUTERBOUND(#14572,.T.);
#14574=IFCFACE((#14573));
#14575=IFCPOLYLOOP((#12964,#12939,#12975));
#14576=IFCFACEOUTERBOUND(#14575,.T.);
#14577=IFCFACE((#14576));
#14578=IFCPOLYLOOP((#12963,#12964,#12975));
#14579=IFCFACEOUTERBOUND(#14578,.T.);
#14580=IFCFACE((#14579));
#14581=IFCPOLYLOOP((#12939,#12964,#12976));
#14582=IFCFACEOUTERBOUND(#14581,.T.);
#14583=IFCFACE((#14582));
#14584=IFCPOLYLOOP((#12919,#12965,#12966));
#14585=IFCFACEOUTERBOUND(#14584,.T.);
#14586=IFCFACE((#14585));
#14587=IFCPOLYLOOP((#12924,#12965,#12938));
#14588=IFCFACEOUTERBOUND(#14587,.T.);
#14589=IFCFACE((#14588));
#14590=IFCPOLYLOOP((#12919,#12966,#12967));
#14591=IFCFACEOUTERBOUND(#14590,.T.);
#14592=IFCFACE((#14591));
#14593=IFCPOLYLOOP((#12932,#12923,#12966));
#14594=IFCFACEOUTERBOUND(#14593,.T.);
#14595=IFCFACE((#14594));
#14596=IFCPOLYLOOP((#12988,#12919,#12967));
#14597=IFCFACEOUTERBOUND(#14596,.T.);
#14598=IFCFACE((#14597));
#14599=IFCPOLYLOOP((#12947,#12967,#12923));
#14600=IFCFACEOUTERBOUND(#14599,.T.);
#14601=IFCFACE((#14600));
#14602=IFCPOLYLOOP((#12958,#12968,#12965));
#14603=IFCFACEOUTERBOUND(#14602,.T.);
#14604=IFCFACE((#14603));
#14605=IFCPOLYLOOP((#12969,#12938,#12968));
#14606=IFCFACEOUTERBOUND(#14605,.T.);
#14607=IFCFACE((#14606));
#14608=IFCPOLYLOOP((#12969,#12921,#12938));
#14609=IFCFACEOUTERBOUND(#14608,.T.);
#14610=IFCFACE((#14609));
#14611=IFCPOLYLOOP((#12918,#12970,#12937));
#14612=IFCFACEOUTERBOUND(#14611,.T.);
#14613=IFCFACE((#14612));
#14614=IFCPOLYLOOP((#12968,#12970,#12969));
#14615=IFCFACEOUTERBOUND(#14614,.T.);
#14616=IFCFACE((#14615));
#14617=IFCPOLYLOOP((#12805,#12971,#12945));
#14618=IFCFACEOUTERBOUND(#14617,.T.);
#14619=IFCFACE((#14618));
#14620=IFCPOLYLOOP((#12952,#12926,#12971));
#14621=IFCFACEOUTERBOUND(#14620,.T.);
#14622=IFCFACE((#14621));
#14623=IFCPOLYLOOP((#12973,#12718,#12913));
#14624=IFCFACEOUTERBOUND(#14623,.T.);
#14625=IFCFACE((#14624));
#14626=IFCPOLYLOOP((#12975,#12927,#12972));
#14627=IFCFACEOUTERBOUND(#14626,.T.);
#14628=IFCFACE((#14627));
#14629=IFCPOLYLOOP((#12972,#12973,#12913));
#14630=IFCFACEOUTERBOUND(#14629,.T.);
#14631=IFCFACE((#14630));
#14632=IFCPOLYLOOP((#12911,#12914,#12974));
#14633=IFCFACEOUTERBOUND(#14632,.T.);
#14634=IFCFACE((#14633));
#14635=IFCPOLYLOOP((#12974,#12928,#12911));
#14636=IFCFACEOUTERBOUND(#14635,.T.);
#14637=IFCFACE((#14636));
#14638=IFCPOLYLOOP((#12974,#12927,#12928));
#14639=IFCFACEOUTERBOUND(#14638,.T.);
#14640=IFCFACE((#14639));
#14641=IFCPOLYLOOP((#12963,#12975,#12972));
#14642=IFCFACEOUTERBOUND(#14641,.T.);
#14643=IFCFACE((#14642));
#14644=IFCPOLYLOOP((#12927,#12975,#12939));
#14645=IFCFACEOUTERBOUND(#14644,.T.);
#14646=IFCFACE((#14645));
#14647=IFCPOLYLOOP((#12920,#12976,#12964));
#14648=IFCFACEOUTERBOUND(#14647,.T.);
#14649=IFCFACE((#14648));
#14650=IFCPOLYLOOP((#12976,#12926,#12939));
#14651=IFCFACEOUTERBOUND(#14650,.T.);
#14652=IFCFACE((#14651));
#14653=IFCPOLYLOOP((#12978,#12941,#12977));
#14654=IFCFACEOUTERBOUND(#14653,.T.);
#14655=IFCFACE((#14654));
#14656=IFCPOLYLOOP((#12910,#12977,#12963));
#14657=IFCFACEOUTERBOUND(#14656,.T.);
#14658=IFCFACE((#14657));
#14659=IFCPOLYLOOP((#12978,#12772,#12941));
#14660=IFCFACEOUTERBOUND(#14659,.T.);
#14661=IFCFACE((#14660));
#14662=IFCPOLYLOOP((#12772,#12978,#12773));
#14663=IFCFACEOUTERBOUND(#14662,.T.);
#14664=IFCFACE((#14663));
#14665=IFCPOLYLOOP((#12936,#12979,#12955));
#14666=IFCFACEOUTERBOUND(#14665,.T.);
#14667=IFCFACE((#14666));
#14668=IFCPOLYLOOP((#12979,#12929,#12922));
#14669=IFCFACEOUTERBOUND(#14668,.T.);
#14670=IFCFACE((#14669));
#14671=IFCPOLYLOOP((#12937,#12933,#12981));
#14672=IFCFACEOUTERBOUND(#14671,.T.);
#14673=IFCFACE((#14672));
#14674=IFCPOLYLOOP((#12937,#12981,#12918));
#14675=IFCFACEOUTERBOUND(#14674,.T.);
#14676=IFCFACE((#14675));
#14677=IFCPOLYLOOP((#12981,#12980,#12831));
#14678=IFCFACEOUTERBOUND(#14677,.T.);
#14679=IFCFACE((#14678));
#14680=IFCPOLYLOOP((#12811,#12982,#12788));
#14681=IFCFACEOUTERBOUND(#14680,.T.);
#14682=IFCFACE((#14681));
#14683=IFCPOLYLOOP((#12830,#12982,#12983));
#14684=IFCFACEOUTERBOUND(#14683,.T.);
#14685=IFCFACE((#14684));
#14686=IFCPOLYLOOP((#12983,#12921,#12891,#12830));
#14687=IFCFACEOUTERBOUND(#14686,.T.);
#14688=IFCFACE((#14687));
#14689=IFCPOLYLOOP((#12938,#12983,#12934));
#14690=IFCFACEOUTERBOUND(#14689,.T.);
#14691=IFCFACE((#14690));
#14692=IFCPOLYLOOP((#12916,#12984,#12913));
#14693=IFCFACEOUTERBOUND(#14692,.T.);
#14694=IFCFACE((#14693));
#14695=IFCPOLYLOOP((#12944,#12984,#12773));
#14696=IFCFACEOUTERBOUND(#14695,.T.);
#14697=IFCFACE((#14696));
#14698=IFCPOLYLOOP((#12985,#12923,#12931));
#14699=IFCFACEOUTERBOUND(#14698,.T.);
#14700=IFCFACE((#14699));
#14701=IFCPOLYLOOP((#12985,#12947,#12923));
#14702=IFCFACEOUTERBOUND(#14701,.T.);
#14703=IFCFACE((#14702));
#14704=IFCPOLYLOOP((#12986,#12936,#12955));
#14705=IFCFACEOUTERBOUND(#14704,.T.);
#14706=IFCFACE((#14705));
#14707=IFCPOLYLOOP((#12936,#12986,#12964));
#14708=IFCFACEOUTERBOUND(#14707,.T.);
#14709=IFCFACE((#14708));
#14710=IFCPOLYLOOP((#12987,#12930,#12943));
#14711=IFCFACEOUTERBOUND(#14710,.T.);
#14712=IFCFACE((#14711));
#14713=IFCPOLYLOOP((#12930,#12987,#12922));
#14714=IFCFACEOUTERBOUND(#14713,.T.);
#14715=IFCFACE((#14714));
#14716=IFCPOLYLOOP((#12956,#12988,#12967));
#14717=IFCFACEOUTERBOUND(#14716,.T.);
#14718=IFCFACE((#14717));
#14719=IFCPOLYLOOP((#12958,#12919,#12989));
#14720=IFCFACEOUTERBOUND(#14719,.T.);
#14721=IFCFACE((#14720));
#14722=IFCPOLYLOOP((#12988,#12989,#12919));
#14723=IFCFACEOUTERBOUND(#14722,.T.);
#14724=IFCFACE((#14723));
#14725=IFCPOLYLOOP((#12958,#12989,#12925));
#14726=IFCFACEOUTERBOUND(#14725,.T.);
#14727=IFCFACE((#14726));
#14728=IFCPOLYLOOP((#12990,#12955,#12956));
#14729=IFCFACEOUTERBOUND(#14728,.T.);
#14730=IFCFACE((#14729));
#14731=IFCPOLYLOOP((#12955,#12990,#12947));
#14732=IFCFACEOUTERBOUND(#14731,.T.);
#14733=IFCFACE((#14732));
#14734=IFCCLOSEDSHELL((#12993,#12996,#12999,#13002,#13005,#13008,#13011,#13014,#13017,#13020,#13023,#13026,#13029,#13032,#13035,#13038,#13041,#13044,#13047,#13050,#13053,#13056,#13059,#13062,#13065,#13068,#13071,#13074,#13077,#13080,#13083,#13086,#13089,#13092,#13095,#13098,#13101,#13104,#13107,#13110,#13113,#13116,#13119,#13122,#13125,#13128,#13131,#13134,#13137,#13140,#13143,#13146,#13149,#13152,#13155,#13158,#13161,#13164,#13167,#13170,#13173,#13176,#13179,#13182,#13185,#13188,#13191,#13194,#13197,#13200,#13203,#13206,#13209,#13212,#13215,#13218,#13221,#13224,#13227,#13230,#13233,#13236,#13239,#13242,#13245,#13248,#13251,#13254,#13257,#13260,#13263,#13266,#13269,#13272,#13275,#13278,#13281,#13284,#13287,#13290,#13293,#13296,#13299,#13302,#13305,#13308,#13311,#13314,#13317,#13320,#13323,#13326,#13329,#13332,#13335,#13338,#13341,#13344,#13347,#13350,#13353,#13356,#13359,#13362,#13365,#13368,#13371,#13374,#13377,#13380,#13383,#13386,#13389,#13392,#13395,#13398,#13401,#13404,#13407,#13410,#13413,#13416,#13419,#13422,#13425,#13428,#13431,#13434,#13437,#13440,#13443,#13446,#13449,#13452,#13455,#13458,#13461,#13464,#13467,#13470,#13473,#13476,#13479,#13482,#13485,#13488,#13491,#13494,#13497,#13500,#13503,#13506,#13509,#13512,#13515,#13518,#13521,#13524,#13527,#13530,#13533,#13536,#13539,#13542,#13545,#13548,#13551,#13554,#13557,#13560,#13563,#13566,#13569,#13572,#13575,#13578,#13581,#13584,#13587,#13590,#13593,#13596,#13599,#13602,#13605,#13608,#13611,#13614,#13617,#13620,#13623,#13626,#13629,#13632,#13635,#13638,#13641,#13644,#13647,#13650,#13653,#13656,#13659,#13662,#13665,#13668,#13671,#13674,#13677,#13680,#13683,#13686,#13689,#13692,#13695,#13698,#13701,#13704,#13707,#13710,#13713,#13716,#13719,#13722,#13725,#13728,#13731,#13734,#13737,#13740,#13743,#13746,#13749,#13752,#13755,#13758,#13761,#13764,#13767,#13770,#13773,#13776,#13779,#13782,#13785,#13788,#13791,#13794,#13797,#13800,#13803,#13806,#13809,#13812,#13815,#13818,#13821,#13824,#13827,#13830,#13833,#13836,#13839,#13842,#13845,#13848,#13851,#13854,#13857,#13860,#13863,#13866,#13869,#13872,#13875,#13878,#13881,#13884,#13887,#13890,#13893,#13896,#13899,#13902,#13905,#13908,#13911,#13914,#13917,#13920,#13923,#13926,#13929,#13932,#13935,#13938,#13941,#13944,#13947,#13950,#13953,#13956,#13959,#13962,#13965,#13968,#13971,#13974,#13977,#13980,#13983,#13986,#13989,#13992,#13995,#13998,#14001,#14004,#14007,#14010,#14013,#14016,#14019,#14022,#14025,#14028,#14031,#14034,#14037,#14040,#14043,#14046,#14049,#14052,#14055,#14058,#14061,#14064,#14067,#14070,#14073,#14076,#14079,#14082,#14085,#14088,#14091,#14094,#14097,#14100,#14103,#14106,#14109,#14112,#14115,#14118,#14121,#14124,#14127,#14130,#14133,#14136,#14139,#14142,#14145,#14148,#14151,#14154,#14157,#14160,#14163,#14166,#14169,#14172,#14175,#14178,#14181,#14184,#14187,#14190,#14193,#14196,#14199,#14202,#14205,#14208,#14211,#14214,#14217,#14220,#14223,#14226,#14229,#14232,#14235,#14238,#14241,#14244,#14247,#14250,#14253,#14256,#14259,#14262,#14265,#14268,#14271,#14274,#14277,#14280,#14283,#14286,#14289,#14292,#14295,#14298,#14301,#14304,#14307,#14310,#14313,#14316,#14319,#14322,#14325,#14328,#14331,#14334,#14337,#14340,#14343,#14346,#14349,#14352,#14355,#14358,#14361,#14364,#14367,#14370,#14373,#14376,#14379,#14382,#14385,#14388,#14391,#14394,#14397,#14400,#14403,#14406,#14409,#14412,#14415,#14418,#14421,#14424,#14427,#14430,#14433,#14436,#14439,#14442,#14445,#14448,#14451,#14454,#14457,#14460,#14463,#14466,#14469,#14472,#14475,#14478,#14481,#14484,#14487,#14490,#14493,#14496,#14499,#14502,#14505,#14508,#14511,#14514,#14517,#14520,#14523,#14526,#14529,#14532,#14535,#14538,#14541,#14544,#14547,#14550,#14553,#14556,#14559,#14562,#14565,#14568,#14571,#14574,#14577,#14580,#14583,#14586,#14589,#14592,#14595,#14598,#14601,#14604,#14607,#14610,#14613,#14616,#14619,#14622,#14625,#14628,#14631,#14634,#14637,#14640,#14643,#14646,#14649,#14652,#14655,#14658,#14661,#14664,#14667,#14670,#14673,#14676,#14679,#14682,#14685,#14688,#14691,#14694,#14697,#14700,#14703,#14706,#14709,#14712,#14715,#14718,#14721,#14724,#14727,#14730,#14733));
#14735=IFCFACETEDBREP(#14734);
#14736=IFCSHAPEREPRESENTATION(#24,'Body','Brep',(#14735));
#14737=IFCAXIS2PLACEMENT3D(#3,$,$);
#14738=IFCREPRESENTATIONMAP(#14737,#14736);
#14739=IFCBUILDINGELEMENTPROXYTYPE('1RWt3Rffz2MRhkI7TvrsYT',#18,'Andamio Parametrico:1x1 - Escalera Vertical',$,$,$,(#14738),'1672917',$,.NOTDEFINED.);
#14740=IFCMAPPEDITEM(#14738,#2160);
#14741=IFCSHAPEREPRESENTATION(#24,'Body','MappedRepresentation',(#14740));
#14742=IFCPRODUCTDEFINITIONSHAPE($,$,(#14741));
#14743=IFCCARTESIANPOINT((-1.8808993055491963,3.6683064644689938,0.));
#14744=IFCDIRECTION((-0.70710586896197269,0.70710769340994584,0.));
#14745=IFCAXIS2PLACEMENT3D(#14743,#9,#14744);
#14746=IFCLOCALPLACEMENT(#34,#14745);
#14747=IFCBUILDINGELEMENTPROXY('1RWt3Rffz2MRhkI7TvrsYY',#18,'Andamio Parametrico:1x1 - Escalera Vertical:1712031',$,'Andamio Parametrico:1x1 - Escalera Vertical',#14746,#14742,'1712031',$);
#14748=IFCPROPERTYSET('0Bp$5ZC5bIKxYRcAai_3mm',#18,'Pset_BuildingElementProxyCommon',$,(#2169));
#14749=IFCPROPERTYSET('2jx3C1TT8LlHT8eoK1pXgM',#18,'Pset_QuantityTakeOff',$,(#2169));
#14750=IFCRELDEFINESBYPROPERTIES('2114AkD_CJ8wTXx8SEP7gd',#18,$,$,(#14747),#14748);
#14751=IFCRELDEFINESBYPROPERTIES('1m4ostD5AsZ4s$gb4FTlDw',#18,$,$,(#14747),#14749);
#14752=IFCMAPPEDITEM(#14738,#2160);
#14753=IFCSHAPEREPRESENTATION(#24,'Body','MappedRepresentation',(#14752));
#14754=IFCPRODUCTDEFINITIONSHAPE($,$,(#14753));
#14755=IFCCARTESIANPOINT((-2.9557029995323139,2.5935055436467964,0.));
#14756=IFCDIRECTION((-0.70710586896197269,0.70710769340994584,0.));
#14757=IFCAXIS2PLACEMENT3D(#14755,#9,#14756);
#14758=IFCLOCALPLACEMENT(#34,#14757);
#14759=IFCBUILDINGELEMENTPROXY('1RWt3Rffz2MRhkI7TvrsYV',#18,'Andamio Parametrico:1x1 - Escalera Vertical:1712034',$,'Andamio Parametrico:1x1 - Escalera Vertical',#14758,#14754,'1712034',$);
#14760=IFCPROPERTYSET('0oOdbdnypFMnHZfU9cK0AQ',#18,'Pset_BuildingElementProxyCommon',$,(#2169));
#14761=IFCPROPERTYSET('347uGyYDT3z7q0CXvG_56s',#18,'Pset_QuantityTakeOff',$,(#2169));
#14762=IFCRELDEFINESBYPROPERTIES('2aYXS4RSCgmNjo7qg11Mzd',#18,$,$,(#14759),#14760);
#14763=IFCRELDEFINESBYPROPERTIES('1o0fH9diFHFY4OENF6sPwH',#18,$,$,(#14759),#14761);
#14764=IFCAXIS2PLACEMENT3D(#14775,$,$);
#14766=IFCCARTESIANPOINT((-2.7071678232459818E-016,8.7471005778470444E-031));
#14767=IFCAXIS2PLACEMENT2D(#14766,#11);
#14768=IFCCIRCLEPROFILEDEF(.AREA.,'Tubos',#14767,0.10000000000000001);
#14769=IFCCARTESIANPOINT((1.5798874473147719,3.0981517845648843,3.9878927422333743));
#14770=IFCDIRECTION((0.80926408754780743,0.5874450073031644,0.));
#14771=IFCAXIS2PLACEMENT3D(#14769,#14770,#10);
#14772=IFCEXTRUDEDAREASOLID(#14768,#14771,#9,0.6568375093317762);
#14773=IFCSTYLEDITEM(#14772,(#10349),$);
#14774=IFCSHAPEREPRESENTATION(#24,'Body','SweptSolid',(#14772));
#14775=IFCCARTESIANPOINT((0.,0.,-2.048228339549961));
#14776=IFCAXIS2PLACEMENT3D(#3,$,$);
#14777=IFCREPRESENTATIONMAP(#14776,#14774);
#14778=IFCBUILDINGELEMENTPROXYTYPE('2hdYA7Pvr7JBfdxfkMx$Oz',#18,'Tubos:Tubos',$,$,$,(#14777),'1686352',$,.NOTDEFINED.);
#14779=IFCMAPPEDITEM(#14777,#2160);
#14780=IFCSHAPEREPRESENTATION(#24,'Body','MappedRepresentation',(#14779));
#14781=IFCPRODUCTDEFINITIONSHAPE($,$,(#14780));
#14782=IFCCARTESIANPOINT((1.6160462449170516,4.1424892027895828,-2.52689012850447));
#14783=IFCDIRECTION((-0.96105662967319527,0.14750104413864856,0.23369552100801477));
#14784=IFCDIRECTION((-0.18772999546756391,-0.96903469349227911,-0.1604032780527665));
#14785=IFCAXIS2PLACEMENT3D(#14782,#14783,#14784);
#14786=IFCLOCALPLACEMENT(#34,#14785);
#14787=IFCBUILDINGELEMENTPROXY('2hdYA7Pvr7JBfdxfkMx$Ow',#18,'Tubos:Tubos:1715265',$,'Tubos:Tubos',#14786,#14781,'1715265',$);
#14788=IFCPROPERTYSET('03ClZxOQdnzH5qgcUtYt66',#18,'Pset_BuildingElementProxyCommon',$,(#10370));
#14789=IFCPROPERTYSET('3AYC4wtHpRkJGhTo8TEqCb',#18,'Pset_QuantityTakeOff',$,(#10370));
#14790=IFCRELDEFINESBYPROPERTIES('2_9qfIlc44LMxG4NhTZLkr',#18,$,$,(#14787),#14788);
#14791=IFCRELDEFINESBYPROPERTIES('3y5qqoH$ZegduDOTtyaB6i',#18,$,$,(#14787),#14789);
#14792=IFCAXIS2PLACEMENT3D(#14803,$,$);
#14794=IFCCARTESIANPOINT((-2.7071678232459818E-016,8.7471005778470444E-031));
#14795=IFCAXIS2PLACEMENT2D(#14794,#11);
#14796=IFCCIRCLEPROFILEDEF(.AREA.,'Tubos',#14795,0.10000000000000001);
#14797=IFCCARTESIANPOINT((1.2725513489021241,2.8750564324362404,1.5470005549688897));
#14798=IFCDIRECTION((0.80926408754780765,0.58744500730316407,-0.));
#14799=IFCAXIS2PLACEMENT3D(#14797,#14798,#10);
#14800=IFCEXTRUDEDAREASOLID(#14796,#14799,#9,1.4163821453576326);
#14801=IFCSTYLEDITEM(#14800,(#10349),$);
#14802=IFCSHAPEREPRESENTATION(#24,'Body','SweptSolid',(#14800));
#14803=IFCCARTESIANPOINT((0.,0.,0.39266384771452323));
#14804=IFCAXIS2PLACEMENT3D(#3,$,$);
#14805=IFCREPRESENTATIONMAP(#14804,#14802);
#14806=IFCBUILDINGELEMENTPROXYTYPE('2hdYA7Pvr7JBfdxfkMx$Hv',#18,'Tubos:Tubos',$,$,$,(#14805),'1686352',$,.NOTDEFINED.);
#14807=IFCMAPPEDITEM(#14805,#2160);
#14808=IFCSHAPEREPRESENTATION(#24,'Body','MappedRepresentation',(#14807));
#14809=IFCPRODUCTDEFINITIONSHAPE($,$,(#14808));
#14810=IFCCARTESIANPOINT((1.4021477863536143,5.8480978330116145,0.3863725306353829));
#14811=IFCDIRECTION((0.42425357698864702,-0.90540167510558189,-0.016022144935823709));
#14812=IFCDIRECTION((-0.35077120403601864,-0.18062514772511656,0.91887655233355559));
#14813=IFCAXIS2PLACEMENT3D(#14810,#14811,#14812);
#14814=IFCLOCALPLACEMENT(#34,#14813);
#14815=IFCBUILDINGELEMENTPROXY('2hdYA7Pvr7JBfdxfkMx$U6',#18,'Tubos:Tubos:1715709',$,'Tubos:Tubos',#14814,#14809,'1715709',$);
#14816=IFCPROPERTYSET('1Fp5lUzd8NjTui5Zs3IzbO',#18,'Pset_BuildingElementProxyCommon',$,(#10370));
#14817=IFCPROPERTYSET('15NoTCSC1e5jACfy3TvjB7',#18,'Pset_QuantityTakeOff',$,(#10370));
#14818=IFCRELDEFINESBYPROPERTIES('3c8hoBLfLaU4MzHx2_4hD_',#18,$,$,(#14815),#14816);
#14819=IFCRELDEFINESBYPROPERTIES('1nr7gd20XaIjN1dE2PfvvQ',#18,$,$,(#14815),#14817);
#14820=IFCAXIS2PLACEMENT3D(#14831,$,$);
#14822=IFCCARTESIANPOINT((-2.7071678232459818E-016,8.7471005778470444E-031));
#14823=IFCAXIS2PLACEMENT2D(#14822,#11);
#14824=IFCCIRCLEPROFILEDEF(.AREA.,'Tubos',#14823,0.10000000000000001);
#14825=IFCCARTESIANPOINT((1.3552549707686097,2.9350910126170708,-4.2055334389849541));
#14826=IFCDIRECTION((0.80926408754780754,0.58744500730316407,0.));
#14827=IFCAXIS2PLACEMENT3D(#14825,#14826,#10);
#14828=IFCEXTRUDEDAREASOLID(#14824,#14827,#9,1.2119899743987319);
#14829=IFCSTYLEDITEM(#14828,(#10349),$);
#14830=IFCSHAPEREPRESENTATION(#24,'Body','SweptSolid',(#14828));
#14831=IFCCARTESIANPOINT((0.,0.,6.1451978416683675));
#14832=IFCAXIS2PLACEMENT3D(#3,$,$);
#14833=IFCREPRESENTATIONMAP(#14832,#14830);
#14834=IFCBUILDINGELEMENTPROXYTYPE('2hdYA7Pvr7JBfdxfkMx$KV',#18,'Tubos:Tubos',$,$,$,(#14833),'1686352',$,.NOTDEFINED.);
#14835=IFCMAPPEDITEM(#14833,#2160);
#14836=IFCSHAPEREPRESENTATION(#24,'Body','MappedRepresentation',(#14835));
#14837=IFCPRODUCTDEFINITIONSHAPE($,$,(#14836));
#14838=IFCCARTESIANPOINT((-3.0697966807865407,5.5729602922479877,6.252855766425661));
#14839=IFCDIRECTION((-0.67899424458710633,0.73393453338479442,0.017519033159079874));
#14840=IFCDIRECTION((0.4349347075938429,0.42137216851513298,-0.79578721762234461));
#14841=IFCAXIS2PLACEMENT3D(#14838,#14839,#14840);
#14842=IFCLOCALPLACEMENT(#34,#14841);
#14843=IFCBUILDINGELEMENTPROXY('2hdYA7Pvr7JBfdxfkMx$Ka',#18,'Tubos:Tubos:1716063',$,'Tubos:Tubos',#14842,#14837,'1716063',$);
#14844=IFCPROPERTYSET('3n1znj74G23bwHTf8_fdJu',#18,'Pset_BuildingElementProxyCommon',$,(#10370));
#14845=IFCPROPERTYSET('1naUyyIsYBWEueWe9geeub',#18,'Pset_QuantityTakeOff',$,(#10370));
#14846=IFCRELDEFINESBYPROPERTIES('2k8n3r74mWojfeUBma3qyU',#18,$,$,(#14843),#14844);
#14847=IFCRELDEFINESBYPROPERTIES('2Kbvk9kh4XtMru8keCcsmg',#18,$,$,(#14843),#14845);
#14848=IFCAXIS2PLACEMENT3D(#14859,$,$);
#14850=IFCCARTESIANPOINT((-2.7071678232459818E-016,8.7471005778470444E-031));
#14851=IFCAXIS2PLACEMENT2D(#14850,#11);
#14852=IFCCIRCLEPROFILEDEF(.AREA.,'Tubos',#14851,0.10000000000000001);
#14853=IFCCARTESIANPOINT((1.4338290832115674,2.9921279808554102,-2.1761134388376804));
#14854=IFCDIRECTION((0.80926408754780743,0.58744500730316429,0.));
#14855=IFCAXIS2PLACEMENT3D(#14853,#14854,#10);
#14856=IFCEXTRUDEDAREASOLID(#14852,#14855,#9,1.017803395130032);
#14857=IFCSTYLEDITEM(#14856,(#10349),$);
#14858=IFCSHAPEREPRESENTATION(#24,'Body','SweptSolid',(#14856));
#14859=IFCCARTESIANPOINT((0.,0.,4.1157778415210933));
#14860=IFCAXIS2PLACEMENT3D(#3,$,$);
#14861=IFCREPRESENTATIONMAP(#14860,#14858);
#14862=IFCBUILDINGELEMENTPROXYTYPE('2hdYA7Pvr7JBfdxfkMx_fo',#18,'Tubos:Tubos',$,$,$,(#14861),'1686352',$,.NOTDEFINED.);
#14863=IFCMAPPEDITEM(#14861,#2160);
#14864=IFCSHAPEREPRESENTATION(#24,'Body','MappedRepresentation',(#14863));
#14865=IFCPRODUCTDEFINITIONSHAPE($,$,(#14864));
#14866=IFCCARTESIANPOINT((-5.2721234463121425,0.69863645085996329,5.9295360130434149));
#14867=IFCDIRECTION((-0.081035642630227042,-0.89399702494574806,0.44068417717414987));
#14868=IFCDIRECTION((0.073817983425392697,-0.44630716252996094,-0.89183004098172391));
#14869=IFCAXIS2PLACEMENT3D(#14866,#14867,#14868);
#14870=IFCLOCALPLACEMENT(#34,#14869);
#14871=IFCBUILDINGELEMENTPROXY('2hdYA7Pvr7JBfdxfkMx_f$',#18,'Tubos:Tubos:1716228',$,'Tubos:Tubos',#14870,#14865,'1716228',$);
#14872=IFCPROPERTYSET('3jWMhN8nQFzEABR5JJBvVW',#18,'Pset_BuildingElementProxyCommon',$,(#10370));
#14873=IFCPROPERTYSET('1TcwUGZ47jc8q_xP_nB$rm',#18,'Pset_QuantityTakeOff',$,(#10370));
#14874=IFCRELDEFINESBYPROPERTIES('0zdswufIopZvb9SOPzPNgI',#18,$,$,(#14871),#14872);
#14875=IFCRELDEFINESBYPROPERTIES('2d6MS$Yz44aVv2N_mTTDRA',#18,$,$,(#14871),#14873);
#14876=IFCAXIS2PLACEMENT3D(#14887,$,$);
#14878=IFCCARTESIANPOINT((-2.7071678232459818E-016,8.7471005778470444E-031));
#14879=IFCAXIS2PLACEMENT2D(#14878,#11);
#14880=IFCCIRCLEPROFILEDEF(.AREA.,'Tubos',#14879,0.10000000000000001);
#14881=IFCCARTESIANPOINT((1.2347311922974491,2.8476027711225873,0.002217610577646753));
#14882=IFCDIRECTION((0.80926408754780776,0.58744500730316385,-0.));
#14883=IFCAXIS2PLACEMENT3D(#14881,#14882,#10);
#14884=IFCEXTRUDEDAREASOLID(#14880,#14883,#9,1.5098501669506237);
#14885=IFCSTYLEDITEM(#14884,(#10349),$);
#14886=IFCSHAPEREPRESENTATION(#24,'Body','SweptSolid',(#14884));
#14887=IFCCARTESIANPOINT((0.,0.,1.9374467921057663));
#14888=IFCAXIS2PLACEMENT3D(#3,$,$);
#14889=IFCREPRESENTATIONMAP(#14888,#14886);
#14890=IFCBUILDINGELEMENTPROXYTYPE('2hdYA7Pvr7JBfdxfkMx_Yy',#18,'Tubos:Tubos',$,$,$,(#14889),'1686352',$,.NOTDEFINED.);
#14891=IFCMAPPEDITEM(#14889,#2160);
#14892=IFCSHAPEREPRESENTATION(#24,'Body','MappedRepresentation',(#14891));
#14893=IFCPRODUCTDEFINITIONSHAPE($,$,(#14892));
#14894=IFCCARTESIANPOINT((-0.69091495586476259,0.96506042409644466,2.6627368485385001));
#14895=IFCDIRECTION((-0.92709530660725592,-0.018807523469297777,0.37435353548183536));
#14896=IFCDIRECTION((0.31703070913055981,-0.57216061377589111,0.75638863126819278));
#14897=IFCAXIS2PLACEMENT3D(#14894,#14895,#14896);
#14898=IFCLOCALPLACEMENT(#34,#14897);
#14899=IFCBUILDINGELEMENTPROXY('2hdYA7Pvr7JBfdxfkMx_Yv',#18,'Tubos:Tubos:1716930',$,'Tubos:Tubos',#14898,#14893,'1716930',$);
#14900=IFCPROPERTYSET('37b9PaYsS6TEgAgvCmh9zp',#18,'Pset_BuildingElementProxyCommon',$,(#10370));
#14901=IFCPROPERTYSET('2mdKfh2fAL3XBND8VOV6gk',#18,'Pset_QuantityTakeOff',$,(#10370));
#14902=IFCRELDEFINESBYPROPERTIES('2FKt52UKlx2XLOZ0ExSnUn',#18,$,$,(#14899),#14900);
#14903=IFCRELDEFINESBYPROPERTIES('2AvJtAVxvM_Z348eCnrgTV',#18,$,$,(#14899),#14901);
#14904=IFCAXIS2PLACEMENT3D(#3,$,$);
#14905=IFCLOCALPLACEMENT(#34,#14914);
#14906=IFCCARTESIANPOINT((-3.7618064633099046,1.2500036993288055,0.));
#14907=IFCCARTESIANPOINT((-3.6818064633099041,1.2500036993288053,0.));
#14908=IFCPOLYLINE((#14906,#14907));
#14909=IFCGEOMETRICCURVESET((#14908));
#14910=IFCPRESENTATIONSTYLEASSIGNMENT((#12006));
#14911=IFCSTYLEDITEM(#14909,(#14910),$);
#14912=IFCSHAPEREPRESENTATION(#12009,'Annotation','GeometricSet',(#14909));
#14913=IFCPRODUCTDEFINITIONSHAPE($,$,(#14912));
#14914=IFCAXIS2PLACEMENT3D(#3,$,$);
#14915=IFCANNOTATION('2hdYA7Pvr7JBfdxfkMx_vv',#18,'Model Lines:1717250',$,$,#14905,#14913);
#14916=IFCAXIS2PLACEMENT3D(#3,$,$);
#14917=IFCLOCALPLACEMENT(#38,#14926);
#14918=IFCCARTESIANPOINT((1.0999995395908697,2.8399999999999697,0.3974999999999313));
#14919=IFCCARTESIANPOINT((1.099999539590871,3.5399999999999694,0.39749999999994157));
#14920=IFCPOLYLINE((#14918,#14919));
#14921=IFCGEOMETRICCURVESET((#14920));
#14922=IFCPRESENTATIONSTYLEASSIGNMENT((#12006));
#14923=IFCSTYLEDITEM(#14921,(#14922),$);
#14924=IFCSHAPEREPRESENTATION(#12009,'Annotation','GeometricSet',(#14921));
#14925=IFCPRODUCTDEFINITIONSHAPE($,$,(#14924));
#14926=IFCAXIS2PLACEMENT3D(#3,$,$);
#14927=IFCANNOTATION('2hdYA7Pvr7JBfdxfkMx_uQ',#18,'Model Lines:1717345',$,$,#14917,#14925);
#14928=IFCAXIS2PLACEMENT3D(#14939,$,$);
#14930=IFCCARTESIANPOINT((-2.7071678232459843E-016,-7.951561108488044E-017));
#14931=IFCAXIS2PLACEMENT2D(#14930,#11);
#14932=IFCCIRCLEPROFILEDEF(.AREA.,'Tubos',#14931,0.10000000000000001);
#14933=IFCCARTESIANPOINT((0.7512426168168953,2.4966382910172085,-2.0063558004418507));
#14934=IFCDIRECTION((0.80926408754780765,0.58744500730316396,-0.));
#14935=IFCAXIS2PLACEMENT3D(#14933,#14934,#10);
#14936=IFCEXTRUDEDAREASOLID(#14932,#14935,#9,2.7047347118600515);
#14937=IFCSTYLEDITEM(#14936,(#10349),$);
#14938=IFCSHAPEREPRESENTATION(#24,'Body','SweptSolid',(#14936));
#14939=IFCCARTESIANPOINT((0.,0.,3.9460202031252636));
#14940=IFCAXIS2PLACEMENT3D(#3,$,$);
#14941=IFCREPRESENTATIONMAP(#14940,#14938);
#14942=IFCBUILDINGELEMENTPROXYTYPE('2hdYA7Pvr7JBfdxfkMx_zb',#18,'Tubos:Tubos',$,$,$,(#14941),'1686352',$,.NOTDEFINED.);
#14943=IFCMAPPEDITEM(#14941,#2160);
#14944=IFCSHAPEREPRESENTATION(#24,'Body','MappedRepresentation',(#14943));
#14945=IFCPRODUCTDEFINITIONSHAPE($,$,(#14944));
#14946=IFCCARTESIANPOINT((-0.97761028855493526,6.036265292807494,1.6728710829896942));
#14947=IFCDIRECTION((-0.81740315775221517,0.0023612358573234789,-0.57606119662925859));
#14948=IFCDIRECTION((0.57606276853300009,0.0067184351908962658,-0.81737784979694728));
#14949=IFCAXIS2PLACEMENT3D(#14946,#14947,#14948);
#14950=IFCLOCALPLACEMENT(#34,#14949);
#14951=IFCBUILDINGELEMENTPROXY('2hdYA7Pvr7JBfdxfkMx_zY',#18,'Tubos:Tubos:1717529',$,'Tubos:Tubos',#14950,#14945,'1717529',$);
#14952=IFCPROPERTYSET('36BYp7qFQmb4YWGGFUGPmC',#18,'Pset_BuildingElementProxyCommon',$,(#10370));
#14953=IFCPROPERTYSET('3qqu2nBu__Vi$x9iExdT28',#18,'Pset_QuantityTakeOff',$,(#10370));
#14954=IFCRELDEFINESBYPROPERTIES('0p_Fvft6DKaDoP5Xlx632w',#18,$,$,(#14951),#14952);
#14955=IFCRELDEFINESBYPROPERTIES('0crj8$33yApYVDkL$lnlVG',#18,$,$,(#14951),#14953);
#14956=IFCAXIS2PLACEMENT3D(#14967,$,$);
#14958=IFCCARTESIANPOINT((-2.7071678232459818E-016,8.7471005778470444E-031));
#14959=IFCAXIS2PLACEMENT2D(#14958,#11);
#14960=IFCCIRCLEPROFILEDEF(.AREA.,'Tubos',#14959,0.10000000000000001);
#14961=IFCCARTESIANPOINT((1.3843609613749683,2.9562190586126968,-4.0158937310611122));
#14962=IFCDIRECTION((0.80926408754780754,0.58744500730316418,0.));
#14963=IFCAXIS2PLACEMENT3D(#14961,#14962,#10);
#14964=IFCEXTRUDEDAREASOLID(#14960,#14963,#9,1.1400579782698679);
#14965=IFCSTYLEDITEM(#14964,(#10349),$);
#14966=IFCSHAPEREPRESENTATION(#24,'Body','SweptSolid',(#14964));
#14967=IFCCARTESIANPOINT((0.,0.,5.9555581337445256));
#14968=IFCAXIS2PLACEMENT3D(#3,$,$);
#14969=IFCREPRESENTATIONMAP(#14968,#14966);
#14970=IFCBUILDINGELEMENTPROXYTYPE('2hdYA7Pvr7JBfdxfkMx_yd',#18,'Tubos:Tubos',$,$,$,(#14969),'1686352',$,.NOTDEFINED.);
#14971=IFCMAPPEDITEM(#14969,#2160);
#14972=IFCSHAPEREPRESENTATION(#24,'Body','MappedRepresentation',(#14971));
#14973=IFCPRODUCTDEFINITIONSHAPE($,$,(#14972));
#14974=IFCCARTESIANPOINT((-0.51838155915145978,6.0434972928916295,7.268033446786049));
#14975=IFCDIRECTION((-0.46239072711214502,0.85885287139947963,0.22037822208551122));
#14976=IFCDIRECTION((0.71683517334654634,0.50837410513649883,-0.4771824635083427));
#14977=IFCAXIS2PLACEMENT3D(#14974,#14975,#14976);
#14978=IFCLOCALPLACEMENT(#34,#14977);
#14979=IFCBUILDINGELEMENTPROXY('2hdYA7Pvr7JBfdxfkMx_yi',#18,'Tubos:Tubos:1717591',$,'Tubos:Tubos',#14978,#14973,'1717591',$);
#14980=IFCPROPERTYSET('0Pxo0Zja2zDVbblbWhGOPK',#18,'Pset_BuildingElementProxyCommon',$,(#10370));
#14981=IFCPROPERTYSET('2HN6fVMzjD8bE4z3yNiW_p',#18,'Pset_QuantityTakeOff',$,(#10370));
#14982=IFCRELDEFINESBYPROPERTIES('25wHL6ymD6fhEJwJIOxco7',#18,$,$,(#14979),#14980);
#14983=IFCRELDEFINESBYPROPERTIES('008EwQmvcQhWUfU$lIFiZI',#18,$,$,(#14979),#14981);
#14984=IFCAXIS2PLACEMENT3D(#14995,$,$);
#14986=IFCCARTESIANPOINT((-2.7071678232459818E-016,8.7471005778470444E-031));
#14987=IFCAXIS2PLACEMENT2D(#14986,#11);
#14988=IFCCIRCLEPROFILEDEF(.AREA.,'Tubos',#14987,0.10000000000000001);
#14989=IFCCARTESIANPOINT((1.6199676958806726,3.1272460472089278,-1.4064591284704697));
#14990=IFCDIRECTION((0.80926408754780743,0.58744500730316418,0.));
#14991=IFCAXIS2PLACEMENT3D(#14989,#14990,#10);
#14992=IFCEXTRUDEDAREASOLID(#14988,#14991,#9,0.55778393910021185);
#14993=IFCSTYLEDITEM(#14992,(#10349),$);
#14994=IFCSHAPEREPRESENTATION(#24,'Body','SweptSolid',(#14992));
#14995=IFCCARTESIANPOINT((0.,0.,3.3461235311538826));
#14996=IFCAXIS2PLACEMENT3D(#3,$,$);
#14997=IFCREPRESENTATIONMAP(#14996,#14994);
#14998=IFCBUILDINGELEMENTPROXYTYPE('2hdYA7Pvr7JBfdxfkMx_md',#18,'Tubos:Tubos',$,$,$,(#14997),'1686352',$,.NOTDEFINED.);
#14999=IFCMAPPEDITEM(#14997,#2160);
#15000=IFCSHAPEREPRESENTATION(#24,'Body','MappedRepresentation',(#14999));
#15001=IFCPRODUCTDEFINITIONSHAPE($,$,(#15000));
#15002=IFCCARTESIANPOINT((1.1900602575442636,-0.084115266405297304,6.0043542131773187));
#15003=IFCDIRECTION((-0.57939006286236738,0.18221549511982507,0.79442096422147568));
#15004=IFCDIRECTION((0.49393730671734054,0.85381378112367967,0.16440183756912555));
#15005=IFCAXIS2PLACEMENT3D(#15002,#15003,#15004);
#15006=IFCLOCALPLACEMENT(#34,#15005);
#15007=IFCBUILDINGELEMENTPROXY('2hdYA7Pvr7JBfdxfkMx_mi',#18,'Tubos:Tubos:1717847',$,'Tubos:Tubos',#15006,#15001,'1717847',$);
#15008=IFCPROPERTYSET('1WV1L8pIE3q8HVmA3qAciP',#18,'Pset_BuildingElementProxyCommon',$,(#10370));
#15009=IFCPROPERTYSET('0mpHQCNlq3qlKN01SlX$Ep',#18,'Pset_QuantityTakeOff',$,(#10370));
#15010=IFCRELDEFINESBYPROPERTIES('0lDIk9aNwBCLg5VvpKm6fy',#18,$,$,(#15007),#15008);
#15011=IFCRELDEFINESBYPROPERTIES('3hHdhdbN$Ji1XnLsfetUEZ',#18,$,$,(#15007),#15009);
#15012=IFCAXIS2PLACEMENT3D(#15023,$,$);
#15014=IFCCARTESIANPOINT((-2.7071678232459818E-016,8.7471005778470444E-031));
#15015=IFCAXIS2PLACEMENT2D(#15014,#11);
#15016=IFCCIRCLEPROFILEDEF(.AREA.,'Tubos',#15015,0.10000000000000001);
#15017=IFCCARTESIANPOINT((1.6399872557351003,3.1417782508070462,-0.3578983327874844));
#15018=IFCDIRECTION((0.80926408754780765,0.58744500730316396,-0.));
#15019=IFCAXIS2PLACEMENT3D(#15017,#15018,#10);
#15020=IFCEXTRUDEDAREASOLID(#15016,#15019,#9,0.5083079765251487);
#15021=IFCSTYLEDITEM(#15020,(#10349),$);
#15022=IFCSHAPEREPRESENTATION(#24,'Body','SweptSolid',(#15020));
#15023=IFCCARTESIANPOINT((0.,0.,2.2975627354708976));
#15024=IFCAXIS2PLACEMENT3D(#3,$,$);
#15025=IFCREPRESENTATIONMAP(#15024,#15022);
#15026=IFCBUILDINGELEMENTPROXYTYPE('2hdYA7Pvr7JBfdxfkMx_pQ',#18,'Tubos:Tubos',$,$,$,(#15025),'1686352',$,.NOTDEFINED.);
#15027=IFCMAPPEDITEM(#15025,#2160);
#15028=IFCSHAPEREPRESENTATION(#24,'Body','MappedRepresentation',(#15027));
#15029=IFCPRODUCTDEFINITIONSHAPE($,$,(#15028));
#15030=IFCCARTESIANPOINT((1.4011952764675419,-1.3726618483985287,3.8314758006051703));
#15031=IFCDIRECTION((-0.73455861554253232,-0.12123904108327235,0.66762619425053027));
#15032=IFCDIRECTION((0.43759769867964876,0.66732166987570574,0.60265250603027853));
#15033=IFCAXIS2PLACEMENT3D(#15030,#15031,#15032);
#15034=IFCLOCALPLACEMENT(#34,#15033);
#15035=IFCBUILDINGELEMENTPROXY('2hdYA7Pvr7JBfdxfkMx_pd',#18,'Tubos:Tubos:1717916',$,'Tubos:Tubos',#15034,#15029,'1717916',$);
#15036=IFCPROPERTYSET('19r42g63a0403C6aoy1g1j',#18,'Pset_BuildingElementProxyCommon',$,(#10370));
#15037=IFCPROPERTYSET('2My3D8oO2F6DPfzCREVOSJ',#18,'Pset_QuantityTakeOff',$,(#10370));
#15038=IFCRELDEFINESBYPROPERTIES('3WahMLohpKn6yPfCH61DOt',#18,$,$,(#15035),#15036);
#15039=IFCRELDEFINESBYPROPERTIES('3wy1waJVkffpkLMttHdGeR',#18,$,$,(#15035),#15037);
#15040=IFCAXIS2PLACEMENT3D(#15051,$,$);
#15042=IFCCARTESIANPOINT((-2.7071678232459843E-016,-7.9515611084880452E-017));
#15043=IFCAXIS2PLACEMENT2D(#15042,#11);
#15044=IFCCIRCLEPROFILEDEF(.AREA.,'Tubos',#15043,0.10000000000000001);
#15045=IFCCARTESIANPOINT((1.1022010317506201,2.7513990938208659,2.4231633927941174));
#15046=IFCDIRECTION((0.80926408754780765,0.58744500730316407,-0.));
#15047=IFCAXIS2PLACEMENT3D(#15045,#15046,#10);
#15048=IFCEXTRUDEDAREASOLID(#15044,#15047,#9,1.837382705675815);
#15049=IFCSTYLEDITEM(#15048,(#10349),$);
#15050=IFCSHAPEREPRESENTATION(#24,'Body','SweptSolid',(#15048));
#15051=IFCCARTESIANPOINT((0.,0.,-0.48349899011070435));
#15052=IFCAXIS2PLACEMENT3D(#3,$,$);
#15053=IFCREPRESENTATIONMAP(#15052,#15050);
#15054=IFCBUILDINGELEMENTPROXYTYPE('2hdYA7Pvr7JBfdxfkMx_q_',#18,'Tubos:Tubos',$,$,$,(#15053),'1686352',$,.NOTDEFINED.);
#15055=IFCMAPPEDITEM(#15053,#2160);
#15056=IFCSHAPEREPRESENTATION(#24,'Body','MappedRepresentation',(#15055));
#15057=IFCPRODUCTDEFINITIONSHAPE($,$,(#15056));
#15058=IFCCARTESIANPOINT((1.4579454423821951,-1.4723560685882211,-0.557731990418049));
#15059=IFCDIRECTION((-0.92948544482950846,0.33538702659076935,0.1535328962948771));
#15060=IFCDIRECTION((0.058613139579261481,-0.27665274697942843,0.95918077412831748));
#15061=IFCAXIS2PLACEMENT3D(#15058,#15059,#15060);
#15062=IFCLOCALPLACEMENT(#34,#15061);
#15063=IFCBUILDINGELEMENTPROXY('2hdYA7Pvr7JBfdxfkMx_qx',#18,'Tubos:Tubos:1718080',$,'Tubos:Tubos',#15062,#15057,'1718080',$);
#15064=IFCPROPERTYSET('2yjjrvJH5HBJIxIoAt_2lk',#18,'Pset_BuildingElementProxyCommon',$,(#10370));
#15065=IFCPROPERTYSET('3SHV_1Vlm2QLZORfg3MlaZ',#18,'Pset_QuantityTakeOff',$,(#10370));
#15066=IFCRELDEFINESBYPROPERTIES('1Q4L79rx7WLFAmuPmfV8OL',#18,$,$,(#15063),#15064);
#15067=IFCRELDEFINESBYPROPERTIES('1UYeMqsJv1RZuTGzeiFy_n',#18,$,$,(#15063),#15065);
#15068=IFCAXIS2PLACEMENT3D(#15079,$,$);
#15070=IFCCARTESIANPOINT((-2.7071678232459818E-016,8.7471005778470444E-031));
#15071=IFCAXIS2PLACEMENT2D(#15070,#11);
#15072=IFCCIRCLEPROFILEDEF(.AREA.,'Tubos',#15071,0.10000000000000001);
#15073=IFCCARTESIANPOINT((1.6420157783725191,3.1432507559062954,3.6907347393271248));
#15074=IFCDIRECTION((0.80926408754780799,0.58744500730316362,-0.));
#15075=IFCAXIS2PLACEMENT3D(#15073,#15074,#10);
#15076=IFCEXTRUDEDAREASOLID(#15072,#15075,#9,0.50329472394510288);
#15077=IFCSTYLEDITEM(#15076,(#10349),$);
#15078=IFCSHAPEREPRESENTATION(#24,'Body','SweptSolid',(#15076));
#15079=IFCCARTESIANPOINT((0.,0.,-1.7510703366437117));
#15080=IFCAXIS2PLACEMENT3D(#3,$,$);
#15081=IFCREPRESENTATIONMAP(#15080,#15078);
#15082=IFCBUILDINGELEMENTPROXYTYPE('2hdYA7Pvr7JBfdxfkMx_t2',#18,'Tubos:Tubos',$,$,$,(#15081),'1686352',$,.NOTDEFINED.);
#15083=IFCMAPPEDITEM(#15081,#2160);
#15084=IFCSHAPEREPRESENTATION(#24,'Body','MappedRepresentation',(#15083));
#15085=IFCPRODUCTDEFINITIONSHAPE($,$,(#15084));
#15086=IFCCARTESIANPOINT((1.6703455795354802,4.2877148014936628,-2.9465855061955728));
#15087=IFCDIRECTION((-0.71860675746667668,0.13220695960860573,0.6827339510777809));
#15088=IFCDIRECTION((-0.37297464019133852,-0.90188551922476279,-0.21792757509507962));
#15089=IFCAXIS2PLACEMENT3D(#15086,#15087,#15088);
#15090=IFCLOCALPLACEMENT(#34,#15089);
#15091=IFCBUILDINGELEMENTPROXY('2hdYA7Pvr7JBfdxfkMx_tF',#18,'Tubos:Tubos:1718196',$,'Tubos:Tubos',#15090,#15085,'1718196',$);
#15092=IFCPROPERTYSET('0eB7wdKRIJKT69zvO1z_aw',#18,'Pset_BuildingElementProxyCommon',$,(#10370));
#15093=IFCPROPERTYSET('0xhG0apgAsIlk0tKDgYLCE',#18,'Pset_QuantityTakeOff',$,(#10370));
#15094=IFCRELDEFINESBYPROPERTIES('0ED1qICoR79qQRJjhHD4xb',#18,$,$,(#15091),#15092);
#15095=IFCRELDEFINESBYPROPERTIES('3yK3neibMSbe2G9SIZQ_Gc',#18,$,$,(#15091),#15093);
#15096=IFCAXIS2PLACEMENT3D(#15107,$,$);
#15098=IFCCARTESIANPOINT((-2.7071678232459818E-016,8.7471005778470444E-031));
#15099=IFCAXIS2PLACEMENT2D(#15098,#11);
#15100=IFCCIRCLEPROFILEDEF(.AREA.,'Tubos',#15099,0.10000000000000001);
#15101=IFCCARTESIANPOINT((1.3959435410268863,2.9646268561325742,2.1112903866780224));
#15102=IFCDIRECTION((0.80926408754780754,0.58744500730316418,0.));
#15103=IFCAXIS2PLACEMENT3D(#15101,#15102,#10);
#15104=IFCEXTRUDEDAREASOLID(#15100,#15103,#9,1.1114330094120128);
#15105=IFCSTYLEDITEM(#15104,(#10349),$);
#15106=IFCSHAPEREPRESENTATION(#24,'Body','SweptSolid',(#15104));
#15107=IFCCARTESIANPOINT((0.,0.,-0.17162598399460924));
#15108=IFCAXIS2PLACEMENT3D(#3,$,$);
#15109=IFCREPRESENTATIONMAP(#15108,#15106);
#15110=IFCBUILDINGELEMENTPROXYTYPE('2hdYA7Pvr7JBfdxfkMx_9S',#18,'Tubos:Tubos',$,$,$,(#15109),'1686352',$,.NOTDEFINED.);
#15111=IFCMAPPEDITEM(#15109,#2160);
#15112=IFCSHAPEREPRESENTATION(#24,'Body','MappedRepresentation',(#15111));
#15113=IFCPRODUCTDEFINITIONSHAPE($,$,(#15112));
#15114=IFCCARTESIANPOINT((2.4899669870725094,5.9141975723062448,-0.17162598399461265));
#15115=IFCDIRECTION((-0.99947390160335037,0.032433316416556224,0.));
#15116=IFCDIRECTION((-0.026247118216005446,-0.80883833500888236,-0.58744500730316362));
#15117=IFCAXIS2PLACEMENT3D(#15114,#15115,#15116);
#15118=IFCLOCALPLACEMENT(#34,#15117);
#15119=IFCBUILDINGELEMENTPROXY('2hdYA7Pvr7JBfdxfkMx_9P',#18,'Tubos:Tubos:1718306',$,'Tubos:Tubos',#15118,#15113,'1718306',$);
#15120=IFCPROPERTYSET('1gNHh_SuvffeTC2fxBIlpN',#18,'Pset_BuildingElementProxyCommon',$,(#10370));
#15121=IFCPROPERTYSET('0WgvAmSnKjmpviUtC4k67$',#18,'Pset_QuantityTakeOff',$,(#10370));
#15122=IFCRELDEFINESBYPROPERTIES('1TnD7ttTInHEJ_EpmLC4rC',#18,$,$,(#15119),#15120);
#15123=IFCRELDEFINESBYPROPERTIES('0scrg6JWmxw4LaERnx7mPm',#18,$,$,(#15119),#15121);
#15124=IFCAXIS2PLACEMENT3D(#15135,$,$);
#15126=IFCCARTESIANPOINT((-2.7071678232459843E-016,-7.951561108488044E-017));
#15127=IFCAXIS2PLACEMENT2D(#15126,#11);
#15128=IFCCIRCLEPROFILEDEF(.AREA.,'Tubos',#15127,0.10000000000000001);
#15129=IFCCARTESIANPOINT((1.0881175668706913,2.7411759030768987,3.6423578752209109));
#15130=IFCDIRECTION((0.80926408754780765,0.58744500730316396,-0.));
#15131=IFCAXIS2PLACEMENT3D(#15129,#15130,#10);
#15132=IFCEXTRUDEDAREASOLID(#15128,#15131,#9,1.8721883151094514);
#15133=IFCSTYLEDITEM(#15132,(#10349),$);
#15134=IFCSHAPEREPRESENTATION(#24,'Body','SweptSolid',(#15132));
#15135=IFCCARTESIANPOINT((0.,0.,-1.7026934725374983));
#15136=IFCAXIS2PLACEMENT3D(#3,$,$);
#15137=IFCREPRESENTATIONMAP(#15136,#15134);
#15138=IFCBUILDINGELEMENTPROXYTYPE('2hdYA7Pvr7JBfdxfkMx_CT',#18,'Tubos:Tubos',$,$,$,(#15137),'1686352',$,.NOTDEFINED.);
#15139=IFCMAPPEDITEM(#15137,#2160);
#15140=IFCSHAPEREPRESENTATION(#24,'Body','MappedRepresentation',(#15139));
#15141=IFCPRODUCTDEFINITIONSHAPE($,$,(#15140));
#15142=IFCCARTESIANPOINT((-2.992552808505498,-0.35560801880788523,-2.0040951096133468));
#15143=IFCDIRECTION((0.31079970412300773,0.93384654436322689,0.17701461944684294));
#15144=IFCDIRECTION((-0.30893882569472014,-0.076871827874871568,0.94797021264254056));
#15145=IFCAXIS2PLACEMENT3D(#15142,#15143,#15144);
#15146=IFCLOCALPLACEMENT(#34,#15145);
#15147=IFCBUILDINGELEMENTPROXY('2hdYA7Pvr7JBfdxfkMx_CQ',#18,'Tubos:Tubos:1718625',$,'Tubos:Tubos',#15146,#15141,'1718625',$);
#15148=IFCPROPERTYSET('3OXOxoIMymZqxG7LXYkQYU',#18,'Pset_BuildingElementProxyCommon',$,(#10370));
#15149=IFCPROPERTYSET('2iRtOqXTuoiZINVT7Hw68m',#18,'Pset_QuantityTakeOff',$,(#10370));
#15150=IFCRELDEFINESBYPROPERTIES('0oSp_pUcf_ZQw9Nh28cl$V',#18,$,$,(#15147),#15148);
#15151=IFCRELDEFINESBYPROPERTIES('3Y72v9$B6f2HR8fh8Tp6tu',#18,$,$,(#15147),#15149);
#15152=IFCAXIS2PLACEMENT3D(#15163,$,$);
#15154=IFCCARTESIANPOINT((-2.7071678232459818E-016,8.7471005778470444E-031));
#15155=IFCAXIS2PLACEMENT2D(#15154,#11);
#15156=IFCCIRCLEPROFILEDEF(.AREA.,'Tubos',#15155,0.10000000000000001);
#15157=IFCCARTESIANPOINT((1.5282584810182367,3.060674304778249,-2.9774284381795479));
#15158=IFCDIRECTION((0.80926408754780732,0.58744500730316451,0.));
#15159=IFCAXIS2PLACEMENT3D(#15157,#15158,#10);
#15160=IFCEXTRUDEDAREASOLID(#15156,#15159,#9,0.78443236270771133);
#15161=IFCSTYLEDITEM(#15160,(#10349),$);
#15162=IFCSHAPEREPRESENTATION(#24,'Body','SweptSolid',(#15160));
#15163=IFCCARTESIANPOINT((0.,0.,4.9170928408629608));
#15164=IFCAXIS2PLACEMENT3D(#3,$,$);
#15165=IFCREPRESENTATIONMAP(#15164,#15162);
#15166=IFCBUILDINGELEMENTPROXYTYPE('2hdYA7Pvr7JBfdxfkMx_5d',#18,'Tubos:Tubos',$,$,$,(#15165),'1686352',$,.NOTDEFINED.);
#15167=IFCMAPPEDITEM(#15165,#2160);
#15168=IFCSHAPEREPRESENTATION(#24,'Body','MappedRepresentation',(#15167));
#15169=IFCPRODUCTDEFINITIONSHAPE($,$,(#15168));
#15170=IFCCARTESIANPOINT((-1.7746433896068665,3.9786150688206998,8.9299209172865144));
#15171=IFCDIRECTION((-0.28022476576887567,-0.50542917587068137,0.81609768338628597));
#15172=IFCDIRECTION((-0.64081835468199611,-0.53449199789507684,-0.55106273734375188));
#15173=IFCAXIS2PLACEMENT3D(#15170,#15171,#15172);
#15174=IFCLOCALPLACEMENT(#34,#15173);
#15175=IFCBUILDINGELEMENTPROXY('2hdYA7Pvr7JBfdxfkMx_5i',#18,'Tubos:Tubos:1719063',$,'Tubos:Tubos',#15174,#15169,'1719063',$);
#15176=IFCPROPERTYSET('3pqYAYtZfF3xQCz_CYRLmR',#18,'Pset_BuildingElementProxyCommon',$,(#10370));
#15177=IFCPROPERTYSET('3UgLH$_QAfOsIhZNu7Iifq',#18,'Pset_QuantityTakeOff',$,(#10370));
#15178=IFCRELDEFINESBYPROPERTIES('2rQ_tWYstSB_R3tLPeWRgV',#18,$,$,(#15175),#15176);
#15179=IFCRELDEFINESBYPROPERTIES('19MegpgG358ROcJYC8Dq5S',#18,$,$,(#15175),#15177);
#15180=IFCAXIS2PLACEMENT3D(#15191,$,$);
#15182=IFCCARTESIANPOINT((-2.7071678232459818E-016,8.7471005778470444E-031));
#15183=IFCAXIS2PLACEMENT2D(#15182,#11);
#15184=IFCCIRCLEPROFILEDEF(.AREA.,'Tubos',#15183,0.10000000000000001);
#15185=IFCCARTESIANPOINT((1.3853513706576595,2.9569379969632998,-5.7431670590236159));
#15186=IFCDIRECTION((0.80926408754780776,0.58744500730316374,-0.));
#15187=IFCAXIS2PLACEMENT3D(#15185,#15186,#10);
#15188=IFCEXTRUDEDAREASOLID(#15184,#15187,#9,1.1376102994517165);
#15189=IFCSTYLEDITEM(#15188,(#10349),$);
#15190=IFCSHAPEREPRESENTATION(#24,'Body','SweptSolid',(#15188));
#15191=IFCCARTESIANPOINT((0.,0.,7.6828314617070292));
#15192=IFCAXIS2PLACEMENT3D(#3,$,$);
#15193=IFCREPRESENTATIONMAP(#15192,#15190);
#15194=IFCBUILDINGELEMENTPROXYTYPE('2hdYA7Pvr7JBfdxfkMx_Od',#18,'Tubos:Tubos',$,$,$,(#15193),'1686352',$,.NOTDEFINED.);
#15195=IFCMAPPEDITEM(#15193,#2160);
#15196=IFCSHAPEREPRESENTATION(#24,'Body','MappedRepresentation',(#15195));
#15197=IFCPRODUCTDEFINITIONSHAPE($,$,(#15196));
#15198=IFCCARTESIANPOINT((3.7169143125674258,1.987449670607474,10.994615597938507));
#15199=IFCDIRECTION((0.83949106068500334,0.33081637842362971,0.43106296848214865));
#15200=IFCDIRECTION((0.54206181786743945,-0.56495311441529361,-0.62209080054499055));
#15201=IFCAXIS2PLACEMENT3D(#15198,#15199,#15200);
#15202=IFCLOCALPLACEMENT(#34,#15201);
#15203=IFCBUILDINGELEMENTPROXY('2hdYA7Pvr7JBfdxfkMx_Oi',#18,'Tubos:Tubos:1719383',$,'Tubos:Tubos',#15202,#15197,'1719383',$);
#15204=IFCPROPERTYSET('3oQDnuQPfx1CBXc7yYk5il',#18,'Pset_BuildingElementProxyCommon',$,(#10370));
#15205=IFCPROPERTYSET('3dXAQWAcM2W7uqQYWBdAfX',#18,'Pset_QuantityTakeOff',$,(#10370));
#15206=IFCRELDEFINESBYPROPERTIES('1zY5maMu2f1jrIUi_UrGXl',#18,$,$,(#15203),#15204);
#15207=IFCRELDEFINESBYPROPERTIES('0OJ2hW808G9ZZJaZyrBVad',#18,$,$,(#15203),#15205);
#15208=IFCAXIS2PLACEMENT3D(#15219,$,$);
#15210=IFCCARTESIANPOINT((-2.7071678232459818E-016,8.7471005778470444E-031));
#15211=IFCAXIS2PLACEMENT2D(#15210,#11);
#15212=IFCCIRCLEPROFILEDEF(.AREA.,'Tubos',#15211,0.10000000000000001);
#15213=IFCCARTESIANPOINT((1.398663362355546,2.9666011751278969,-3.3531707117108138));
#15214=IFCDIRECTION((0.80926408754780765,0.58744500730316396,-0.));
#15215=IFCAXIS2PLACEMENT3D(#15213,#15214,#10);
#15216=IFCEXTRUDEDAREASOLID(#15212,#15215,#9,1.1047112942871011);
#15217=IFCSTYLEDITEM(#15216,(#10349),$);
#15218=IFCSHAPEREPRESENTATION(#24,'Body','SweptSolid',(#15216));
#15219=IFCCARTESIANPOINT((0.,0.,5.2928351143942267));
#15220=IFCAXIS2PLACEMENT3D(#3,$,$);
#15221=IFCREPRESENTATIONMAP(#15220,#15218);
#15222=IFCBUILDINGELEMENTPROXYTYPE('2hdYA7Pvr7JBfdxfkMx_Gv',#18,'Tubos:Tubos',$,$,$,(#15221),'1686352',$,.NOTDEFINED.);
#15223=IFCMAPPEDITEM(#15221,#2160);
#15224=IFCSHAPEREPRESENTATION(#24,'Body','MappedRepresentation',(#15223));
#15225=IFCPRODUCTDEFINITIONSHAPE($,$,(#15224));
#15226=IFCCARTESIANPOINT((-2.1086486512654958,3.9590040278695708,10.222946504007254));
#15227=IFCDIRECTION((-0.022199317036878198,-0.36314301284528921,0.93146891657464481));
#15228=IFCDIRECTION((-0.54252885381606408,-0.77820513450096795,-0.31632137362713619));
#15229=IFCAXIS2PLACEMENT3D(#15226,#15227,#15228);
#15230=IFCLOCALPLACEMENT(#34,#15229);
#15231=IFCBUILDINGELEMENTPROXY('2hdYA7Pvr7JBfdxfkMx_H6',#18,'Tubos:Tubos:1719869',$,'Tubos:Tubos',#15230,#15225,'1719869',$);
#15232=IFCPROPERTYSET('39hCt4LTqhab8K5x97ORq7',#18,'Pset_BuildingElementProxyCommon',$,(#10370));
#15233=IFCPROPERTYSET('0AvSm8aZfbNfXc86DqIYay',#18,'Pset_QuantityTakeOff',$,(#10370));
#15234=IFCRELDEFINESBYPROPERTIES('1Vb8stWx3RVm_uCgT1Uef4',#18,$,$,(#15231),#15232);
#15235=IFCRELDEFINESBYPROPERTIES('35g7J9Y$P00eVdWUKXaPz2',#18,$,$,(#15231),#15233);
#15236=IFCAXIS2PLACEMENT3D(#15247,$,$);
#15238=IFCCARTESIANPOINT((-2.7071678232459818E-016,8.7471005778470444E-031));
#15239=IFCAXIS2PLACEMENT2D(#15238,#11);
#15240=IFCCIRCLEPROFILEDEF(.AREA.,'Tubos',#15239,0.10000000000000001);
#15241=IFCCARTESIANPOINT((1.465922953318713,3.015424929341791,2.5093580762667802));
#15242=IFCDIRECTION((0.80926408754780743,0.58744500730316418,0.));
#15243=IFCAXIS2PLACEMENT3D(#15241,#15242,#10);
#15244=IFCEXTRUDEDAREASOLID(#15240,#15243,#9,0.93848720996631074);
#15245=IFCSTYLEDITEM(#15244,(#10349),$);
#15246=IFCSHAPEREPRESENTATION(#24,'Body','SweptSolid',(#15244));
#15247=IFCCARTESIANPOINT((0.,0.,-0.56969367358336709));
#15248=IFCAXIS2PLACEMENT3D(#3,$,$);
#15249=IFCREPRESENTATIONMAP(#15248,#15246);
#15250=IFCBUILDINGELEMENTPROXYTYPE('2hdYA7Pvr7JBfdxfkMx_Kn',#18,'Tubos:Tubos',$,$,$,(#15249),'1686352',$,.NOTDEFINED.);
#15251=IFCMAPPEDITEM(#15249,#2160);
#15252=IFCSHAPEREPRESENTATION(#24,'Body','MappedRepresentation',(#15251));
#15253=IFCPRODUCTDEFINITIONSHAPE($,$,(#15252));
#15254=IFCCARTESIANPOINT((-1.5177817028386862,1.1721848139381064,-0.82063100600602423));
#15255=IFCDIRECTION((-0.89404436404692988,-0.081634013045079126,0.44047765326980742));
#15256=IFCDIRECTION((0.36253211147032566,-0.70945595006570583,0.60435314433635101));
#15257=IFCAXIS2PLACEMENT3D(#15254,#15255,#15256);
#15258=IFCLOCALPLACEMENT(#34,#15257);
#15259=IFCBUILDINGELEMENTPROXY('2hdYA7Pvr7JBfdxfkMx_K_',#18,'Tubos:Tubos:1720133',$,'Tubos:Tubos',#15258,#15253,'1720133',$);
#15260=IFCPROPERTYSET('0$WyWuCzqguXFqf1gUdGXK',#18,'Pset_BuildingElementProxyCommon',$,(#10370));
#15261=IFCPROPERTYSET('1HdJkCSa6Lgt0j$finCU5N',#18,'Pset_QuantityTakeOff',$,(#10370));
#15262=IFCRELDEFINESBYPROPERTIES('18pNpR6e8zHmas_FVw3Q1J',#18,$,$,(#15259),#15260);
#15263=IFCRELDEFINESBYPROPERTIES('0nmF7b5E9uJTM2ezfkXKcd',#18,$,$,(#15259),#15261);
#15264=IFCAXIS2PLACEMENT3D(#15275,$,$);
#15266=IFCCARTESIANPOINT((-2.7071678232459818E-016,8.7471005778470444E-031));
#15267=IFCAXIS2PLACEMENT2D(#15266,#11);
#15268=IFCCIRCLEPROFILEDEF(.AREA.,'Tubos',#15267,0.10000000000000001);
#15269=IFCCARTESIANPOINT((0.96380662197759637,2.6509385565119881,2.2408857549056123));
#15270=IFCDIRECTION((0.80926408754780743,0.58744500730316418,0.));
#15271=IFCAXIS2PLACEMENT3D(#15269,#15270,#10);
#15272=IFCEXTRUDEDAREASOLID(#15268,#15271,#9,2.1794080393153679);
#15273=IFCSTYLEDITEM(#15272,(#10349),$);
#15274=IFCSHAPEREPRESENTATION(#24,'Body','SweptSolid',(#15272));
#15275=IFCCARTESIANPOINT((0.,0.,-0.30122135222219942));
#15276=IFCAXIS2PLACEMENT3D(#3,$,$);
#15277=IFCREPRESENTATIONMAP(#15276,#15274);
#15278=IFCBUILDINGELEMENTPROXYTYPE('2hdYA7Pvr7JBfdxfkMx_MV',#18,'Tubos:Tubos',$,$,$,(#15277),'1686352',$,.NOTDEFINED.);
#15279=IFCMAPPEDITEM(#15277,#2160);
#15280=IFCSHAPEREPRESENTATION(#24,'Body','MappedRepresentation',(#15279));
#15281=IFCPRODUCTDEFINITIONSHAPE($,$,(#15280));
#15282=IFCCARTESIANPOINT((-4.6440379579535405,-1.3304801404491615,-0.24708323936311249));
#15283=IFCDIRECTION((-0.18174122111013757,0.9667821543192191,-0.17972866949734467));
#15284=IFCDIRECTION((-0.36010168258572994,0.10464379880170604,0.92702559488466896));
#15285=IFCAXIS2PLACEMENT3D(#15282,#15283,#15284);
#15286=IFCLOCALPLACEMENT(#34,#15285);
#15287=IFCBUILDINGELEMENTPROXY('2hdYA7Pvr7JBfdxfkMx_Ma',#18,'Tubos:Tubos:1720287',$,'Tubos:Tubos',#15286,#15281,'1720287',$);
#15288=IFCPROPERTYSET('0ti5dp7yOedf_oMdcujGXI',#18,'Pset_BuildingElementProxyCommon',$,(#10370));
#15289=IFCPROPERTYSET('3Z03y3Kgdc_f$KnLy8bIKg',#18,'Pset_QuantityTakeOff',$,(#10370));
#15290=IFCRELDEFINESBYPROPERTIES('2AdPHjICvO97D_HExXfgOK',#18,$,$,(#15287),#15288);
#15291=IFCRELDEFINESBYPROPERTIES('2chb2S9KwaHn6$xW1Z_4HY',#18,$,$,(#15287),#15289);
#15292=IFCAXIS2PLACEMENT3D(#15303,$,$);
#15294=IFCCARTESIANPOINT((-2.7071678232459818E-016,8.7471005778470444E-031));
#15295=IFCAXIS2PLACEMENT2D(#15294,#11);
#15296=IFCCIRCLEPROFILEDEF(.AREA.,'Tubos',#15295,0.10000000000000001);
#15297=IFCCARTESIANPOINT((1.5173537235794468,3.0527585385755498,4.9183096733901621));
#15298=IFCDIRECTION((0.80926408754780765,0.58744500730316407,-0.));
#15299=IFCAXIS2PLACEMENT3D(#15297,#15298,#10);
#15300=IFCEXTRUDEDAREASOLID(#15296,#15299,#9,0.81138217453448547);
#15301=IFCSTYLEDITEM(#15300,(#10349),$);
#15302=IFCSHAPEREPRESENTATION(#24,'Body','SweptSolid',(#15300));
#15303=IFCCARTESIANPOINT((0.,0.,-2.9786452707067497));
#15304=IFCAXIS2PLACEMENT3D(#3,$,$);
#15305=IFCREPRESENTATIONMAP(#15304,#15302);
#15306=IFCBUILDINGELEMENTPROXYTYPE('2hdYA7Pvr7JBfdxfkMxvhe',#18,'Tubos:Tubos',$,$,$,(#15305),'1686352',$,.NOTDEFINED.);
#15307=IFCMAPPEDITEM(#15305,#2160);
#15308=IFCSHAPEREPRESENTATION(#24,'Body','MappedRepresentation',(#15307));
#15309=IFCPRODUCTDEFINITIONSHAPE($,$,(#15308));
#15310=IFCCARTESIANPOINT((-3.8358158661333057,5.9784596785588384,-3.4730766575101191));
#15311=IFCDIRECTION((0.5192697433885799,-0.83833500360958813,0.16599203391750481));
#15312=IFCDIRECTION((0.42550817280306824,0.42206355394504169,0.80050306139894001));
#15313=IFCAXIS2PLACEMENT3D(#15310,#15311,#15312);
#15314=IFCLOCALPLACEMENT(#34,#15313);
#15315=IFCBUILDINGELEMENTPROXY('2hdYA7Pvr7JBfdxfkMxvhr',#18,'Tubos:Tubos:1720462',$,'Tubos:Tubos',#15314,#15309,'1720462',$);
#15316=IFCPROPERTYSET('1hoRG8phUq2lBQxfc8pYBG',#18,'Pset_BuildingElementProxyCommon',$,(#10370));
#15317=IFCPROPERTYSET('1oColeqmyh7j4oNVgTuDTW',#18,'Pset_QuantityTakeOff',$,(#10370));
#15318=IFCRELDEFINESBYPROPERTIES('1N7teuaP8iJOtDAGgFaAuv',#18,$,$,(#15315),#15316);
#15319=IFCRELDEFINESBYPROPERTIES('0zs0qmFvN6i$f91xBo4Pps',#18,$,$,(#15315),#15317);
#15320=IFCAXIS2PLACEMENT3D(#15331,$,$);
#15322=IFCCARTESIANPOINT((-2.7071678232459818E-016,8.7471005778470444E-031));
#15323=IFCAXIS2PLACEMENT2D(#15322,#11);
#15324=IFCCIRCLEPROFILEDEF(.AREA.,'Tubos',#15323,0.10000000000000001);
#15325=IFCCARTESIANPOINT((1.2904959840841053,2.8880824476860631,1.2259752448493071));
#15326=IFCDIRECTION((0.80926408754780765,0.58744500730316407,-0.));
#15327=IFCAXIS2PLACEMENT3D(#15325,#15326,#10);
#15328=IFCEXTRUDEDAREASOLID(#15324,#15327,#9,1.3720341124766604);
#15329=IFCSTYLEDITEM(#15328,(#10349),$);
#15330=IFCSHAPEREPRESENTATION(#24,'Body','SweptSolid',(#15328));
#15331=IFCCARTESIANPOINT((0.,0.,0.7136891578341058));
#15332=IFCAXIS2PLACEMENT3D(#3,$,$);
#15333=IFCREPRESENTATIONMAP(#15332,#15330);
#15334=IFCBUILDINGELEMENTPROXYTYPE('2hdYA7Pvr7JBfdxfkMxvjr',#18,'Tubos:Tubos',$,$,$,(#15333),'1686352',$,.NOTDEFINED.);
#15335=IFCMAPPEDITEM(#15333,#2160);
#15336=IFCSHAPEREPRESENTATION(#24,'Body','MappedRepresentation',(#15335));
#15337=IFCPRODUCTDEFINITIONSHAPE($,$,(#15336));
#15338=IFCCARTESIANPOINT((4.1789332280001155,-0.30095295237563718,0.94206104601086849));
#15339=IFCDIRECTION((0.18920738330550577,0.92833631618961243,0.3199878906242915));
#15340=IFCDIRECTION((-0.27590289024352321,0.36300712936580615,-0.8900019208883021));
#15341=IFCAXIS2PLACEMENT3D(#15338,#15339,#15340);
#15342=IFCLOCALPLACEMENT(#34,#15341);
#15343=IFCBUILDINGELEMENTPROXY('2hdYA7Pvr7JBfdxfkMxvjo',#18,'Tubos:Tubos:1720585',$,'Tubos:Tubos',#15342,#15337,'1720585',$);
#15344=IFCPROPERTYSET('3P56BBl0eXBsUCx9vK5xEP',#18,'Pset_BuildingElementProxyCommon',$,(#10370));
#15345=IFCPROPERTYSET('1LOzJFxK2K0KDd42$mLeEL',#18,'Pset_QuantityTakeOff',$,(#10370));
#15346=IFCRELDEFINESBYPROPERTIES('1yiJ8$Z0O1pTFPlq1iyLOz',#18,$,$,(#15343),#15344);
#15347=IFCRELDEFINESBYPROPERTIES('24kByIdyG_0WasadC5qkGb',#18,$,$,(#15343),#15345);
#15348=IFCMAPPEDITEM(#9421,#2160);
#15349=IFCSHAPEREPRESENTATION(#24,'Body','MappedRepresentation',(#15348));
#15350=IFCPRODUCTDEFINITIONSHAPE($,$,(#15349));
#15351=IFCCARTESIANPOINT((2.9557089978929296,1.5186963033409755,0.));
#15352=IFCDIRECTION((0.70710769341001134,0.70710586896190697,0.));
#15353=IFCAXIS2PLACEMENT3D(#15351,#9,#15352);
#15354=IFCLOCALPLACEMENT(#34,#15353);
#15355=IFCBUILDINGELEMENTPROXY('2hdYA7Pvr7JBfdxfkMxvXD',#18,'Andamio Parametrico:1x1 - Cruces Completas:1720886',$,'Andamio Parametrico:1x1 - Cruces Completas',#15354,#15350,'1720886',$);
#15356=IFCPROPERTYSET('1YBTudEzrrId9rtxeLVFEh',#18,'Pset_BuildingElementProxyCommon',$,(#9431));
#15357=IFCPROPERTYSET('2nBAh0oevpNDJEMPE1lbOs',#18,'Pset_QuantityTakeOff',$,(#9431));
#15358=IFCRELDEFINESBYPROPERTIES('3QKkdTrokBHKOgKqnrp$JL',#18,$,$,(#15355),#15356);
#15359=IFCRELDEFINESBYPROPERTIES('3QGoMjZypA7m5D$uFGY5V7',#18,$,$,(#15355),#15357);
#15360=IFCAXIS2PLACEMENT3D(#15371,$,$);
#15362=IFCCARTESIANPOINT((-2.7071678232459818E-016,8.7471005778470444E-031));
#15363=IFCAXIS2PLACEMENT2D(#15362,#11);
#15364=IFCCIRCLEPROFILEDEF(.AREA.,'Tubos',#15363,0.10000000000000001);
#15365=IFCCARTESIANPOINT((1.4716423446307827,3.0195766369521815,-1.0017337710502154));
#15366=IFCDIRECTION((0.80926408754780732,0.58744500730316462,0.));
#15367=IFCAXIS2PLACEMENT3D(#15365,#15366,#10);
#15368=IFCEXTRUDEDAREASOLID(#15364,#15367,#9,0.92435241416831548);
#15369=IFCSTYLEDITEM(#15368,(#10349),$);
#15370=IFCSHAPEREPRESENTATION(#24,'Body','SweptSolid',(#15368));
#15371=IFCCARTESIANPOINT((0.,0.,2.9413981737336283));
#15372=IFCAXIS2PLACEMENT3D(#3,$,$);
#15373=IFCREPRESENTATIONMAP(#15372,#15370);
#15374=IFCBUILDINGELEMENTPROXYTYPE('2hdYA7Pvr7JBfdxfkMxvZ$',#18,'Tubos:Tubos',$,$,$,(#15373),'1686352',$,.NOTDEFINED.);
#15375=IFCMAPPEDITEM(#15373,#2160);
#15376=IFCSHAPEREPRESENTATION(#24,'Body','MappedRepresentation',(#15375));
#15377=IFCPRODUCTDEFINITIONSHAPE($,$,(#15376));
#15378=IFCCARTESIANPOINT((4.086527219809267,0.47111105349648674,4.0609792187645626));
#15379=IFCDIRECTION((-0.72551730280790139,-0.57336403037011541,0.38062886386096018));
#15380=IFCDIRECTION((-0.61825361318076411,0.78595954053425876,0.0054836513480533977));
#15381=IFCAXIS2PLACEMENT3D(#15378,#15379,#15380);
#15382=IFCLOCALPLACEMENT(#34,#15381);
#15383=IFCBUILDINGELEMENTPROXY('2hdYA7Pvr7JBfdxfkMxvW4',#18,'Tubos:Tubos:1720959',$,'Tubos:Tubos',#15382,#15377,'1720959',$);
#15384=IFCPROPERTYSET('12vxWIUi7fuk0l5G6DZib_',#18,'Pset_BuildingElementProxyCommon',$,(#10370));
#15385=IFCPROPERTYSET('06RqBWVOT$5Ca53o_4OUJR',#18,'Pset_QuantityTakeOff',$,(#10370));
#15386=IFCRELDEFINESBYPROPERTIES('07kyMYSxifkYUO0pro6Qyp',#18,$,$,(#15383),#15384);
#15387=IFCRELDEFINESBYPROPERTIES('3jGoZWCRot39JUC00zrJbg',#18,$,$,(#15383),#15385);
#15388=IFCMAPPEDITEM(#10354,#2160);
#15389=IFCSHAPEREPRESENTATION(#24,'Body','MappedRepresentation',(#15388));
#15390=IFCPRODUCTDEFINITIONSHAPE($,$,(#15389));
#15391=IFCCARTESIANPOINT((-2.4268041999381942,-2.5153458305842782,0.68862916302448451));
#15392=IFCDIRECTION((0.16661301668255388,-0.92386715950785236,0.3445425579733678));
#15393=IFCDIRECTION((0.51065310622285864,-0.21806738638360765,-0.83167302475237714));
#15394=IFCAXIS2PLACEMENT3D(#15391,#15392,#15393);
#15395=IFCLOCALPLACEMENT(#34,#15394);
#15396=IFCBUILDINGELEMENTPROXY('2hdYA7Pvr7JBfdxfkMxvYf',#18,'Tubos:Tubos:1721042',$,'Tubos:Tubos',#15395,#15390,'1721042',$);
#15397=IFCPROPERTYSET('1lcOSCI1kx5MEEE9vIu1Jr',#18,'Pset_BuildingElementProxyCommon',$,(#10370));
#15398=IFCPROPERTYSET('3tcqiD9L6tQUF7Sp_5nLni',#18,'Pset_QuantityTakeOff',$,(#10370));
#15399=IFCRELDEFINESBYPROPERTIES('2QcbYn5mmwFjhL1ImxUmEk',#18,$,$,(#15396),#15397);
#15400=IFCRELDEFINESBYPROPERTIES('1rUjy2CU9X1i3mcyninlZY',#18,$,$,(#15396),#15398);
#15401=IFCMAPPEDITEM(#10388,#2160);
#15402=IFCSHAPEREPRESENTATION(#24,'Body','MappedRepresentation',(#15401));
#15403=IFCPRODUCTDEFINITIONSHAPE($,$,(#15402));
#15404=IFCCARTESIANPOINT((1.5568745890532685,0.51666405926555181,1.0822684770812367));
#15405=IFCDIRECTION((-0.0096683743961430944,-0.61970515485291844,0.78477515479610871));
#15406=IFCDIRECTION((-0.81061107052804493,0.46439007046291547,0.35672335891111134));
#15407=IFCAXIS2PLACEMENT3D(#15404,#15405,#15406);
#15408=IFCLOCALPLACEMENT(#34,#15407);
#15409=IFCBUILDINGELEMENTPROXY('2hdYA7Pvr7JBfdxfkMxvYj',#18,'Tubos:Tubos:1721046',$,'Tubos:Tubos',#15408,#15403,'1721046',$);
#15410=IFCPROPERTYSET('13i8XV5872mGM4rlV7safH',#18,'Pset_BuildingElementProxyCommon',$,(#10370));
#15411=IFCPROPERTYSET('0KaI1EavdvzTn3gIUVcnwG',#18,'Pset_QuantityTakeOff',$,(#10370));
#15412=IFCRELDEFINESBYPROPERTIES('2mhF4fGDZFxi02C91fdD9z',#18,$,$,(#15409),#15410);
#15413=IFCRELDEFINESBYPROPERTIES('30Twg_guavSd5TmfTy5Kt2',#18,$,$,(#15409),#15411);
#15414=IFCMAPPEDITEM(#10416,#2160);
#15415=IFCSHAPEREPRESENTATION(#24,'Body','MappedRepresentation',(#15414));
#15416=IFCPRODUCTDEFINITIONSHAPE($,$,(#15415));
#15417=IFCCARTESIANPOINT((3.6810720699187645,-2.9125454111117781,3.0601057572256187));
#15418=IFCDIRECTION((-0.65826752124189258,-0.64458201953977945,0.3888417294530952));
#15419=IFCDIRECTION((-0.68336815042248344,0.72832691335971211,0.050476512003786445));
#15420=IFCAXIS2PLACEMENT3D(#15417,#15418,#15419);
#15421=IFCLOCALPLACEMENT(#34,#15420);
#15422=IFCBUILDINGELEMENTPROXY('2hdYA7Pvr7JBfdxfkMxvYX',#18,'Tubos:Tubos:1721050',$,'Tubos:Tubos',#15421,#15416,'1721050',$);
#15423=IFCPROPERTYSET('1cFwWE3UcOiukl1nFuzxP1',#18,'Pset_BuildingElementProxyCommon',$,(#10370));
#15424=IFCPROPERTYSET('3eYC$9M1sosEVohgXcXY$P',#18,'Pset_QuantityTakeOff',$,(#10370));
#15425=IFCRELDEFINESBYPROPERTIES('1bo9o5D40$uEia_uVNIVOO',#18,$,$,(#15422),#15423);
#15426=IFCRELDEFINESBYPROPERTIES('0j68CSJMobyiU9NaBm8RvR',#18,$,$,(#15422),#15424);
#15427=IFCMAPPEDITEM(#10444,#2160);
#15428=IFCSHAPEREPRESENTATION(#24,'Body','MappedRepresentation',(#15427));
#15429=IFCPRODUCTDEFINITIONSHAPE($,$,(#15428));
#15430=IFCCARTESIANPOINT((0.41431144451831997,-5.1384509829859812,7.985767054323035));
#15431=IFCDIRECTION((-0.40277455171705789,-0.8203351268134077,0.40598391619022745));
#15432=IFCDIRECTION((-0.9142904494647015,0.33976926030153165,-0.22052170816448935));
#15433=IFCAXIS2PLACEMENT3D(#15430,#15431,#15432);
#15434=IFCLOCALPLACEMENT(#34,#15433);
#15435=IFCBUILDINGELEMENTPROXY('2hdYA7Pvr7JBfdxfkMxvYb',#18,'Tubos:Tubos:1721054',$,'Tubos:Tubos',#15434,#15429,'1721054',$);
#15436=IFCPROPERTYSET('2PvUBDAjMDyKKVKI4QlUg_',#18,'Pset_BuildingElementProxyCommon',$,(#10370));
#15437=IFCPROPERTYSET('3Ba_WI61Lgtzyh4Xi8stPX',#18,'Pset_QuantityTakeOff',$,(#10370));
#15438=IFCRELDEFINESBYPROPERTIES('34pjie3kEb2rkYTbTKZE2F',#18,$,$,(#15435),#15436);
#15439=IFCRELDEFINESBYPROPERTIES('2ush1h_C7Hcv2gms_34vq$',#18,$,$,(#15435),#15437);
#15440=IFCMAPPEDITEM(#10472,#2160);
#15441=IFCSHAPEREPRESENTATION(#24,'Body','MappedRepresentation',(#15440));
#15442=IFCPRODUCTDEFINITIONSHAPE($,$,(#15441));
#15443=IFCCARTESIANPOINT((-2.1870522103962871,-5.3974929357661976,6.1221709252218934));
#15444=IFCDIRECTION((-0.059472991474460939,-0.99310590049220604,0.10101303724095771));
#15445=IFCDIRECTION((-0.098473822510056097,-0.094861773463338114,-0.99060796999400746));
#15446=IFCAXIS2PLACEMENT3D(#15443,#15444,#15445);
#15447=IFCLOCALPLACEMENT(#34,#15446);
#15448=IFCBUILDINGELEMENTPROXY('2hdYA7Pvr7JBfdxfkMxvYP',#18,'Tubos:Tubos:1721058',$,'Tubos:Tubos',#15447,#15442,'1721058',$);
#15449=IFCPROPERTYSET('0YRWSQmxhRgm9q1lEvPx3P',#18,'Pset_BuildingElementProxyCommon',$,(#10370));
#15450=IFCPROPERTYSET('2VyNX3sHsZPj3PXgaXMIzi',#18,'Pset_QuantityTakeOff',$,(#10370));
#15451=IFCRELDEFINESBYPROPERTIES('1UlSxQ7bVSipuljFeYjCAw',#18,$,$,(#15448),#15449);
#15452=IFCRELDEFINESBYPROPERTIES('382mkjv931M9X6bC9Mbj56',#18,$,$,(#15448),#15450);
#15453=IFCMAPPEDITEM(#10500,#2160);
#15454=IFCSHAPEREPRESENTATION(#24,'Body','MappedRepresentation',(#15453));
#15455=IFCPRODUCTDEFINITIONSHAPE($,$,(#15454));
#15456=IFCCARTESIANPOINT((-2.2564343192215923,-6.1466648480798636,6.5531269469013083));
#15457=IFCDIRECTION((0.26200571605250839,-0.88136610630927148,0.39312439685810174));
#15458=IFCDIRECTION((0.4035783787209612,-0.26996050842248348,-0.87421153968661081));
#15459=IFCAXIS2PLACEMENT3D(#15456,#15457,#15458);
#15460=IFCLOCALPLACEMENT(#34,#15459);
#15461=IFCBUILDINGELEMENTPROXY('2hdYA7Pvr7JBfdxfkMxvYT',#18,'Tubos:Tubos:1721062',$,'Tubos:Tubos',#15460,#15455,'1721062',$);
#15462=IFCPROPERTYSET('3O7lnYQMWhkvNDlS49lFee',#18,'Pset_BuildingElementProxyCommon',$,(#10370));
#15463=IFCPROPERTYSET('3qPM7vuNzViEuz38SYys3K',#18,'Pset_QuantityTakeOff',$,(#10370));
#15464=IFCRELDEFINESBYPROPERTIES('3UNUYFSXtQbBcZ_cIsm6qj',#18,$,$,(#15461),#15462);
#15465=IFCRELDEFINESBYPROPERTIES('1wmBsVfjWdAytXRhJaBiQf',#18,$,$,(#15461),#15463);
#15466=IFCMAPPEDITEM(#10528,#2160);
#15467=IFCSHAPEREPRESENTATION(#24,'Body','MappedRepresentation',(#15466));
#15468=IFCPRODUCTDEFINITIONSHAPE($,$,(#15467));
#15469=IFCCARTESIANPOINT((-0.0018078519312396595,-1.8963363675781197,5.6290451454687416));
#15470=IFCDIRECTION((-0.60133350692554277,-0.5237348394634721,0.60340685393919713));
#15471=IFCDIRECTION((-0.72840661405074747,0.048978529343321309,-0.68339220676745427));
#15472=IFCAXIS2PLACEMENT3D(#15469,#15470,#15471);
#15473=IFCLOCALPLACEMENT(#34,#15472);
#15474=IFCBUILDINGELEMENTPROXY('2hdYA7Pvr7JBfdxfkMxvYH',#18,'Tubos:Tubos:1721066',$,'Tubos:Tubos',#15473,#15468,'1721066',$);
#15475=IFCPROPERTYSET('31yk6jwJjjjTONl7CI0TKy',#18,'Pset_BuildingElementProxyCommon',$,(#10370));
#15476=IFCPROPERTYSET('3m5NtMHyuLZkcf5w2dcVjr',#18,'Pset_QuantityTakeOff',$,(#10370));
#15477=IFCRELDEFINESBYPROPERTIES('0CnN03jN_Ohji8U07YuaDk',#18,$,$,(#15474),#15475);
#15478=IFCRELDEFINESBYPROPERTIES('0CX4SAHs99STX9sRQVawBz',#18,$,$,(#15474),#15476);
#15479=IFCMAPPEDITEM(#10556,#2160);
#15480=IFCSHAPEREPRESENTATION(#24,'Body','MappedRepresentation',(#15479));
#15481=IFCPRODUCTDEFINITIONSHAPE($,$,(#15480));
#15482=IFCCARTESIANPOINT((-1.8631467423060073,-0.04936800311343701,2.1304321247081899));
#15483=IFCDIRECTION((-0.49223909985801778,-0.82702803418419168,-0.27152403069415443));
#15484=IFCDIRECTION((0.62442926685772604,-0.11816673746703965,-0.77209112988553286));
#15485=IFCAXIS2PLACEMENT3D(#15482,#15483,#15484);
#15486=IFCLOCALPLACEMENT(#34,#15485);
#15487=IFCBUILDINGELEMENTPROXY('2hdYA7Pvr7JBfdxfkMxvYL',#18,'Tubos:Tubos:1721070',$,'Tubos:Tubos',#15486,#15481,'1721070',$);
#15488=IFCPROPERTYSET('0Brlwz_l$_5U$phSFAloY5',#18,'Pset_BuildingElementProxyCommon',$,(#10370));
#15489=IFCPROPERTYSET('0vH9L1vHQLk4qKpJ_IAw2N',#18,'Pset_QuantityTakeOff',$,(#10370));
#15490=IFCRELDEFINESBYPROPERTIES('3zJuf1Uwof8vE8dtsdMx7z',#18,$,$,(#15487),#15488);
#15491=IFCRELDEFINESBYPROPERTIES('1CT9X9h3UzYnomDXxm$Nd3',#18,$,$,(#15487),#15489);
#15492=IFCMAPPEDITEM(#10584,#2160);
#15493=IFCSHAPEREPRESENTATION(#24,'Body','MappedRepresentation',(#15492));
#15494=IFCPRODUCTDEFINITIONSHAPE($,$,(#15493));
#15495=IFCCARTESIANPOINT((-1.9332291015949108,0.37962403281239054,5.6325589215199541));
#15496=IFCDIRECTION((-0.23489517490431597,-0.25928975406615407,0.93679938100053428));
#15497=IFCDIRECTION((-0.55827638006944103,-0.75296197159931433,-0.34839023060619023));
#15498=IFCAXIS2PLACEMENT3D(#15495,#15496,#15497);
#15499=IFCLOCALPLACEMENT(#34,#15498);
#15500=IFCBUILDINGELEMENTPROXY('2hdYA7Pvr7JBfdxfkMxvY9',#18,'Tubos:Tubos:1721074',$,'Tubos:Tubos',#15499,#15494,'1721074',$);
#15501=IFCPROPERTYSET('0McBpbnf2v5K3Fe_qcmNff',#18,'Pset_BuildingElementProxyCommon',$,(#10370));
#15502=IFCPROPERTYSET('3P$eYLA7W2HwLnWWLlQnIm',#18,'Pset_QuantityTakeOff',$,(#10370));
#15503=IFCRELDEFINESBYPROPERTIES('1MaeNIaHewIXF8kwBnezb4',#18,$,$,(#15500),#15501);
#15504=IFCRELDEFINESBYPROPERTIES('1lbJZFpwU8HGJrscFhhWpi',#18,$,$,(#15500),#15502);
#15505=IFCMAPPEDITEM(#10612,#2160);
#15506=IFCSHAPEREPRESENTATION(#24,'Body','MappedRepresentation',(#15505));
#15507=IFCPRODUCTDEFINITIONSHAPE($,$,(#15506));
#15508=IFCCARTESIANPOINT((-2.0819559399804919,-2.1058619192122636,8.4672809881309075));
#15509=IFCDIRECTION((-0.61055411357161793,-0.61111710720616996,0.5037455267104004));
#15510=IFCDIRECTION((-0.70064213718006396,0.12026033260549263,-0.70330508885502085));
#15511=IFCAXIS2PLACEMENT3D(#15508,#15509,#15510);
#15512=IFCLOCALPLACEMENT(#34,#15511);
#15513=IFCBUILDINGELEMENTPROXY('2hdYA7Pvr7JBfdxfkMxvYD',#18,'Tubos:Tubos:1721078',$,'Tubos:Tubos',#15512,#15507,'1721078',$);
#15514=IFCPROPERTYSET('2sqeXsV6_h38njQvFYvqMl',#18,'Pset_BuildingElementProxyCommon',$,(#10370));
#15515=IFCPROPERTYSET('3YsHRRU47THSJ_UPNvqCxa',#18,'Pset_QuantityTakeOff',$,(#10370));
#15516=IFCRELDEFINESBYPROPERTIES('19sOOu7CAJMHqTvmD0vDKl',#18,$,$,(#15513),#15514);
#15517=IFCRELDEFINESBYPROPERTIES('2Ex_Xe0zKZO4hcJmSIPnuu',#18,$,$,(#15513),#15515);
#15518=IFCMAPPEDITEM(#10640,#2160);
#15519=IFCSHAPEREPRESENTATION(#24,'Body','MappedRepresentation',(#15518));
#15520=IFCPRODUCTDEFINITIONSHAPE($,$,(#15519));
#15521=IFCCARTESIANPOINT((-3.4074863269639843,-0.13368823859287324,9.7563508254085445));
#15522=IFCDIRECTION((-0.95796205789161848,-0.024600002974106146,0.28583830305564251));
#15523=IFCDIRECTION((-0.24285824658111516,0.5999515396995837,-0.7622847381914748));
#15524=IFCAXIS2PLACEMENT3D(#15521,#15522,#15523);
#15525=IFCLOCALPLACEMENT(#34,#15524);
#15526=IFCBUILDINGELEMENTPROXY('2hdYA7Pvr7JBfdxfkMxvY1',#18,'Tubos:Tubos:1721082',$,'Tubos:Tubos',#15525,#15520,'1721082',$);
#15527=IFCPROPERTYSET('2KfwINrfZDiXIGQ32lbwU3',#18,'Pset_BuildingElementProxyCommon',$,(#10370));
#15528=IFCPROPERTYSET('2l9Yc8i2lJAAB81fwbk8AH',#18,'Pset_QuantityTakeOff',$,(#10370));
#15529=IFCRELDEFINESBYPROPERTIES('1j6BKvTLqC07D4X_ScTDyP',#18,$,$,(#15526),#15527);
#15530=IFCRELDEFINESBYPROPERTIES('3oXKeA_zwwcq9g0WixRMDk',#18,$,$,(#15526),#15528);
#15531=IFCMAPPEDITEM(#10668,#2160);
#15532=IFCSHAPEREPRESENTATION(#24,'Body','MappedRepresentation',(#15531));
#15533=IFCPRODUCTDEFINITIONSHAPE($,$,(#15532));
#15534=IFCCARTESIANPOINT((4.203942794371974,-2.0433245518630088,2.595243448205673));
#15535=IFCDIRECTION((0.49485382447180842,-0.48908593636599212,0.71827198139327797));
#15536=IFCDIRECTION((-0.019329902650015607,0.82017262294671589,0.57178949223664932));
#15537=IFCAXIS2PLACEMENT3D(#15534,#15535,#15536);
#15538=IFCLOCALPLACEMENT(#34,#15537);
#15539=IFCBUILDINGELEMENTPROXY('2hdYA7Pvr7JBfdxfkMxvY5',#18,'Tubos:Tubos:1721086',$,'Tubos:Tubos',#15538,#15533,'1721086',$);
#15540=IFCPROPERTYSET('3UResy95winXScHQNyuBgg',#18,'Pset_BuildingElementProxyCommon',$,(#10370));
#15541=IFCPROPERTYSET('0WHZL8$VQQ0P_HW$2jxE6P',#18,'Pset_QuantityTakeOff',$,(#10370));
#15542=IFCRELDEFINESBYPROPERTIES('3oKRiphBbnpqj5YMuU6yqD',#18,$,$,(#15539),#15540);
#15543=IFCRELDEFINESBYPROPERTIES('0_bf1n_QKL$dNPwOLW59Oz',#18,$,$,(#15539),#15541);
#15544=IFCMAPPEDITEM(#10696,#2160);
#15545=IFCSHAPEREPRESENTATION(#24,'Body','MappedRepresentation',(#15544));
#15546=IFCPRODUCTDEFINITIONSHAPE($,$,(#15545));
#15547=IFCCARTESIANPOINT((-0.38858735193189359,-2.4042428845435726,5.5132667260562567));
#15548=IFCDIRECTION((0.45973436281270941,-0.53157599815474044,0.71138686650442418));
#15549=IFCDIRECTION((0.03048448697898587,-0.79114179670895068,-0.61087261647070212));
#15550=IFCAXIS2PLACEMENT3D(#15547,#15548,#15549);
#15551=IFCLOCALPLACEMENT(#34,#15550);
#15552=IFCBUILDINGELEMENTPROXY('2hdYA7Pvr7JBfdxfkMxvbv',#18,'Tubos:Tubos:1721090',$,'Tubos:Tubos',#15551,#15546,'1721090',$);
#15553=IFCPROPERTYSET('2V7WBiuX5mjhTFRrKHiIIN',#18,'Pset_BuildingElementProxyCommon',$,(#10370));
#15554=IFCPROPERTYSET('1X15JyvPSZ6SGBAt0lS2yp',#18,'Pset_QuantityTakeOff',$,(#10370));
#15555=IFCRELDEFINESBYPROPERTIES('1ShnfLx3Kb2yj4uj5$sGSt',#18,$,$,(#15552),#15553);
#15556=IFCRELDEFINESBYPROPERTIES('2POO$RtIc$MMebbHyJD3_7',#18,$,$,(#15552),#15554);
#15557=IFCMAPPEDITEM(#10724,#2160);
#15558=IFCSHAPEREPRESENTATION(#24,'Body','MappedRepresentation',(#15557));
#15559=IFCPRODUCTDEFINITIONSHAPE($,$,(#15558));
#15560=IFCCARTESIANPOINT((-2.1196007545409632,-5.5965775875812014,5.6355568633330195));
#15561=IFCDIRECTION((-0.025157246034794085,0.021465489472542437,0.9994530232750557));
#15562=IFCDIRECTION((0.98618783789878361,0.16425603967283547,0.021295581971825291));
#15563=IFCAXIS2PLACEMENT3D(#15560,#15561,#15562);
#15564=IFCLOCALPLACEMENT(#34,#15563);
#15565=IFCBUILDINGELEMENTPROXY('2hdYA7Pvr7JBfdxfkMxvbz',#18,'Tubos:Tubos:1721094',$,'Tubos:Tubos',#15564,#15559,'1721094',$);
#15566=IFCPROPERTYSET('3NwaE_B9qFRw2Xhq2wwRHP',#18,'Pset_BuildingElementProxyCommon',$,(#10370));
#15567=IFCPROPERTYSET('1JZ0HC0NyvCHkaWQbT8lda',#18,'Pset_QuantityTakeOff',$,(#10370));
#15568=IFCRELDEFINESBYPROPERTIES('1SA55CKJorgoZrXpiUjQxW',#18,$,$,(#15565),#15566);
#15569=IFCRELDEFINESBYPROPERTIES('1byvI07EFcOoB1$CdPwM37',#18,$,$,(#15565),#15567);
#15570=IFCMAPPEDITEM(#10752,#2160);
#15571=IFCSHAPEREPRESENTATION(#24,'Body','MappedRepresentation',(#15570));
#15572=IFCPRODUCTDEFINITIONSHAPE($,$,(#15571));
#15573=IFCCARTESIANPOINT((-1.4734055350369055,-0.91728734880957241,0.23906463545234108));
#15574=IFCDIRECTION((0.040714060396174576,-0.99916984177454971,0.0014115857317101349));
#15575=IFCDIRECTION((0.84136737861801103,0.035045881024765448,0.53932617257152904));
#15576=IFCAXIS2PLACEMENT3D(#15573,#15574,#15575);
#15577=IFCLOCALPLACEMENT(#34,#15576);
#15578=IFCBUILDINGELEMENTPROXY('2hdYA7Pvr7JBfdxfkMxvbn',#18,'Tubos:Tubos:1721098',$,'Tubos:Tubos',#15577,#15572,'1721098',$);
#15579=IFCPROPERTYSET('1st4Uu40TPshtFJ5CafY_v',#18,'Pset_BuildingElementProxyCommon',$,(#10370));
#15580=IFCPROPERTYSET('2J8Jc_PUMOCOI1dXc9yyd4',#18,'Pset_QuantityTakeOff',$,(#10370));
#15581=IFCRELDEFINESBYPROPERTIES('24WWu3RCIzPIK7iJfFH9i8',#18,$,$,(#15578),#15579);
#15582=IFCRELDEFINESBYPROPERTIES('3AtrIag6W4AS3UGTvBCPX1',#18,$,$,(#15578),#15580);
#15583=IFCMAPPEDITEM(#10780,#2160);
#15584=IFCSHAPEREPRESENTATION(#24,'Body','MappedRepresentation',(#15583));
#15585=IFCPRODUCTDEFINITIONSHAPE($,$,(#15584));
#15586=IFCCARTESIANPOINT((-0.17292182829835545,1.3270933494178465,2.206371476629037));
#15587=IFCDIRECTION((0.94831230693374402,-0.082922700479303613,-0.30631290254120913));
#15588=IFCDIRECTION((0.24704987734506414,-0.41291681821146259,0.87662195919444708));
#15589=IFCAXIS2PLACEMENT3D(#15586,#15587,#15588);
#15590=IFCLOCALPLACEMENT(#34,#15589);
#15591=IFCBUILDINGELEMENTPROXY('2hdYA7Pvr7JBfdxfkMxvbr',#18,'Tubos:Tubos:1721102',$,'Tubos:Tubos',#15590,#15585,'1721102',$);
#15592=IFCPROPERTYSET('0IHkFRmUhTWG_v4glBEAnN',#18,'Pset_BuildingElementProxyCommon',$,(#10370));
#15593=IFCPROPERTYSET('0BPiGWsI9Q2$aHLcbAaKCQ',#18,'Pset_QuantityTakeOff',$,(#10370));
#15594=IFCRELDEFINESBYPROPERTIES('28m4_vVo80o_Ciyj6wJSQN',#18,$,$,(#15591),#15592);
#15595=IFCRELDEFINESBYPROPERTIES('2WQWj3Zm2yd_WQRcQivIJP',#18,$,$,(#15591),#15593);
#15596=IFCMAPPEDITEM(#10808,#2160);
#15597=IFCSHAPEREPRESENTATION(#24,'Body','MappedRepresentation',(#15596));
#15598=IFCPRODUCTDEFINITIONSHAPE($,$,(#15597));
#15599=IFCCARTESIANPOINT((0.82488976304850969,0.93191914921568952,0.81526288843089256));
#15600=IFCDIRECTION((0.60202990328653461,-0.30170017158034923,0.73928140921924568));
#15601=IFCDIRECTION((-0.67696006987372304,0.29811948705640223,0.67294118259606606));
#15602=IFCAXIS2PLACEMENT3D(#15599,#15600,#15601);
#15603=IFCLOCALPLACEMENT(#34,#15602);
#15604=IFCBUILDINGELEMENTPROXY('2hdYA7Pvr7JBfdxfkMxvbf',#18,'Tubos:Tubos:1721106',$,'Tubos:Tubos',#15603,#15598,'1721106',$);
#15605=IFCPROPERTYSET('33Ltya2wmTUCMOzSCEa277',#18,'Pset_BuildingElementProxyCommon',$,(#10370));
#15606=IFCPROPERTYSET('23nlYHbQ8rLlSEa92zqD0m',#18,'Pset_QuantityTakeOff',$,(#10370));
#15607=IFCRELDEFINESBYPROPERTIES('2tBfjjk5ajjsXCQOEszIdx',#18,$,$,(#15604),#15605);
#15608=IFCRELDEFINESBYPROPERTIES('2VhqIpMRjq6SFvKhAM36dd',#18,$,$,(#15604),#15606);
#15609=IFCAXIS2PLACEMENT3D(#15620,$,$);
#15611=IFCCARTESIANPOINT((-2.7071678232459818E-016,8.7471005778470444E-031));
#15612=IFCAXIS2PLACEMENT2D(#15611,#11);
#15613=IFCCIRCLEPROFILEDEF(.AREA.,'Tubos',#15612,0.10000000000000001);
#15614=IFCCARTESIANPOINT((1.2653769747626451,2.8698485524207902,-1.9437062840751034));
#15615=IFCDIRECTION((0.80926408754780743,0.58744500730316429,0.));
#15616=IFCAXIS2PLACEMENT3D(#15614,#15615,#10);
#15617=IFCEXTRUDEDAREASOLID(#15613,#15616,#9,1.4341127582684796);
#15618=IFCSTYLEDITEM(#15617,(#10349),$);
#15619=IFCSHAPEREPRESENTATION(#24,'Body','SweptSolid',(#15617));
#15620=IFCCARTESIANPOINT((0.,0.,3.8833706867585165));
#15621=IFCAXIS2PLACEMENT3D(#3,$,$);
#15622=IFCREPRESENTATIONMAP(#15621,#15619);
#15623=IFCBUILDINGELEMENTPROXYTYPE('2hdYA7Pvr7JBfdxfkMxvda',#18,'Tubos:Tubos',$,$,$,(#15622),'1686352',$,.NOTDEFINED.);
#15624=IFCMAPPEDITEM(#15622,#2160);
#15625=IFCSHAPEREPRESENTATION(#24,'Body','MappedRepresentation',(#15624));
#15626=IFCPRODUCTDEFINITIONSHAPE($,$,(#15625));
#15627=IFCCARTESIANPOINT((-1.748944232157613,-4.130833908860307,4.4619928406166265));
#15628=IFCDIRECTION((0.23313971590186389,-0.96096039402813194,0.14899997979360846));
#15629=IFCDIRECTION((-0.220715981269971,-0.20151444130257784,-0.95429365792639742));
#15630=IFCAXIS2PLACEMENT3D(#15627,#15628,#15629);
#15631=IFCLOCALPLACEMENT(#34,#15630);
#15632=IFCBUILDINGELEMENTPROXY('2hdYA7Pvr7JBfdxfkMxvbj',#18,'Tubos:Tubos:1721110',$,'Tubos:Tubos',#15631,#15626,'1721110',$);
#15633=IFCPROPERTYSET('3HbK07AOevnpl1f826ERBW',#18,'Pset_BuildingElementProxyCommon',$,(#10370));
#15634=IFCPROPERTYSET('0vbuZmUjqtYVcKqSNjS5uv',#18,'Pset_QuantityTakeOff',$,(#10370));
#15635=IFCRELDEFINESBYPROPERTIES('0tqwWZu8j2nkjtjYuYamNL',#18,$,$,(#15632),#15633);
#15636=IFCRELDEFINESBYPROPERTIES('1IhCHwF3X$IZrkxbK$bjDa',#18,$,$,(#15632),#15634);
#15637=IFCMAPPEDITEM(#14777,#2160);
#15638=IFCSHAPEREPRESENTATION(#24,'Body','MappedRepresentation',(#15637));
#15639=IFCPRODUCTDEFINITIONSHAPE($,$,(#15638));
#15640=IFCCARTESIANPOINT((-0.24593234273320658,-3.6776763959385943,-3.5960001910204982));
#15641=IFCDIRECTION((0.76399584049849378,-0.30225464924991163,0.57004603560397904));
#15642=IFCDIRECTION((0.40507767170907399,0.91236780565862219,-0.05913600494137583));
#15643=IFCAXIS2PLACEMENT3D(#15640,#15641,#15642);
#15644=IFCLOCALPLACEMENT(#34,#15643);
#15645=IFCBUILDINGELEMENTPROXY('2hdYA7Pvr7JBfdxfkMxvbX',#18,'Tubos:Tubos:1721114',$,'Tubos:Tubos',#15644,#15639,'1721114',$);
#15646=IFCPROPERTYSET('3pv5TPjQmSz$B_QeLBbdJk',#18,'Pset_BuildingElementProxyCommon',$,(#10370));
#15647=IFCPROPERTYSET('0U$68Y8GBvirtOUPsJxJLw',#18,'Pset_QuantityTakeOff',$,(#10370));
#15648=IFCRELDEFINESBYPROPERTIES('3QLn$Y8qC2P0ADqa85140n',#18,$,$,(#15645),#15646);
#15649=IFCRELDEFINESBYPROPERTIES('3jpdgGY2bNwjV4bamdGF73',#18,$,$,(#15645),#15647);
#15650=IFCMAPPEDITEM(#14805,#2160);
#15651=IFCSHAPEREPRESENTATION(#24,'Body','MappedRepresentation',(#15650));
#15652=IFCPRODUCTDEFINITIONSHAPE($,$,(#15651));
#15653=IFCCARTESIANPOINT((-0.74776267729727419,-2.8993897273173102,-2.744784393257699));
#15654=IFCDIRECTION((0.23274181485721951,-0.9197524404010391,0.31604856587762081));
#15655=IFCDIRECTION((0.97230360128882842,0.22719913073916612,-0.054829389127933892));
#15656=IFCAXIS2PLACEMENT3D(#15653,#15654,#15655);
#15657=IFCLOCALPLACEMENT(#34,#15656);
#15658=IFCBUILDINGELEMENTPROXY('2hdYA7Pvr7JBfdxfkMxvbb',#18,'Tubos:Tubos:1721118',$,'Tubos:Tubos',#15657,#15652,'1721118',$);
#15659=IFCPROPERTYSET('0DtA4r3WCRfUF7mxdI96js',#18,'Pset_BuildingElementProxyCommon',$,(#10370));
#15660=IFCPROPERTYSET('2cXaHTjftsLEi9OC0NKq_b',#18,'Pset_QuantityTakeOff',$,(#10370));
#15661=IFCRELDEFINESBYPROPERTIES('2ABEfCWNG8QDM7Q2K$xYoB',#18,$,$,(#15658),#15659);
#15662=IFCRELDEFINESBYPROPERTIES('0Ifw3ikh4Ft1vriq0nmbKb',#18,$,$,(#15658),#15660);
#15663=IFCMAPPEDITEM(#14833,#2160);
#15664=IFCSHAPEREPRESENTATION(#24,'Body','MappedRepresentation',(#15663));
#15665=IFCPRODUCTDEFINITIONSHAPE($,$,(#15664));
#15666=IFCCARTESIANPOINT((3.0697957599683074,-5.5729602922480055,6.252855766425661));
#15667=IFCDIRECTION((0.67899424458711111,-0.73393453338479009,0.017519033159079885));
#15668=IFCDIRECTION((-0.43493470759384018,-0.42137216851513581,-0.79578721762234472));
#15669=IFCAXIS2PLACEMENT3D(#15666,#15667,#15668);
#15670=IFCLOCALPLACEMENT(#34,#15669);
#15671=IFCBUILDINGELEMENTPROXY('2hdYA7Pvr7JBfdxfkMxvbP',#18,'Tubos:Tubos:1721122',$,'Tubos:Tubos',#15670,#15665,'1721122',$);
#15672=IFCPROPERTYSET('1w4OUPxBZPWy8NV6qbWIfN',#18,'Pset_BuildingElementProxyCommon',$,(#10370));
#15673=IFCPROPERTYSET('1CfM38$Uorv0R1Xp1ueSv$',#18,'Pset_QuantityTakeOff',$,(#10370));
#15674=IFCRELDEFINESBYPROPERTIES('3qeu20WzVC1on6EKGFObf7',#18,$,$,(#15671),#15672);
#15675=IFCRELDEFINESBYPROPERTIES('3TEGe8aUh22soSiRw_oEsb',#18,$,$,(#15671),#15673);
#15676=IFCMAPPEDITEM(#14861,#2160);
#15677=IFCSHAPEREPRESENTATION(#24,'Body','MappedRepresentation',(#15676));
#15678=IFCPRODUCTDEFINITIONSHAPE($,$,(#15677));
#15679=IFCCARTESIANPOINT((2.5567177975519511,-1.8055655069621566,7.9275477773191385));
#15680=IFCDIRECTION((-0.74418180209552232,-0.11262311570737193,0.65841436742998316));
#15681=IFCDIRECTION((-0.41592869763421131,0.84941043371412051,-0.32481569171131291));
#15682=IFCAXIS2PLACEMENT3D(#15679,#15680,#15681);
#15683=IFCLOCALPLACEMENT(#34,#15682);
#15684=IFCBUILDINGELEMENTPROXY('2hdYA7Pvr7JBfdxfkMxvbT',#18,'Tubos:Tubos:1721126',$,'Tubos:Tubos',#15683,#15678,'1721126',$);
#15685=IFCPROPERTYSET('2kSNqkAtsMldIHB8Hqcbp6',#18,'Pset_BuildingElementProxyCommon',$,(#10370));
#15686=IFCPROPERTYSET('1qbHAaWWGog$plj1aWsIuq',#18,'Pset_QuantityTakeOff',$,(#10370));
#15687=IFCRELDEFINESBYPROPERTIES('3hDImhk4ZkrHjx60hzu68j',#18,$,$,(#15684),#15685);
#15688=IFCRELDEFINESBYPROPERTIES('3DTwnGBd$Ma8ZAogCxjicF',#18,$,$,(#15684),#15686);
#15689=IFCMAPPEDITEM(#14889,#2160);
#15690=IFCSHAPEREPRESENTATION(#24,'Body','MappedRepresentation',(#15689));
#15691=IFCPRODUCTDEFINITIONSHAPE($,$,(#15690));
#15692=IFCCARTESIANPOINT((0.69091403504649762,-0.96506042409647663,2.6627368485385001));
#15693=IFCDIRECTION((0.92709530660725592,0.018807523469303953,0.37435353548183531));
#15694=IFCDIRECTION((-0.31703070913056358,0.572160613775889,0.75638863126819289));
#15695=IFCAXIS2PLACEMENT3D(#15692,#15693,#15694);
#15696=IFCLOCALPLACEMENT(#34,#15695);
#15697=IFCBUILDINGELEMENTPROXY('2hdYA7Pvr7JBfdxfkMxvbH',#18,'Tubos:Tubos:1721130',$,'Tubos:Tubos',#15696,#15691,'1721130',$);
#15698=IFCPROPERTYSET('1DjYszYC7$8cRddsu29hrx',#18,'Pset_BuildingElementProxyCommon',$,(#10370));
#15699=IFCPROPERTYSET('1DuFBl2FfIFhnaDVw1J8v2',#18,'Pset_QuantityTakeOff',$,(#10370));
#15700=IFCRELDEFINESBYPROPERTIES('09PK3ZcbY91SvbAL8YJS7W',#18,$,$,(#15697),#15698);
#15701=IFCRELDEFINESBYPROPERTIES('1NvyzasKO$aN7bJtl5qYZW',#18,$,$,(#15697),#15699);
#15702=IFCMAPPEDITEM(#14941,#2160);
#15703=IFCSHAPEREPRESENTATION(#24,'Body','MappedRepresentation',(#15702));
#15704=IFCPRODUCTDEFINITIONSHAPE($,$,(#15703));
#15705=IFCCARTESIANPOINT((1.8643693544854456,-3.153785835632346,3.5709586744530846));
#15706=IFCDIRECTION((0.35806403419620253,0.81285134904774703,0.45941575045529132));
#15707=IFCDIRECTION((0.096658194652369189,0.45712580761941773,-0.88413414673048329));
#15708=IFCAXIS2PLACEMENT3D(#15705,#15706,#15707);
#15709=IFCLOCALPLACEMENT(#34,#15708);
#15710=IFCBUILDINGELEMENTPROXY('2hdYA7Pvr7JBfdxfkMxvbL',#18,'Tubos:Tubos:1721134',$,'Tubos:Tubos',#15709,#15704,'1721134',$);
#15711=IFCPROPERTYSET('1$BhSZE$GlyQQHfGAXfudN',#18,'Pset_BuildingElementProxyCommon',$,(#10370));
#15712=IFCPROPERTYSET('3ZWJh$xoLyun84ZvJdToK8',#18,'Pset_QuantityTakeOff',$,(#10370));
#15713=IFCRELDEFINESBYPROPERTIES('1B9GJUsYizTW6se3woG67H',#18,$,$,(#15710),#15711);
#15714=IFCRELDEFINESBYPROPERTIES('3p4jEfJIj3$ixy6nk1EO2J',#18,$,$,(#15710),#15712);
#15715=IFCMAPPEDITEM(#14969,#2160);
#15716=IFCSHAPEREPRESENTATION(#24,'Body','MappedRepresentation',(#15715));
#15717=IFCPRODUCTDEFINITIONSHAPE($,$,(#15716));
#15718=IFCCARTESIANPOINT((-3.6343416395361801,-3.5722289994278009,7.5053283309311203));
#15719=IFCDIRECTION((-0.61132845582289941,-0.64338269202821297,0.46079955588055765));
#15720=IFCDIRECTION((-0.65760369807344687,0.089054292622534947,-0.74808202039992044));
#15721=IFCAXIS2PLACEMENT3D(#15718,#15719,#15720);
#15722=IFCLOCALPLACEMENT(#34,#15721);
#15723=IFCBUILDINGELEMENTPROXY('2hdYA7Pvr7JBfdxfkMxvb9',#18,'Tubos:Tubos:1721138',$,'Tubos:Tubos',#15722,#15717,'1721138',$);
#15724=IFCPROPERTYSET('0MIIYZt8oojAayHcSNjTqW',#18,'Pset_BuildingElementProxyCommon',$,(#10370));
#15725=IFCPROPERTYSET('0fX_qW30xG2nxwUa6yZZdi',#18,'Pset_QuantityTakeOff',$,(#10370));
#15726=IFCRELDEFINESBYPROPERTIES('0LRu7tb5gu1hKvwOFiIktZ',#18,$,$,(#15723),#15724);
#15727=IFCRELDEFINESBYPROPERTIES('3GNoqU5HqjodvQMqKUe7qF',#18,$,$,(#15723),#15725);
#15728=IFCMAPPEDITEM(#14997,#2160);
#15729=IFCSHAPEREPRESENTATION(#24,'Body','MappedRepresentation',(#15728));
#15730=IFCPRODUCTDEFINITIONSHAPE($,$,(#15729));
#15731=IFCCARTESIANPOINT((-2.7725719064115664,0.44193164582595845,4.4842273011227531));
#15732=IFCDIRECTION((-0.46961848219637359,-0.17714367882371418,0.86491537056082846));
#15733=IFCDIRECTION((-0.53378713158877356,-0.72335742747812726,-0.43797868699567488));
#15734=IFCAXIS2PLACEMENT3D(#15731,#15732,#15733);
#15735=IFCLOCALPLACEMENT(#34,#15734);
#15736=IFCBUILDINGELEMENTPROXY('2hdYA7Pvr7JBfdxfkMxvbD',#18,'Tubos:Tubos:1721142',$,'Tubos:Tubos',#15735,#15730,'1721142',$);
#15737=IFCPROPERTYSET('1dXAmVGFByy1iZdwX2nEPW',#18,'Pset_BuildingElementProxyCommon',$,(#10370));
#15738=IFCPROPERTYSET('2V6r_S5oyNAPfrKkOGE4s3',#18,'Pset_QuantityTakeOff',$,(#10370));
#15739=IFCRELDEFINESBYPROPERTIES('2nTNCkumuTFBme3UAskKCa',#18,$,$,(#15736),#15737);
#15740=IFCRELDEFINESBYPROPERTIES('3zboJmI8v7s_4XypcAt2gP',#18,$,$,(#15736),#15738);
#15741=IFCMAPPEDITEM(#15025,#2160);
#15742=IFCSHAPEREPRESENTATION(#24,'Body','MappedRepresentation',(#15741));
#15743=IFCPRODUCTDEFINITIONSHAPE($,$,(#15742));
#15744=IFCCARTESIANPOINT((-2.0822593574031374,0.93366685763346746,1.8381555273684054));
#15745=IFCDIRECTION((-0.58613303018418794,0.21545572702786744,0.78104218875678866));
#15746=IFCDIRECTION((-0.51511923199130893,-0.84317473873156212,-0.15397576691689485));
#15747=IFCAXIS2PLACEMENT3D(#15744,#15745,#15746);
#15748=IFCLOCALPLACEMENT(#34,#15747);
#15749=IFCBUILDINGELEMENTPROXY('2hdYA7Pvr7JBfdxfkMxvb1',#18,'Tubos:Tubos:1721146',$,'Tubos:Tubos',#15748,#15743,'1721146',$);
#15750=IFCPROPERTYSET('3omRJYZilt3rFB63sQc3Zi',#18,'Pset_BuildingElementProxyCommon',$,(#10370));
#15751=IFCPROPERTYSET('3K6qBqoTvGXK4$i96XjmdR',#18,'Pset_QuantityTakeOff',$,(#10370));
#15752=IFCRELDEFINESBYPROPERTIES('14S11s7SyTs2eXkujnJbql',#18,$,$,(#15749),#15750);
#15753=IFCRELDEFINESBYPROPERTIES('29LL2HQ3dPqFA83kEtIf0F',#18,$,$,(#15749),#15751);
#15754=IFCMAPPEDITEM(#15053,#2160);
#15755=IFCSHAPEREPRESENTATION(#24,'Body','MappedRepresentation',(#15754));
#15756=IFCPRODUCTDEFINITIONSHAPE($,$,(#15755));
#15757=IFCCARTESIANPOINT((3.1366446078043833,-0.52967968040561342,0.086525300137665545));
#15758=IFCDIRECTION((-0.71038445848363219,-0.58149115081090008,-0.3965122478228531));
#15759=IFCDIRECTION((0.17237345451082134,-0.68996347381294654,0.70302048119807814));
#15760=IFCAXIS2PLACEMENT3D(#15757,#15758,#15759);
#15761=IFCLOCALPLACEMENT(#34,#15760);
#15762=IFCBUILDINGELEMENTPROXY('2hdYA7Pvr7JBfdxfkMxvb5',#18,'Tubos:Tubos:1721150',$,'Tubos:Tubos',#15761,#15756,'1721150',$);
#15763=IFCPROPERTYSET('1UUVtzg2opweki$wuCLSOL',#18,'Pset_BuildingElementProxyCommon',$,(#10370));
#15764=IFCPROPERTYSET('25$ZA3dvhv1Mp0AVd3G_7b',#18,'Pset_QuantityTakeOff',$,(#10370));
#15765=IFCRELDEFINESBYPROPERTIES('0UtC_nua2$m9PvZL9TsHZp',#18,$,$,(#15762),#15763);
#15766=IFCRELDEFINESBYPROPERTIES('0ALrf_v158cfaOC6Y79Swr',#18,$,$,(#15762),#15764);
#15767=IFCMAPPEDITEM(#15081,#2160);
#15768=IFCSHAPEREPRESENTATION(#24,'Body','MappedRepresentation',(#15767));
#15769=IFCPRODUCTDEFINITIONSHAPE($,$,(#15768));
#15770=IFCCARTESIANPOINT((-0.87362280413345395,-4.1979181669954375,-3.1737631933547763));
#15771=IFCDIRECTION((0.55981773704640891,-0.17003241583219686,0.81098278579418981));
#15772=IFCDIRECTION((0.45134739335268426,0.88335698502604865,-0.1263565096044785));
#15773=IFCAXIS2PLACEMENT3D(#15770,#15771,#15772);
#15774=IFCLOCALPLACEMENT(#34,#15773);
#15775=IFCBUILDINGELEMENTPROXY('2hdYA7Pvr7JBfdxfkMxvav',#18,'Tubos:Tubos:1721154',$,'Tubos:Tubos',#15774,#15769,'1721154',$);
#15776=IFCPROPERTYSET('163KobLt$4XUktHCgKU81U',#18,'Pset_BuildingElementProxyCommon',$,(#10370));
#15777=IFCPROPERTYSET('1$iDLfWPtccvUs9WzLmPIl',#18,'Pset_QuantityTakeOff',$,(#10370));
#15778=IFCRELDEFINESBYPROPERTIES('1YEjQZaClEW4VeT5uNaoe$',#18,$,$,(#15775),#15776);
#15779=IFCRELDEFINESBYPROPERTIES('2dX4Y69oaDTab1vjE7oskk',#18,$,$,(#15775),#15777);
#15780=IFCMAPPEDITEM(#15109,#2160);
#15781=IFCSHAPEREPRESENTATION(#24,'Body','MappedRepresentation',(#15780));
#15782=IFCPRODUCTDEFINITIONSHAPE($,$,(#15781));
#15783=IFCCARTESIANPOINT((-2.4899679078907724,-5.9141975723062954,-0.17162598399457141));
#15784=IFCDIRECTION((0.99947390160335048,-0.032433316416549889,0.));
#15785=IFCDIRECTION((0.026247118215988852,0.8088383350088828,-0.58744500730316362));
#15786=IFCAXIS2PLACEMENT3D(#15783,#15784,#15785);
#15787=IFCLOCALPLACEMENT(#34,#15786);
#15788=IFCBUILDINGELEMENTPROXY('2hdYA7Pvr7JBfdxfkMxvaz',#18,'Tubos:Tubos:1721158',$,'Tubos:Tubos',#15787,#15782,'1721158',$);
#15789=IFCPROPERTYSET('3BQxbcszpmTapGHVRAsAZV',#18,'Pset_BuildingElementProxyCommon',$,(#10370));
#15790=IFCPROPERTYSET('1r4UyM2gmwzNA8Ke$2QEzB',#18,'Pset_QuantityTakeOff',$,(#10370));
#15791=IFCRELDEFINESBYPROPERTIES('32mDtPGIZMGoZ7tytfksi8',#18,$,$,(#15788),#15789);
#15792=IFCRELDEFINESBYPROPERTIES('2ExKgJS5fQVZfYpqlcWrIL',#18,$,$,(#15788),#15790);
#15793=IFCMAPPEDITEM(#15137,#2160);
#15794=IFCSHAPEREPRESENTATION(#24,'Body','MappedRepresentation',(#15793));
#15795=IFCPRODUCTDEFINITIONSHAPE($,$,(#15794));
#15796=IFCCARTESIANPOINT((-0.88928186921848973,0.802680958433451,-3.3034484167176248));
#15797=IFCDIRECTION((0.66246596177653772,-0.64213317343468457,0.38575100396782935));
#15798=IFCDIRECTION((0.18362715445293179,0.63845158704239924,0.74743604351848114));
#15799=IFCAXIS2PLACEMENT3D(#15796,#15797,#15798);
#15800=IFCLOCALPLACEMENT(#34,#15799);
#15801=IFCBUILDINGELEMENTPROXY('2hdYA7Pvr7JBfdxfkMxvan',#18,'Tubos:Tubos:1721162',$,'Tubos:Tubos',#15800,#15795,'1721162',$);
#15802=IFCPROPERTYSET('2nBRz5Fex7ZwGre8Hi9Y0d',#18,'Pset_BuildingElementProxyCommon',$,(#10370));
#15803=IFCPROPERTYSET('0gNSg9wXV9Uq2A5lUlI0tw',#18,'Pset_QuantityTakeOff',$,(#10370));
#15804=IFCRELDEFINESBYPROPERTIES('0fRiXuU3fFzmin$Mep7Eb5',#18,$,$,(#15801),#15802);
#15805=IFCRELDEFINESBYPROPERTIES('23garbDJqKh_YhPjkJt3Y$',#18,$,$,(#15801),#15803);
#15806=IFCMAPPEDITEM(#15165,#2160);
#15807=IFCSHAPEREPRESENTATION(#24,'Body','MappedRepresentation',(#15806));
#15808=IFCPRODUCTDEFINITIONSHAPE($,$,(#15807));
#15809=IFCCARTESIANPOINT((2.786027381735253,-5.3685909821738349,7.0065050981887635));
#15810=IFCDIRECTION((0.87334506815786761,0.19176315384740603,0.44776699828239425));
#15811=IFCDIRECTION((0.36010627749389712,0.36483576962099656,-0.85861419165684871));
#15812=IFCAXIS2PLACEMENT3D(#15809,#15810,#15811);
#15813=IFCLOCALPLACEMENT(#34,#15812);
#15814=IFCBUILDINGELEMENTPROXY('2hdYA7Pvr7JBfdxfkMxvar',#18,'Tubos:Tubos:1721166',$,'Tubos:Tubos',#15813,#15808,'1721166',$);
#15815=IFCPROPERTYSET('0XkeOQKDh$sskik6lqtgdI',#18,'Pset_BuildingElementProxyCommon',$,(#10370));
#15816=IFCPROPERTYSET('3PQg4wWxvFjiq$phq9Vdtt',#18,'Pset_QuantityTakeOff',$,(#10370));
#15817=IFCRELDEFINESBYPROPERTIES('37iYQXnm9wEm9tLlIj_BDF',#18,$,$,(#15814),#15815);
#15818=IFCRELDEFINESBYPROPERTIES('3yGjj55gzPF6$LZyrkyIJU',#18,$,$,(#15814),#15816);
#15819=IFCMAPPEDITEM(#15193,#2160);
#15820=IFCSHAPEREPRESENTATION(#24,'Body','MappedRepresentation',(#15819));
#15821=IFCPRODUCTDEFINITIONSHAPE($,$,(#15820));
#15822=IFCCARTESIANPOINT((-3.7169152333856852,-1.9874496706075344,10.994615597938507));
#15823=IFCDIRECTION((-0.83949106068500134,-0.33081637842363504,0.43106296848214865));
#15824=IFCDIRECTION((-0.54206181786744301,0.56495311441529028,-0.62209080054499055));
#15825=IFCAXIS2PLACEMENT3D(#15822,#15823,#15824);
#15826=IFCLOCALPLACEMENT(#34,#15825);
#15827=IFCBUILDINGELEMENTPROXY('2hdYA7Pvr7JBfdxfkMxvaf',#18,'Tubos:Tubos:1721170',$,'Tubos:Tubos',#15826,#15821,'1721170',$);
#15828=IFCPROPERTYSET('2er2e6I8s$LxCEyBihx7e3',#18,'Pset_BuildingElementProxyCommon',$,(#10370));
#15829=IFCPROPERTYSET('2xKqMpYAm9WlkmcpJZlt6M',#18,'Pset_QuantityTakeOff',$,(#10370));
#15830=IFCRELDEFINESBYPROPERTIES('3tTK6B4Btbgpx5AtaMkw$8',#18,$,$,(#15827),#15828);
#15831=IFCRELDEFINESBYPROPERTIES('1SUQPExIJZBJ9beqfTXDgZ',#18,$,$,(#15827),#15829);
#15832=IFCMAPPEDITEM(#15221,#2160);
#15833=IFCSHAPEREPRESENTATION(#24,'Body','MappedRepresentation',(#15832));
#15834=IFCPRODUCTDEFINITIONSHAPE($,$,(#15833));
#15835=IFCCARTESIANPOINT((2.1086477304472506,-3.959004027869593,10.222946504007254));
#15836=IFCDIRECTION((0.022199317036875863,0.36314301284528933,0.93146891657464459));
#15837=IFCDIRECTION((0.5425288538160592,0.77820513450097117,-0.31632137362713619));
#15838=IFCAXIS2PLACEMENT3D(#15835,#15836,#15837);
#15839=IFCLOCALPLACEMENT(#34,#15838);
#15840=IFCBUILDINGELEMENTPROXY('2hdYA7Pvr7JBfdxfkMxvaj',#18,'Tubos:Tubos:1721174',$,'Tubos:Tubos',#15839,#15834,'1721174',$);
#15841=IFCPROPERTYSET('2FnEyetvrYw9JlFCKHdZz4',#18,'Pset_BuildingElementProxyCommon',$,(#10370));
#15842=IFCPROPERTYSET('3QEGWnUXErFvncLfxeu5AU',#18,'Pset_QuantityTakeOff',$,(#10370));
#15843=IFCRELDEFINESBYPROPERTIES('2QRSjY3_ojkNh7Hkd6tHRm',#18,$,$,(#15840),#15841);
#15844=IFCRELDEFINESBYPROPERTIES('0yx9FzasnB3ilq7UUnZYJX',#18,$,$,(#15840),#15842);
#15845=IFCMAPPEDITEM(#15249,#2160);
#15846=IFCSHAPEREPRESENTATION(#24,'Body','MappedRepresentation',(#15845));
#15847=IFCPRODUCTDEFINITIONSHAPE($,$,(#15846));
#15848=IFCCARTESIANPOINT((4.5603701525493543,0.33255218475833354,0.45100119110414477));
#15849=IFCDIRECTION((0.22590659489423959,-0.93072163080852599,0.2876168568224185));
#15850=IFCDIRECTION((0.1456262716417735,0.32419712465150674,0.9347134391755646));
#15851=IFCAXIS2PLACEMENT3D(#15848,#15849,#15850);
#15852=IFCLOCALPLACEMENT(#34,#15851);
#15853=IFCBUILDINGELEMENTPROXY('2hdYA7Pvr7JBfdxfkMxvaX',#18,'Tubos:Tubos:1721178',$,'Tubos:Tubos',#15852,#15847,'1721178',$);
#15854=IFCPROPERTYSET('1ocPDwFPq2YKLH9j3F3HFX',#18,'Pset_BuildingElementProxyCommon',$,(#10370));
#15855=IFCPROPERTYSET('0BfeS_lRlrjEDc2Xf0Dfvb',#18,'Pset_QuantityTakeOff',$,(#10370));
#15856=IFCRELDEFINESBYPROPERTIES('0LrFthSfzPcEZmlfKgeh96',#18,$,$,(#15853),#15854);
#15857=IFCRELDEFINESBYPROPERTIES('1Px0zhRKATjCgdHrRuMI5N',#18,$,$,(#15853),#15855);
#15858=IFCMAPPEDITEM(#15277,#2160);
#15859=IFCSHAPEREPRESENTATION(#24,'Body','MappedRepresentation',(#15858));
#15860=IFCPRODUCTDEFINITIONSHAPE($,$,(#15859));
#15861=IFCCARTESIANPOINT((6.1554373178068786,-0.6755230021825962,-0.32413338117437546));
#15862=IFCDIRECTION((-0.67023289246475581,-0.66430123923826989,-0.33089535113812973));
#15863=IFCDIRECTION((0.21212684509516791,-0.5987347204051845,0.77234638354257623));
#15864=IFCAXIS2PLACEMENT3D(#15861,#15862,#15863);
#15865=IFCLOCALPLACEMENT(#34,#15864);
#15866=IFCBUILDINGELEMENTPROXY('2hdYA7Pvr7JBfdxfkMxvab',#18,'Tubos:Tubos:1721182',$,'Tubos:Tubos',#15865,#15860,'1721182',$);
#15867=IFCPROPERTYSET('0yEE68xGSF0$5IuZlIhl9f',#18,'Pset_BuildingElementProxyCommon',$,(#10370));
#15868=IFCPROPERTYSET('211mLggB$npjUK5qEWKpr6',#18,'Pset_QuantityTakeOff',$,(#10370));
#15869=IFCRELDEFINESBYPROPERTIES('213K8pub46Ke$47r8spJQv',#18,$,$,(#15866),#15867);
#15870=IFCRELDEFINESBYPROPERTIES('1wr2jZ4ETCCvbdMPTmMcfC',#18,$,$,(#15866),#15868);
#15871=IFCMAPPEDITEM(#15305,#2160);
#15872=IFCSHAPEREPRESENTATION(#24,'Body','MappedRepresentation',(#15871));
#15873=IFCPRODUCTDEFINITIONSHAPE($,$,(#15872));
#15874=IFCCARTESIANPOINT((3.8358149453150685,-5.9784596785588526,-3.4730766575101191));
#15875=IFCDIRECTION((-0.51926974338858456,0.83833500360958535,0.16599203391750464));
#15876=IFCDIRECTION((-0.42550817280306608,-0.42206355394504386,0.80050306139894001));
#15877=IFCAXIS2PLACEMENT3D(#15874,#15875,#15876);
#15878=IFCLOCALPLACEMENT(#34,#15877);
#15879=IFCBUILDINGELEMENTPROXY('2hdYA7Pvr7JBfdxfkMxvaP',#18,'Tubos:Tubos:1721186',$,'Tubos:Tubos',#15878,#15873,'1721186',$);
#15880=IFCPROPERTYSET('0c$DCZBNSzlvWYgKNVxlha',#18,'Pset_BuildingElementProxyCommon',$,(#10370));
#15881=IFCPROPERTYSET('25hg$BGNJXrQ5H_CIH5LrI',#18,'Pset_QuantityTakeOff',$,(#10370));
#15882=IFCRELDEFINESBYPROPERTIES('2oIxqZrcu$YdeIqPFXN_Ih',#18,$,$,(#15879),#15880);
#15883=IFCRELDEFINESBYPROPERTIES('19BHagzqCVKDTB_Ysj6COY',#18,$,$,(#15879),#15881);
#15884=IFCMAPPEDITEM(#15333,#2160);
#15885=IFCSHAPEREPRESENTATION(#24,'Body','MappedRepresentation',(#15884));
#15886=IFCPRODUCTDEFINITIONSHAPE($,$,(#15885));
#15887=IFCCARTESIANPOINT((-4.721327480534022,-1.4411292235236191,1.2676525026257588));
#15888=IFCDIRECTION((0.38543838466845631,-0.40747245391723896,0.82789096560044362));
#15889=IFCDIRECTION((0.33620780849115411,-0.77352248176295135,-0.53724043008401734));
#15890=IFCAXIS2PLACEMENT3D(#15887,#15888,#15889);
#15891=IFCLOCALPLACEMENT(#34,#15890);
#15892=IFCBUILDINGELEMENTPROXY('2hdYA7Pvr7JBfdxfkMxvaT',#18,'Tubos:Tubos:1721190',$,'Tubos:Tubos',#15891,#15886,'1721190',$);
#15893=IFCPROPERTYSET('2zRyijbOzzY$nQBFW_j1xg',#18,'Pset_BuildingElementProxyCommon',$,(#10370));
#15894=IFCPROPERTYSET('3Q9rDcausahqd69Wr2rW70',#18,'Pset_QuantityTakeOff',$,(#10370));
#15895=IFCRELDEFINESBYPROPERTIES('3RqkIF0uZBy0HA6FnwX7mX',#18,$,$,(#15892),#15893);
#15896=IFCRELDEFINESBYPROPERTIES('2oLgd$4SguqXMsx8NJPy6Y',#18,$,$,(#15892),#15894);
#15897=IFCMAPPEDITEM(#15373,#2160);
#15898=IFCSHAPEREPRESENTATION(#24,'Body','MappedRepresentation',(#15897));
#15899=IFCPRODUCTDEFINITIONSHAPE($,$,(#15898));
#15900=IFCCARTESIANPOINT((-6.2504925846791526,-1.3754588831167276,2.1776808635702509));
#15901=IFCDIRECTION((-0.099653432345976845,-0.78865124271426956,0.60671114279111771));
#15902=IFCDIRECTION((0.12074648084854905,-0.61482500362276193,-0.77936544847905709));
#15903=IFCAXIS2PLACEMENT3D(#15900,#15901,#15902);
#15904=IFCLOCALPLACEMENT(#34,#15903);
#15905=IFCBUILDINGELEMENTPROXY('2hdYA7Pvr7JBfdxfkMxvaH',#18,'Tubos:Tubos:1721194',$,'Tubos:Tubos',#15904,#15899,'1721194',$);
#15906=IFCPROPERTYSET('0Rvh2XuYCzQ4YGgQej5y5U',#18,'Pset_BuildingElementProxyCommon',$,(#10370));
#15907=IFCPROPERTYSET('0q16x7ZTWqg_i_3aJkC5Op',#18,'Pset_QuantityTakeOff',$,(#10370));
#15908=IFCRELDEFINESBYPROPERTIES('114UgB_qibuWAOE_hquPVF',#18,$,$,(#15905),#15906);
#15909=IFCRELDEFINESBYPROPERTIES('1saZxB3NmXc8eEQM2mmQma',#18,$,$,(#15905),#15907);
#15910=IFCMAPPEDITEM(#14738,#2160);
#15911=IFCSHAPEREPRESENTATION(#24,'Body','MappedRepresentation',(#15910));
#15912=IFCPRODUCTDEFINITIONSHAPE($,$,(#15911));
#15913=IFCCARTESIANPOINT((4.0305099187142508,-1.518704622824568,0.));
#15914=IFCDIRECTION((0.70710586896196992,-0.70710769340994817,0.));
#15915=IFCAXIS2PLACEMENT3D(#15913,#9,#15914);
#15916=IFCLOCALPLACEMENT(#34,#15915);
#15917=IFCBUILDINGELEMENTPROXY('2hdYA7Pvr7JBfdxfkMxvcg',#18,'Andamio Parametrico:1x1 - Escalera Vertical:1721297',$,'Andamio Parametrico:1x1 - Escalera Vertical',#15916,#15912,'1721297',$);
#15918=IFCPROPERTYSET('0tSTHW6hIoTlj1HfRyfXFK',#18,'Pset_BuildingElementProxyCommon',$,(#2169));
#15919=IFCPROPERTYSET('3p9TNBdWkgiwjGSfAFgpkv',#18,'Pset_QuantityTakeOff',$,(#2169));
#15920=IFCRELDEFINESBYPROPERTIES('2iF_Oetb6hhCOaktGZkNJx',#18,$,$,(#15917),#15918);
#15921=IFCRELDEFINESBYPROPERTIES('11uZo50nbcggcsQoWdWj5Z',#18,$,$,(#15917),#15919);
#15922=IFCMAPPEDITEM(#14738,#2160);
#15923=IFCSHAPEREPRESENTATION(#24,'Body','MappedRepresentation',(#15922));
#15924=IFCPRODUCTDEFINITIONSHAPE($,$,(#15923));
#15925=IFCCARTESIANPOINT((2.955706224731129,-2.5935055436467596,0.));
#15926=IFCDIRECTION((0.70710586896196992,-0.70710769340994817,0.));
#15927=IFCAXIS2PLACEMENT3D(#15925,#9,#15926);
#15928=IFCLOCALPLACEMENT(#34,#15927);
#15929=IFCBUILDINGELEMENTPROXY('2hdYA7Pvr7JBfdxfkMxvcf',#18,'Andamio Parametrico:1x1 - Escalera Vertical:1721298',$,'Andamio Parametrico:1x1 - Escalera Vertical',#15928,#15924,'1721298',$);
#15930=IFCPROPERTYSET('20iBlTLrsf1nvVViPsxMy_',#18,'Pset_BuildingElementProxyCommon',$,(#2169));
#15931=IFCPROPERTYSET('3IoyENKXC$pu5ZZAM2y9Uq',#18,'Pset_QuantityTakeOff',$,(#2169));
#15932=IFCRELDEFINESBYPROPERTIES('3B6wQ_8PIds4zWp24TOoox',#18,$,$,(#15929),#15930);
#15933=IFCRELDEFINESBYPROPERTIES('1El6B8MwCEnNsivSZH3P5w',#18,$,$,(#15929),#15931);
#15934=IFCMAPPEDITEM(#14738,#2160);
#15935=IFCSHAPEREPRESENTATION(#24,'Body','MappedRepresentation',(#15934));
#15936=IFCPRODUCTDEFINITIONSHAPE($,$,(#15935));
#15937=IFCCARTESIANPOINT((1.8809025307480056,-3.6683064644689529,0.));
#15938=IFCDIRECTION((0.70710586896196992,-0.70710769340994817,0.));
#15939=IFCAXIS2PLACEMENT3D(#15937,#9,#15938);
#15940=IFCLOCALPLACEMENT(#34,#15939);
#15941=IFCBUILDINGELEMENTPROXY('2hdYA7Pvr7JBfdxfkMxvce',#18,'Andamio Parametrico:1x1 - Escalera Vertical:1721299',$,'Andamio Parametrico:1x1 - Escalera Vertical',#15940,#15936,'1721299',$);
#15942=IFCPROPERTYSET('2aCgNNrq_pITeXeEpWcOoF',#18,'Pset_BuildingElementProxyCommon',$,(#2169));
#15943=IFCPROPERTYSET('0lEIa5zVahtRR_i34$wYvM',#18,'Pset_QuantityTakeOff',$,(#2169));
#15944=IFCRELDEFINESBYPROPERTIES('09aBIfwSfGYIt20Xn5KG1O',#18,$,$,(#15941),#15942);
#15945=IFCRELDEFINESBYPROPERTIES('030tDn0QWzW7lCME6rTHuU',#18,$,$,(#15941),#15943);
#15946=IFCPROPERTYSINGLEVALUE('Name',$,IFCLABEL('L1'),$);
#15947=IFCPROPERTYSET('2l4vqu11LCaZAypUbzwyea',#18,'Pset_AirSideSystemInformation',$,(#15946));
#15948=IFCPROPERTYSINGLEVALUE('AboveGround',$,IFCLOGICAL(.U.),$);
#15949=IFCPROPERTYSET('16L50AfyZF4hYq5TGET4H4',#18,'Pset_BuildingStoreyCommon',$,(#15948));
#15950=IFCPROPERTYSINGLEVALUE('Name',$,IFCLABEL('L1'),$);
#15951=IFCPROPERTYSET('0Fxv$pCHYe$d1NPq668uup',#18,'Pset_ProductRequirements',$,(#15950));
#15952=IFCRELDEFINESBYPROPERTIES('3NFes7CBV81H0RHVpWu5ZF',#18,$,$,(#35),#15947);
#15953=IFCRELDEFINESBYPROPERTIES('2VdfSfkgzGoZi_3SgzE8$0',#18,$,$,(#35),#15949);
#15954=IFCRELDEFINESBYPROPERTIES('0Vxl9G1EBUZpUdM$cyum7J',#18,$,$,(#35),#15951);
#15955=IFCRELCONTAINEDINSPATIALSTRUCTURE('2JF4e6axWHqu3u0C5FZlmi',#18,$,$,(#2168,#9211,#9224,#9236,#9248,#9260,#9272,#9284,#9296,#9308,#9320,#9332,#9344,#9356,#9368,#9380,#9430,#9443,#9455,#9467,#9479,#9491,#9503,#9515,#9527,#9539,#10052,#10064,#10075,#10086,#10097,#10108,#10119,#10369,#10398,#10426,#10454,#10482,#10510,#10538,#10566,#10594,#10622,#10650,#10678,#10706,#10734,#10762,#10790,#10818,#10846,#10858,#10870,#10882,#10894,#10906,#10918,#10930,#10942,#10954,#10966,#10978,#10990,#11002,#11014,#11026,#11038,#11050,#11062,#11074,#11086,#11098,#11110,#11122,#11134,#11146,#11638,#11650,#11662,#11674,#11686,#11698,#11710,#11975,#12013,#12603,#14747,#14759,#14787,#14815,#14843,#14871,#14899,#14915,#14951,#14979,#15007,#15035,#15063,#15091,#15119,#15147,#15175,#15203,#15231,#15259,#15287,#15315,#15343,#15355,#15383,#15396,#15409,#15422,#15435,#15448,#15461,#15474,#15487,#15500,#15513,#15526,#15539,#15552,#15565,#15578,#15591,#15604,#15632,#15645,#15658,#15671,#15684,#15697,#15710,#15723,#15736,#15749,#15762,#15775,#15788,#15801,#15814,#15827,#15840,#15853,#15866,#15879,#15892,#15905,#15917,#15929,#15941),#35);
#15956=IFCPROPERTYSINGLEVALUE('Name',$,IFCLABEL('L2'),$);
#15957=IFCPROPERTYSET('2rmMSkA7gc4STb1LnLF8UH',#18,'Pset_AirSideSystemInformation',$,(#15956));
#15958=IFCPROPERTYSET('1n34enW33Z_3Qq2Pm1kjQZ',#18,'Pset_BuildingStoreyCommon',$,(#15948));
#15959=IFCPROPERTYSINGLEVALUE('Name',$,IFCLABEL('L2'),$);
#15960=IFCPROPERTYSET('3b2aIDv9vaOvbWU0hVWzaG',#18,'Pset_ProductRequirements',$,(#15959));
#15961=IFCRELDEFINESBYPROPERTIES('1kaSOYlg8iono8iflzrHRz',#18,$,$,(#39),#15957);
#15962=IFCRELDEFINESBYPROPERTIES('36oM8gyLQ5_Z6XoGK5uP1E',#18,$,$,(#39),#15958);
#15963=IFCRELDEFINESBYPROPERTIES('2r$5AllCk4VpjESRla$JzH',#18,$,$,(#39),#15960);
#15964=IFCRELCONTAINEDINSPATIALSTRUCTURE('1ZGO8hrFCHqw0v0066FpFv',#18,$,$,(#9551,#9563,#9575,#9587,#9599,#9611,#9623,#9635,#9647,#9659,#9671,#9683,#9695,#9707,#9719,#9887,#9899,#9911,#9923,#9935,#9947,#9959,#9971,#10130,#10141,#10152,#10163,#10174,#10185,#10321,#10332,#11158,#11170,#11182,#11194,#11206,#11218,#11230,#11242,#11254,#11266,#11278,#11290,#11302,#11314,#11326,#11494,#11506,#11518,#11530,#11542,#11554,#11566,#11578,#11722,#11734,#11746,#11758,#11770,#11782,#11926,#11938,#14927),#39);
#15965=IFCPROPERTYSINGLEVALUE('Name',$,IFCLABEL('L3'),$);
#15966=IFCPROPERTYSET('1X8meb9hVqm1JIpxsJT8vM',#18,'Pset_AirSideSystemInformation',$,(#15965));
#15967=IFCPROPERTYSET('1YodziNwJkoKSfRSj4jR_y',#18,'Pset_BuildingStoreyCommon',$,(#15948));
#15968=IFCPROPERTYSINGLEVALUE('Name',$,IFCLABEL('L3'),$);
#15969=IFCPROPERTYSET('2RQtCXzgmbcEF_gzf9HMU7',#18,'Pset_ProductRequirements',$,(#15968));
#15970=IFCRELDEFINESBYPROPERTIES('2aZAyqo5UGq_wFQruy5liW',#18,$,$,(#43),#15966);
#15971=IFCRELDEFINESBYPROPERTIES('1sH5e4r94oVTqkjnOmH8EO',#18,$,$,(#43),#15967);
#15972=IFCRELDEFINESBYPROPERTIES('3nN4OTouvqca0rU5XjiE$A',#18,$,$,(#43),#15969);
#15973=IFCRELCONTAINEDINSPATIALSTRUCTURE('3tfz9BOuv7FPSfJt_Q7hCt',#18,$,$,(#9731,#9743,#9755,#9767,#9779,#9791,#9803,#9815,#9827,#9839,#9851,#9863,#9875,#10196,#10207,#10218,#10229,#10263,#10274,#11338,#11350,#11362,#11374,#11386,#11398,#11410,#11422,#11434,#11446,#11458,#11470,#11482,#11794,#11806,#11818,#11830,#11866,#11878),#43);
#15974=IFCPROPERTYSINGLEVALUE('Name',$,IFCLABEL('L4'),$);
#15975=IFCPROPERTYSET('0LL8UZEkUYE6ZztzzVkbrD',#18,'Pset_AirSideSystemInformation',$,(#15974));
#15976=IFCPROPERTYSET('1t8g5bIDIouyhlBTPZCt5Y',#18,'Pset_BuildingStoreyCommon',$,(#15948));
#15977=IFCPROPERTYSINGLEVALUE('Name',$,IFCLABEL('L4'),$);
#15978=IFCPROPERTYSET('1bZQSluleDpf7ItkFNNdA1',#18,'Pset_ProductRequirements',$,(#15977));
#15979=IFCRELDEFINESBYPROPERTIES('30eKaDNwmOyKFJdFa79kFY',#18,$,$,(#47),#15975);
#15980=IFCRELDEFINESBYPROPERTIES('10BWCOQTyn05T0ncV5QseB',#18,$,$,(#47),#15976);
#15981=IFCRELDEFINESBYPROPERTIES('2HeK8oopG$iehsXLIYX$d3',#18,$,$,(#47),#15978);
#15982=IFCRELCONTAINEDINSPATIALSTRUCTURE('3tfz9BOuv7FPSfJt_Q7gdd',#18,$,$,(#9983,#9995,#10007,#10019,#10240,#10251,#10286,#10298,#10309,#11590,#11602,#11614,#11626,#11842,#11854,#11890,#11902,#11914),#47);
#15983=IFCPROPERTYSINGLEVALUE('Name',$,IFCLABEL('L5'),$);
#15984=IFCPROPERTYSET('0GC6KidZoj8dBcaVaCu3_V',#18,'Pset_AirSideSystemInformation',$,(#15983));
#15985=IFCPROPERTYSET('2jDxktfIRRgKZHnYessYym',#18,'Pset_BuildingStoreyCommon',$,(#15948));
#15986=IFCPROPERTYSINGLEVALUE('Name',$,IFCLABEL('L5'),$);
#15987=IFCPROPERTYSET('1bymBb8b5eagtk8cQQqWcY',#18,'Pset_ProductRequirements',$,(#15986));
#15988=IFCRELDEFINESBYPROPERTIES('1B8_5JCEB80wOPRDKbKfYk',#18,$,$,(#51),#15984);
#15989=IFCRELDEFINESBYPROPERTIES('0q$jeLVV0DTraXYEEIhmEx',#18,$,$,(#51),#15985);
#15990=IFCRELDEFINESBYPROPERTIES('20u0_QrhyEpNS$mbIrgffm',#18,$,$,(#51),#15987);
#15991=IFCRELAGGREGATES('0I8PJdzxiue3_qMGjAspZ2',#18,$,$,#27,(#54));
#15992=IFCRELAGGREGATES('2fkMpeuBX4GYyhmmHomLMj',#18,$,$,#54,(#32));
#15993=IFCRELAGGREGATES('1yhDISh1T5aQqAoygxGIhP',#18,$,$,#32,(#35,#39,#43,#47,#51));
#15994=IFCPROPERTYSINGLEVALUE('NumberOfStoreys',$,IFCINTEGER(4),$);
#15995=IFCPROPERTYSINGLEVALUE('IsLandmarked',$,IFCLOGICAL(.U.),$);
#15996=IFCPROPERTYSET('0mPfX9NHz$A07MB5iGuAX6',#18,'Pset_BuildingCommon',$,(#15994,#15995));
#15997=IFCRELDEFINESBYPROPERTIES('1sxhpSDZEJiqRdJufNAlpw',#18,$,$,(#32),#15996);
#15998=IFCRELASSOCIATESMATERIAL('0uLBIx5v1vnlr21w5i4GeJ',#18,$,$,(#11975),#11984);
#15999=IFCRELASSOCIATESMATERIAL('2Hk1OnG7otfAyOot28gD28',#18,$,$,(#12603),#12630);
#16000=IFCRELASSOCIATESMATERIAL('2KZFBpgn0Ol_Ql$JyFpNEs',#18,$,$,(#2158,#2168,#9203,#9211,#9224,#9236,#9248,#9260,#9272,#9284,#9296,#9308,#9320,#9332,#9344,#9356,#9368,#9380,#9422,#9430,#9443,#9455,#9467,#9479,#9491,#9503,#9515,#9527,#9539,#9551,#9563,#9575,#9587,#9599,#9611,#9623,#9635,#9647,#9659,#9671,#9683,#9695,#9707,#9719,#9731,#9743,#9755,#9767,#9779,#9791,#9803,#9815,#9827,#9839,#9851,#9863,#9875,#9887,#9899,#9911,#9923,#9935,#9947,#9959,#9971,#9983,#9995,#10007,#10019,#10263,#10286,#10298,#10321,#10858,#10870,#10882,#10894,#10906,#10918,#10930,#10942,#10954,#10966,#10978,#10990,#11002,#11014,#11026,#11038,#11050,#11062,#11074,#11086,#11098,#11110,#11122,#11134,#11146,#11158,#11170,#11182,#11194,#11206,#11218,#11230,#11242,#11254,#11266,#11278,#11290,#11302,#11314,#11326,#11338,#11350,#11362,#11374,#11386,#11398,#11410,#11422,#11434,#11446,#11458,#11470,#11482,#11494,#11506,#11518,#11530,#11542,#11554,#11566,#11578,#11590,#11602,#11614,#11626,#11866,#11890,#11902,#11926,#14739,#14747,#14759,#15355,#15917,#15929,#15941),#2159);
#16001=IFCRELASSOCIATESMATERIAL('1L8EAfpDkyfG_8Sz$_T85T',#18,$,$,(#10040,#10052,#10064,#10075,#10086,#10097,#10108,#10119,#10130,#10141,#10152,#10163,#10174,#10185,#10196,#10207,#10218,#10229,#10240,#10251,#10274,#10309,#10332,#11638,#11650,#11662,#11674,#11686,#11698,#11710,#11722,#11734,#11746,#11758,#11770,#11782,#11794,#11806,#11818,#11830,#11842,#11854,#11878,#11914,#11938),#10041);
#16002=IFCRELASSOCIATESMATERIAL('34OqPeloEk5af00cjUY5c_',#18,$,$,(#10355,#10369,#10389,#10398,#10417,#10426,#10445,#10454,#10473,#10482,#10501,#10510,#10529,#10538,#10557,#10566,#10585,#10594,#10613,#10622,#10641,#10650,#10669,#10678,#10697,#10706,#10725,#10734,#10753,#10762,#10781,#10790,#10809,#10818,#10837,#10846,#14778,#14787,#14806,#14815,#14834,#14843,#14862,#14871,#14890,#14899,#14942,#14951,#14970,#14979,#14998,#15007,#15026,#15035,#15054,#15063,#15082,#15091,#15110,#15119,#15138,#15147,#15166,#15175,#15194,#15203,#15222,#15231,#15250,#15259,#15278,#15287,#15306,#15315,#15334,#15343,#15374,#15383,#15396,#15409,#15422,#15435,#15448,#15461,#15474,#15487,#15500,#15513,#15526,#15539,#15552,#15565,#15578,#15591,#15604,#15623,#15632,#15645,#15658,#15671,#15684,#15697,#15710,#15723,#15736,#15749,#15762,#15775,#15788,#15801,#15814,#15827,#15840,#15853,#15866,#15879,#15892,#15905),#10356);
#16003=IFCRELASSOCIATESMATERIAL('2Vg8ATAVbg1pvyA$Rt7R6z',#18,$,$,(#11976),#11983);
#16004=IFCRELDEFINESBYTYPE('2vm7VuXLiXx3Zpq$y1VIy5',#18,$,$,(#2168,#10321,#11926),#2158);
#16005=IFCRELDEFINESBYTYPE('3AfjlJ87_yRyU55F9FDj_7',#18,$,$,(#9211,#9224,#9236,#9248,#9260,#9272,#9284,#9296,#9308,#9320,#9332,#9344,#9356,#9368,#9380,#9551,#9563,#9575,#9587,#9599,#9611,#9623,#9635,#9647,#9659,#9671,#9683,#9695,#9707,#9719,#9731,#9743,#9755,#9767,#9779,#9791,#9803,#9815,#9827,#9983,#9995,#10007,#10019,#10263,#10286,#10298,#10858,#10870,#10882,#10894,#10906,#10918,#10930,#10942,#10954,#10966,#10978,#10990,#11002,#11014,#11026,#11158,#11170,#11182,#11194,#11206,#11218,#11230,#11242,#11254,#11266,#11278,#11290,#11302,#11314,#11326,#11338,#11350,#11362,#11374,#11386,#11398,#11410,#11422,#11434,#11590,#11602,#11614,#11626,#11866,#11890,#11902),#9203);
#16006=IFCRELDEFINESBYTYPE('250iI7RYYtunZm5f8iVkqK',#18,$,$,(#9430,#9443,#9455,#9467,#9479,#9491,#9503,#9515,#9527,#9539,#9839,#9851,#9863,#9875,#9887,#9899,#9911,#9923,#9935,#9947,#9959,#9971,#11038,#11050,#11062,#11074,#11086,#11098,#11110,#11122,#11134,#11146,#11446,#11458,#11470,#11482,#11494,#11506,#11518,#11530,#11542,#11554,#11566,#11578,#15355),#9422);
#16007=IFCRELDEFINESBYTYPE('3ZmPEbAFq57KnQ8FVJOymG',#18,$,$,(#10052,#10064,#10075,#10086,#10097,#10108,#10119,#10130,#10141,#10152,#10163,#10174,#10185,#10196,#10207,#10218,#10229,#10240,#10251,#10274,#10309,#10332,#11638,#11650,#11662,#11674,#11686,#11698,#11710,#11722,#11734,#11746,#11758,#11770,#11782,#11794,#11806,#11818,#11830,#11842,#11854,#11878,#11914,#11938),#10040);
#16008=IFCRELDEFINESBYTYPE('2mLAAQWrossyq_OmT5FBip',#18,$,$,(#10369,#15396),#10355);
#16009=IFCRELDEFINESBYTYPE('3xcqnnIGERUl1cLAz_lTWt',#18,$,$,(#10398,#15409),#10389);
#16010=IFCRELDEFINESBYTYPE('3rEBpDB8ZX4o$DdclmZhvq',#18,$,$,(#10426,#15422),#10417);
#16011=IFCRELDEFINESBYTYPE('3rVa6ZmFleNYLwfMZ3z68X',#18,$,$,(#10454,#15435),#10445);
#16012=IFCRELDEFINESBYTYPE('0HUk_Mhl45QWjJpZ2TG9MD',#18,$,$,(#10482,#15448),#10473);
#16013=IFCRELDEFINESBYTYPE('32TkKaoPYhLqEbrWFEdBbI',#18,$,$,(#10510,#15461),#10501);
#16014=IFCRELDEFINESBYTYPE('0vOYWJFX8qLMPxhHRhf7iQ',#18,$,$,(#10538,#15474),#10529);
#16015=IFCRELDEFINESBYTYPE('2NCgkfFBJfOCgHvjvVN8g8',#18,$,$,(#10566,#15487),#10557);
#16016=IFCRELDEFINESBYTYPE('3q140FAoFj2RVtxWHp5rl1',#18,$,$,(#10594,#15500),#10585);
#16017=IFCRELDEFINESBYTYPE('2ktiV4ojLPzE9Q4qtEYzwj',#18,$,$,(#10622,#15513),#10613);
#16018=IFCRELDEFINESBYTYPE('07sTaS25xADWjo76roFBSI',#18,$,$,(#10650,#15526),#10641);
#16019=IFCRELDEFINESBYTYPE('2g5mr0cVNgbR0b5MxhWs0I',#18,$,$,(#10678,#15539),#10669);
#16020=IFCRELDEFINESBYTYPE('2GukosQ_xLdyRF8mOqKpUS',#18,$,$,(#10706,#15552),#10697);
#16021=IFCRELDEFINESBYTYPE('0V8jZVpqXpumbV6DkzJO2T',#18,$,$,(#10734,#15565),#10725);
#16022=IFCRELDEFINESBYTYPE('3t_$lUIqmJzaknTEoHjRnl',#18,$,$,(#10762,#15578),#10753);
#16023=IFCRELDEFINESBYTYPE('0gGUXzAeWX135CF0M9bzbR',#18,$,$,(#10790,#15591),#10781);
#16024=IFCRELDEFINESBYTYPE('05hDk6mmxk5nKrPZ2Phw89',#18,$,$,(#10818,#15604),#10809);
#16025=IFCRELDEFINESBYTYPE('39z4KVNlrQThW$a$mljpP2',#18,$,$,(#10846),#10837);
#16026=IFCRELDEFINESBYTYPE('1bgurferyyrfEx97ISVVLa',#18,$,$,(#11975),#11976);
#16027=IFCRELDEFINESBYTYPE('2Kmo6z2zbqim3v1mic_KvQ',#18,$,$,(#12603),#12604);
#16028=IFCRELDEFINESBYTYPE('2Q9bJ7ANOdkgwmJBAZoWao',#18,$,$,(#14747,#14759,#15917,#15929,#15941),#14739);
#16029=IFCRELDEFINESBYTYPE('0y5sGF7LF6LwsEvRv3GM5V',#18,$,$,(#14787,#15645),#14778);
#16030=IFCRELDEFINESBYTYPE('3peNjpywwcXuetFRZ4NsE6',#18,$,$,(#14815,#15658),#14806);
#16031=IFCRELDEFINESBYTYPE('0O$4rB1djVKgnqVX1Ot8NG',#18,$,$,(#14843,#15671),#14834);
#16032=IFCRELDEFINESBYTYPE('30cnitcId$EwzGywpuucMx',#18,$,$,(#14871,#15684),#14862);
#16033=IFCRELDEFINESBYTYPE('3ujIxo9hSIUQHtzStsv0y$',#18,$,$,(#14899,#15697),#14890);
#16034=IFCRELDEFINESBYTYPE('01fgdaqNUkZHoWvbw7$LLT',#18,$,$,(#14951,#15710),#14942);
#16035=IFCRELDEFINESBYTYPE('093FIuuCicl0R3HlbvpxLJ',#18,$,$,(#14979,#15723),#14970);
#16036=IFCRELDEFINESBYTYPE('0MAG0na81ZnUKSryMfoYck',#18,$,$,(#15007,#15736),#14998);
#16037=IFCRELDEFINESBYTYPE('1MbC7vz$LPVXsdd$3daQxs',#18,$,$,(#15035,#15749),#15026);
#16038=IFCRELDEFINESBYTYPE('3KFnryeFm3nRvbYxlntefD',#18,$,$,(#15063,#15762),#15054);
#16039=IFCRELDEFINESBYTYPE('2GjJzAt72Kkp0aUCSCv_vY',#18,$,$,(#15091,#15775),#15082);
#16040=IFCRELDEFINESBYTYPE('0c0mVIA5oaptEmSAaoIDu2',#18,$,$,(#15119,#15788),#15110);
#16041=IFCRELDEFINESBYTYPE('3z2dKAWRmJh5wZI0rxOddi',#18,$,$,(#15147,#15801),#15138);
#16042=IFCRELDEFINESBYTYPE('3XQ7yF6KEWSwCWiozC75GF',#18,$,$,(#15175,#15814),#15166);
#16043=IFCRELDEFINESBYTYPE('0yG26nUIREWplSZ3JFFha7',#18,$,$,(#15203,#15827),#15194);
#16044=IFCRELDEFINESBYTYPE('3P5DL7lfLgaKB3CpZ24ln8',#18,$,$,(#15231,#15840),#15222);
#16045=IFCRELDEFINESBYTYPE('08OWuD6mN8YXRFOhhOtqiZ',#18,$,$,(#15259,#15853),#15250);
#16046=IFCRELDEFINESBYTYPE('2wNOSnSmjb69yuTanmerdi',#18,$,$,(#15287,#15866),#15278);
#16047=IFCRELDEFINESBYTYPE('0KOSNNYz8QdZrfApKP22xy',#18,$,$,(#15315,#15879),#15306);
#16048=IFCRELDEFINESBYTYPE('3t$kcGQWgmrimmJxghN4sa',#18,$,$,(#15343,#15892),#15334);
#16049=IFCRELDEFINESBYTYPE('15W0Ht_cGYi1Mz4OOzWRJn',#18,$,$,(#15383,#15905),#15374);
#16050=IFCRELDEFINESBYTYPE('1_Ue7ogBNN_2tV6SfJ0bLu',#18,$,$,(#15632),#15623);
#16051=IFCPRESENTATIONLAYERASSIGNMENT('A-GENM',$,(#2155,#2162,#9200,#9205,#9218,#9230,#9242,#9254,#9266,#9278,#9290,#9302,#9314,#9326,#9338,#9350,#9362,#9374,#9419,#9424,#9437,#9449,#9461,#9473,#9485,#9497,#9509,#9521,#9533,#9545,#9557,#9569,#9581,#9593,#9605,#9617,#9629,#9641,#9653,#9665,#9677,#9689,#9701,#9713,#9725,#9737,#9749,#9761,#9773,#9785,#9797,#9809,#9821,#9833,#9845,#9857,#9869,#9881,#9893,#9905,#9917,#9929,#9941,#9953,#9965,#9977,#9989,#10001,#10013,#10037,#10047,#10059,#10070,#10081,#10092,#10103,#10114,#10125,#10136,#10147,#10158,#10169,#10180,#10191,#10202,#10213,#10224,#10235,#10246,#10257,#10269,#10280,#10292,#10304,#10315,#10327,#10351,#10362,#10385,#10391,#10413,#10419,#10441,#10447,#10469,#10475,#10497,#10503,#10525,#10531,#10553,#10559,#10581,#10587,#10609,#10615,#10637,#10643,#10665,#10671,#10693,#10699,#10721,#10727,#10749,#10755,#10777,#10783,#10805,#10811,#10833,#10839,#10852,#10864,#10876,#10888,#10900,#10912,#10924,#10936,#10948,#10960,#10972,#10984,#10996,#11008,#11020,#11032,#11044,#11056,#11068,#11080,#11092,#11104,#11116,#11128,#11140,#11152,#11164,#11176,#11188,#11200,#11212,#11224,#11236,#11248,#11260,#11272,#11284,#11296,#11308,#11320,#11332,#11344,#11356,#11368,#11380,#11392,#11404,#11416,#11428,#11440,#11452,#11464,#11476,#11488,#11500,#11512,#11524,#11536,#11548,#11560,#11572,#11584,#11596,#11608,#11620,#11632,#11644,#11656,#11668,#11680,#11692,#11704,#11716,#11728,#11740,#11752,#11764,#11776,#11788,#11800,#11812,#11824,#11836,#11848,#11860,#11872,#11884,#11896,#11908,#11920,#11932,#14736,#14741,#14753,#14774,#14780,#14802,#14808,#14830,#14836,#14858,#14864,#14886,#14892,#14938,#14944,#14966,#14972,#14994,#15000,#15022,#15028,#15050,#15056,#15078,#15084,#15106,#15112,#15134,#15140,#15162,#15168,#15190,#15196,#15218,#15224,#15246,#15252,#15274,#15280,#15302,#15308,#15330,#15336,#15349,#15370,#15376,#15389,#15402,#15415,#15428,#15441,#15454,#15467,#15480,#15493,#15506,#15519,#15532,#15545,#15558,#15571,#15584,#15597,#15619,#15625,#15638,#15651,#15664,#15677,#15690,#15703,#15716,#15729,#15742,#15755,#15768,#15781,#15794,#15807,#15820,#15833,#15846,#15859,#15872,#15885,#15898,#15911,#15923,#15935),$);
#16052=IFCPRESENTATIONLAYERASSIGNMENT('A-FLOR',$,(#11973),$);
#16053=IFCPRESENTATIONLAYERASSIGNMENT('A-DETL-THIN',$,(#12010,#14912,#14924),$);
#16054=IFCPRESENTATIONLAYERASSIGNMENT('C-TOPO',$,(#12601),$);
#16055=IFCUNITASSIGNMENT((#19,#9398,#9399));
ENDSEC;

END-ISO-10303-21;